ISO-10303-21;
HEADER;
FILE_DESCRIPTION(('SolidDesigner STEP Export'),'2;1');
FILE_NAME('1808200.stp','2026-07-22T15:17:39',(''),(''),
'Creo Elements/Direct Modeling STEP processor for AP214 (Solid Model)',
'Creo Elements/Direct Modeling 20.1  10-Mar-2018 (C) Parametric Technolo
gy GmbH','');
FILE_SCHEMA(('AUTOMOTIVE_DESIGN { 1 0 10303 214 1 1 1 1 }'));
ENDSEC;
DATA;
#10=CARTESIAN_POINT('',(3.161205,-15.221698,-0.549999999999998));
#20=DIRECTION('',(0.707106781186547,0.707106781186548,-0.));
#30=DIRECTION('',(-0.707106781186548,0.707106781186547,0.));
#40=AXIS2_PLACEMENT_3D('',#10,#20,#30);
#50=PLANE('',#40);
#60=CARTESIAN_POINT('',(-5.97759,-6.082903,-0.55));
#70=DIRECTION('',(-0.707106781186548,0.707106781186547,0.));
#80=VECTOR('',#70,1.);
#90=LINE('',#60,#80);
#100=CARTESIAN_POINT('',(3.10262635623731,-15.1631193562373,-0.55));
#110=VERTEX_POINT('',#100);
#120=CARTESIAN_POINT('',(2.9197836437627,-14.9802766437627,
-0.549999999999998));
#130=VERTEX_POINT('',#120);
#140=EDGE_CURVE('',#110,#130,#90,.T.);
#150=ORIENTED_EDGE('',*,*,#140,.F.);
#160=CARTESIAN_POINT('',(2.91978364376269,-14.9802766437627,-0.55));
#170=DIRECTION('',(0.,0.,1.));
#180=VECTOR('',#170,1.);
#190=LINE('',#160,#180);
#200=CARTESIAN_POINT('',(2.9197836437627,-14.9802766437627,-1.6));
#210=VERTEX_POINT('',#200);
#220=EDGE_CURVE('',#210,#130,#190,.T.);
#230=ORIENTED_EDGE('',*,*,#220,.T.);
#240=CARTESIAN_POINT('',(-5.97759,-6.082903,-1.6));
#250=DIRECTION('',(0.707106781186548,-0.707106781186547,-0.));
#260=VECTOR('',#250,1.);
#270=LINE('',#240,#260);
#280=CARTESIAN_POINT('',(3.10262635623731,-15.1631193562373,-1.6));
#290=VERTEX_POINT('',#280);
#300=EDGE_CURVE('',#210,#290,#270,.T.);
#310=ORIENTED_EDGE('',*,*,#300,.F.);
#320=CARTESIAN_POINT('',(3.10262635623731,-15.1631193562373,
-0.599999999999999));
#330=DIRECTION('',(0.,0.,-1.));
#340=VECTOR('',#330,1.);
#350=LINE('',#320,#340);
#360=EDGE_CURVE('',#110,#290,#350,.T.);
#370=ORIENTED_EDGE('',*,*,#360,.T.);
#380=EDGE_LOOP('',(#370,#310,#230,#150));
#390=FACE_OUTER_BOUND('',#380,.T.);
#400=ADVANCED_FACE('',(#390),#50,.T.);
#410=COLOUR_RGB('',0.313725501298904,0.313725501298904,0.313725501298904
);
#420=FILL_AREA_STYLE_COLOUR('',#410);
#430=FILL_AREA_STYLE('',(#420));
#440=SURFACE_STYLE_FILL_AREA(#430);
#450=SURFACE_SIDE_STYLE('',(#440));
#460=SURFACE_STYLE_USAGE(.BOTH.,#450);
#470=PRESENTATION_STYLE_ASSIGNMENT((#460));
#480=CARTESIAN_POINT('',(4.461205,-15.7347326612075,0.330773311356566));
#490=DIRECTION('',(1.,0.,0.));
#500=DIRECTION('',(0.,1.,0.));
#510=AXIS2_PLACEMENT_3D('',#480,#490,#500);
#520=PLANE('',#510);
#530=CARTESIAN_POINT('',(4.461205,-13.3459620687119,-0.25));
#540=DIRECTION('',(1.,0.,0.));
#550=DIRECTION('',(0.,1.,0.));
#560=AXIS2_PLACEMENT_3D('',#530,#540,#550);
#570=CIRCLE('',#560,0.3);
#580=CARTESIAN_POINT('',(4.461205,-13.3459620687119,-0.55));
#590=VERTEX_POINT('',#580);
#600=CARTESIAN_POINT('',(4.461205,-13.133830034356,-0.462132034355967));
#610=VERTEX_POINT('',#600);
#620=EDGE_CURVE('',#590,#610,#570,.T.);
#630=ORIENTED_EDGE('',*,*,#620,.T.);
#640=CARTESIAN_POINT('',(4.461205,0.,-0.55));
#650=DIRECTION('',(0.,-1.,0.));
#660=VECTOR('',#650,1.);
#670=LINE('',#640,#660);
#680=CARTESIAN_POINT('',(4.46120499999999,-13.421698,-0.549999999999998)
);
#690=VERTEX_POINT('',#680);
#700=EDGE_CURVE('',#590,#690,#670,.T.);
#710=ORIENTED_EDGE('',*,*,#700,.F.);
#720=CARTESIAN_POINT('',(4.461205,-13.421698,7.5));
#730=DIRECTION('',(0.,0.,1.));
#740=VECTOR('',#730,1.);
#750=LINE('',#720,#740);
#760=CARTESIAN_POINT('',(4.461205,-13.421698,-0.0700717959187438));
#770=VERTEX_POINT('',#760);
#780=EDGE_CURVE('',#690,#770,#750,.T.);
#790=ORIENTED_EDGE('',*,*,#780,.F.);
#800=CARTESIAN_POINT('',(4.461205,0.,-0.0700717959187465));
#810=DIRECTION('',(0.,1.,0.));
#820=VECTOR('',#810,1.);
#830=LINE('',#800,#820);
#840=CARTESIAN_POINT('',(4.461205,-13.4204907710958,-0.0700717959187438)
);
#850=VERTEX_POINT('',#840);
#860=EDGE_CURVE('',#770,#850,#830,.T.);
#870=ORIENTED_EDGE('',*,*,#860,.F.);
#880=CARTESIAN_POINT('',(4.461205,0.,13.3504189751771));
#890=DIRECTION('',(0.,0.707106781186548,0.707106781186547));
#900=VECTOR('',#890,1.);
#910=LINE('',#880,#900);
#920=CARTESIAN_POINT('',(4.461205,-12.7016262040813,0.648792771095821));
#930=VERTEX_POINT('',#920);
#940=EDGE_CURVE('',#850,#930,#910,.T.);
#950=ORIENTED_EDGE('',*,*,#940,.F.);
#960=CARTESIAN_POINT('',(4.461205,-12.7016262040813,7.5));
#970=DIRECTION('',(0.,0.,-1.));
#980=VECTOR('',#970,1.);
#990=LINE('',#960,#980);
#1000=CARTESIAN_POINT('',(4.461205,-12.7016262040813,0.650000000000002))
;
#1010=VERTEX_POINT('',#1000);
#1020=EDGE_CURVE('',#1010,#930,#990,.T.);
#1030=ORIENTED_EDGE('',*,*,#1020,.T.);
#1040=CARTESIAN_POINT('',(4.461205,-12.4934046674904,0.650000000000006))
;
#1050=DIRECTION('',(0.,-1.,0.));
#1060=VECTOR('',#1050,1.);
#1070=LINE('',#1040,#1060);
#1080=CARTESIAN_POINT('',(4.461205,-12.221698,0.650000000000001));
#1090=VERTEX_POINT('',#1080);
#1100=EDGE_CURVE('',#1090,#1010,#1070,.T.);
#1110=ORIENTED_EDGE('',*,*,#1100,.T.);
#1120=CARTESIAN_POINT('',(4.461205,-12.221698,7.5));
#1130=DIRECTION('',(0.,0.,-1.));
#1140=VECTOR('',#1130,1.);
#1150=LINE('',#1120,#1140);
#1160=CARTESIAN_POINT('',(4.461205,-12.221698,0.574264068711927));
#1170=VERTEX_POINT('',#1160);
#1180=EDGE_CURVE('',#1090,#1170,#1150,.T.);
#1190=ORIENTED_EDGE('',*,*,#1180,.F.);
#1200=CARTESIAN_POINT('',(4.461205,-12.521698,0.574264068711927));
#1210=DIRECTION('',(1.,0.,0.));
#1220=DIRECTION('',(0.,1.,0.));
#1230=AXIS2_PLACEMENT_3D('',#1200,#1210,#1220);
#1240=CIRCLE('',#1230,0.3);
#1250=CARTESIAN_POINT('',(4.461205,-12.309565965644,0.362132034355963));
#1260=VERTEX_POINT('',#1250);
#1270=EDGE_CURVE('',#1260,#1170,#1240,.T.);
#1280=ORIENTED_EDGE('',*,*,#1270,.T.);
#1290=CARTESIAN_POINT('',(4.461205,-5.171698,7.5));
#1300=DIRECTION('',(0.,0.707106781186547,0.707106781186548));
#1310=VECTOR('',#1300,1.);
#1320=LINE('',#1290,#1310);
#1330=EDGE_CURVE('',#610,#1260,#1320,.T.);
#1340=ORIENTED_EDGE('',*,*,#1330,.T.);
#1350=EDGE_LOOP('',(#1340,#1280,#1190,#1110,#1030,#950,#870,#790,#710,
#630));
#1360=FACE_OUTER_BOUND('',#1350,.T.);
#1370=ADVANCED_FACE('',(#1360),#520,.T.);
#1380=COLOUR_RGB('',0.313725501298904,0.313725501298904,
0.313725501298904);
#1390=FILL_AREA_STYLE_COLOUR('',#1380);
#1400=FILL_AREA_STYLE('',(#1390));
#1410=SURFACE_STYLE_FILL_AREA(#1400);
#1420=SURFACE_SIDE_STYLE('',(#1410));
#1430=SURFACE_STYLE_USAGE(.BOTH.,#1420);
#1440=PRESENTATION_STYLE_ASSIGNMENT((#1430));
#1450=CARTESIAN_POINT('',(-0.938795,-13.421698,-0.549999999999998));
#1460=DIRECTION('',(-0.,0.,1.));
#1470=DIRECTION('',(0.,-1.,0.));
#1480=AXIS2_PLACEMENT_3D('',#1450,#1460,#1470);
#1490=PLANE('',#1480);
#1500=CARTESIAN_POINT('',(-3.038795,0.,-0.549999999999998));
#1510=DIRECTION('',(0.,1.,0.));
#1520=VECTOR('',#1510,1.);
#1530=LINE('',#1500,#1520);
#1540=CARTESIAN_POINT('',(-3.038795,-16.921698,-0.55));
#1550=VERTEX_POINT('',#1540);
#1560=CARTESIAN_POINT('',(-3.03879499999999,-13.3459620687119,
-0.549999999999998));
#1570=VERTEX_POINT('',#1560);
#1580=EDGE_CURVE('',#1550,#1570,#1530,.T.);
#1590=ORIENTED_EDGE('',*,*,#1580,.T.);
#1600=CARTESIAN_POINT('',(-5.97759,-16.921698,-0.55));
#1610=DIRECTION('',(-1.,0.,0.));
#1620=VECTOR('',#1610,1.);
#1630=LINE('',#1600,#1620);
#1640=CARTESIAN_POINT('',(4.461205,-16.921698,-0.549999999999998));
#1650=VERTEX_POINT('',#1640);
#1660=EDGE_CURVE('',#1650,#1550,#1630,.T.);
#1670=ORIENTED_EDGE('',*,*,#1660,.T.);
#1680=CARTESIAN_POINT('',(4.461205,0.,-0.55));
#1690=DIRECTION('',(0.,-1.,0.));
#1700=VECTOR('',#1690,1.);
#1710=LINE('',#1680,#1700);
#1720=CARTESIAN_POINT('',(4.461205,-16.021698,-0.549999999999998));
#1730=VERTEX_POINT('',#1720);
#1740=EDGE_CURVE('',#1730,#1650,#1710,.T.);
#1750=ORIENTED_EDGE('',*,*,#1740,.T.);
#1760=CARTESIAN_POINT('',(-11.560493,0.,-0.55));
#1770=DIRECTION('',(-0.707106781186548,0.707106781186548,0.));
#1780=VECTOR('',#1770,1.);
#1790=LINE('',#1760,#1780);
#1800=CARTESIAN_POINT('',(3.96120500000001,-15.521698,-0.549999999999998
));
#1810=VERTEX_POINT('',#1800);
#1820=EDGE_CURVE('',#1730,#1810,#1790,.T.);
#1830=ORIENTED_EDGE('',*,*,#1820,.F.);
#1840=CARTESIAN_POINT('',(3.96120500000001,0.,-0.55));
#1850=DIRECTION('',(0.,1.,0.));
#1860=VECTOR('',#1850,1.);
#1870=LINE('',#1840,#1860);
#1880=CARTESIAN_POINT('',(3.96120500000001,-13.921698,-0.549999999999998
));
#1890=VERTEX_POINT('',#1880);
#1900=EDGE_CURVE('',#1810,#1890,#1870,.T.);
#1910=ORIENTED_EDGE('',*,*,#1900,.F.);
#1920=CARTESIAN_POINT('',(17.882903,0.,-0.55));
#1930=DIRECTION('',(0.707106781186548,0.707106781186548,0.));
#1940=VECTOR('',#1930,1.);
#1950=LINE('',#1920,#1940);
#1960=EDGE_CURVE('',#1890,#690,#1950,.T.);
#1970=ORIENTED_EDGE('',*,*,#1960,.F.);
#1980=ORIENTED_EDGE('',*,*,#700,.T.);
#1990=CARTESIAN_POINT('',(-5.97759,-13.3459620687119,-0.55));
#2000=DIRECTION('',(1.,0.,0.));
#2010=VECTOR('',#2000,1.);
#2020=LINE('',#1990,#2010);
#2030=CARTESIAN_POINT('',(2.84631056099678,-13.3459620687119,-0.55));
#2040=VERTEX_POINT('',#2030);
#2050=EDGE_CURVE('',#2040,#590,#2020,.T.);
#2060=ORIENTED_EDGE('',*,*,#2050,.T.);
#2070=CARTESIAN_POINT('',(2.661205,-13.421698,-0.55));
#2080=DIRECTION('',(0.,0.,-1.));
#2090=DIRECTION('',(-1.,0.,0.));
#2100=AXIS2_PLACEMENT_3D('',#2070,#2080,#2090);
#2110=CIRCLE('',#2100,0.2);
#2120=CARTESIAN_POINT('',(2.861205,-13.421698,-0.549999999999998));
#2130=VERTEX_POINT('',#2120);
#2140=EDGE_CURVE('',#2040,#2130,#2110,.T.);
#2150=ORIENTED_EDGE('',*,*,#2140,.F.);
#2160=CARTESIAN_POINT('',(2.861205,0.,-0.55));
#2170=DIRECTION('',(0.,1.,0.));
#2180=VECTOR('',#2170,1.);
#2190=LINE('',#2160,#2180);
#2200=CARTESIAN_POINT('',(2.861205,-14.8388552875254,-0.549999999999998)
);
#2210=VERTEX_POINT('',#2200);
#2220=EDGE_CURVE('',#2210,#2130,#2190,.T.);
#2230=ORIENTED_EDGE('',*,*,#2220,.T.);
#2240=CARTESIAN_POINT('',(3.061205,-14.8388552875254,-0.55));
#2250=DIRECTION('',(0.,0.,1.));
#2260=DIRECTION('',(1.,0.,0.));
#2270=AXIS2_PLACEMENT_3D('',#2240,#2250,#2260);
#2280=CIRCLE('',#2270,0.2);
#2290=EDGE_CURVE('',#2210,#130,#2280,.T.);
#2300=ORIENTED_EDGE('',*,*,#2290,.F.);
#2310=ORIENTED_EDGE('',*,*,#140,.T.);
#2320=CARTESIAN_POINT('',(2.961205,-15.3045407124746,-0.55));
#2330=DIRECTION('',(0.,0.,-1.));
#2340=DIRECTION('',(-1.,0.,0.));
#2350=AXIS2_PLACEMENT_3D('',#2320,#2330,#2340);
#2360=CIRCLE('',#2350,0.2);
#2370=CARTESIAN_POINT('',(3.161205,-15.3045407124746,-0.55));
#2380=VERTEX_POINT('',#2370);
#2390=EDGE_CURVE('',#110,#2380,#2360,.T.);
#2400=ORIENTED_EDGE('',*,*,#2390,.F.);
#2410=CARTESIAN_POINT('',(3.161205,0.,-0.55));
#2420=DIRECTION('',(0.,1.,0.));
#2430=VECTOR('',#2420,1.);
#2440=LINE('',#2410,#2430);
#2450=CARTESIAN_POINT('',(3.161205,-16.621698,-0.549999999999998));
#2460=VERTEX_POINT('',#2450);
#2470=EDGE_CURVE('',#2460,#2380,#2440,.T.);
#2480=ORIENTED_EDGE('',*,*,#2470,.T.);
#2490=CARTESIAN_POINT('',(-5.97759,-16.621698,-0.55));
#2500=DIRECTION('',(1.,0.,0.));
#2510=VECTOR('',#2500,1.);
#2520=LINE('',#2490,#2510);
#2530=CARTESIAN_POINT('',(-0.938795,-16.621698,-0.549999999999998));
#2540=VERTEX_POINT('',#2530);
#2550=EDGE_CURVE('',#2540,#2460,#2520,.T.);
#2560=ORIENTED_EDGE('',*,*,#2550,.T.);
#2570=CARTESIAN_POINT('',(-0.938795,0.,-0.549999999999998));
#2580=DIRECTION('',(0.,-1.,0.));
#2590=VECTOR('',#2580,1.);
#2600=LINE('',#2570,#2590);
#2610=CARTESIAN_POINT('',(-0.938795,-15.621698,-0.549999999999998));
#2620=VERTEX_POINT('',#2610);
#2630=EDGE_CURVE('',#2620,#2540,#2600,.T.);
#2640=ORIENTED_EDGE('',*,*,#2630,.T.);
#2650=CARTESIAN_POINT('',(-5.97759,-15.621698,-0.549999999999998));
#2660=DIRECTION('',(1.,0.,0.));
#2670=VECTOR('',#2660,1.);
#2680=LINE('',#2650,#2670);
#2690=CARTESIAN_POINT('',(-1.838795,-15.621698,-0.549999999999998));
#2700=VERTEX_POINT('',#2690);
#2710=EDGE_CURVE('',#2700,#2620,#2680,.T.);
#2720=ORIENTED_EDGE('',*,*,#2710,.T.);
#2730=CARTESIAN_POINT('',(-1.838795,0.,-0.549999999999998));
#2740=DIRECTION('',(0.,1.,0.));
#2750=VECTOR('',#2740,1.);
#2760=LINE('',#2730,#2750);
#2770=CARTESIAN_POINT('',(-1.838795,-14.571698,-0.549999999999998));
#2780=VERTEX_POINT('',#2770);
#2790=EDGE_CURVE('',#2700,#2780,#2760,.T.);
#2800=ORIENTED_EDGE('',*,*,#2790,.F.);
#2810=CARTESIAN_POINT('',(-5.97759,-14.571698,-0.549999999999998));
#2820=DIRECTION('',(-1.,0.,0.));
#2830=VECTOR('',#2820,1.);
#2840=LINE('',#2810,#2830);
#2850=CARTESIAN_POINT('',(-0.938795,-14.571698,-0.549999999999998));
#2860=VERTEX_POINT('',#2850);
#2870=EDGE_CURVE('',#2860,#2780,#2840,.T.);
#2880=ORIENTED_EDGE('',*,*,#2870,.T.);
#2890=CARTESIAN_POINT('',(-0.938795,0.,-0.549999999999998));
#2900=DIRECTION('',(0.,-1.,0.));
#2910=VECTOR('',#2900,1.);
#2920=LINE('',#2890,#2910);
#2930=CARTESIAN_POINT('',(-0.938795000000002,-13.421698,
-0.549999999999998));
#2940=VERTEX_POINT('',#2930);
#2950=EDGE_CURVE('',#2940,#2860,#2920,.T.);
#2960=ORIENTED_EDGE('',*,*,#2950,.T.);
#2970=CARTESIAN_POINT('',(-0.738795000000001,-13.421698,
-0.549999999999998));
#2980=DIRECTION('',(0.,0.,-1.));
#2990=DIRECTION('',(-1.,0.,0.));
#3000=AXIS2_PLACEMENT_3D('',#2970,#2980,#2990);
#3010=CIRCLE('',#3000,0.2);
#3020=CARTESIAN_POINT('',(-0.923900560996774,-13.3459620687119,
-0.549999999999998));
#3030=VERTEX_POINT('',#3020);
#3040=EDGE_CURVE('',#2940,#3030,#3010,.T.);
#3050=ORIENTED_EDGE('',*,*,#3040,.F.);
#3060=CARTESIAN_POINT('',(-3.03879499999999,-13.3459620687119,
-0.549999999999998));
#3070=DIRECTION('',(1.,0.,0.));
#3080=VECTOR('',#3070,1.);
#3090=LINE('',#3060,#3080);
#3100=EDGE_CURVE('',#1570,#3030,#3090,.T.);
#3110=ORIENTED_EDGE('',*,*,#3100,.T.);
#3120=EDGE_LOOP('',(#3110,#3050,#2960,#2880,#2800,#2720,#2640,#2560,
#2480,#2400,#2310,#2300,#2230,#2150,#2060,#1980,#1970,#1910,#1830,#1750,
#1670,#1590));
#3130=FACE_OUTER_BOUND('',#3120,.T.);
#3140=ADVANCED_FACE('',(#3130),#1490,.F.);
#3150=COLOUR_RGB('',0.313725501298904,0.313725501298904,
0.313725501298904);
#3160=FILL_AREA_STYLE_COLOUR('',#3150);
#3170=FILL_AREA_STYLE('',(#3160));
#3180=SURFACE_STYLE_FILL_AREA(#3170);
#3190=SURFACE_SIDE_STYLE('',(#3180));
#3200=SURFACE_STYLE_USAGE(.BOTH.,#3190);
#3210=PRESENTATION_STYLE_ASSIGNMENT((#3200));
#3220=CARTESIAN_POINT('',(1.561205,-13.421698,-1.1));
#3230=DIRECTION('',(-1.,0.,0.));
#3240=DIRECTION('',(0.,-1.,0.));
#3250=AXIS2_PLACEMENT_3D('',#3220,#3230,#3240);
#3260=PLANE('',#3250);
#3270=CARTESIAN_POINT('',(1.561205,-13.3459620687119,-0.249999999999999)
);
#3280=DIRECTION('',(1.,0.,0.));
#3290=DIRECTION('',(0.,1.,0.));
#3300=AXIS2_PLACEMENT_3D('',#3270,#3280,#3290);
#3310=CIRCLE('',#3300,0.3);
#3320=CARTESIAN_POINT('',(1.561205,-13.3459620687119,-0.55));
#3330=VERTEX_POINT('',#3320);
#3340=CARTESIAN_POINT('',(1.561205,-13.221698,-0.523053916337335));
#3350=VERTEX_POINT('',#3340);
#3360=EDGE_CURVE('',#3330,#3350,#3310,.T.);
#3370=ORIENTED_EDGE('',*,*,#3360,.T.);
#3380=CARTESIAN_POINT('',(1.561205,0.,-0.549999999999998));
#3390=DIRECTION('',(0.,-1.,0.));
#3400=VECTOR('',#3390,1.);
#3410=LINE('',#3380,#3400);
#3420=CARTESIAN_POINT('',(1.561205,-15.721698,-0.549999999999998));
#3430=VERTEX_POINT('',#3420);
#3440=EDGE_CURVE('',#3330,#3430,#3410,.T.);
#3450=ORIENTED_EDGE('',*,*,#3440,.F.);
#3460=CARTESIAN_POINT('',(1.561205,-15.721698,7.5));
#3470=DIRECTION('',(0.,0.,1.));
#3480=VECTOR('',#3470,1.);
#3490=LINE('',#3460,#3480);
#3500=CARTESIAN_POINT('',(1.561205,-15.721698,-0.750000000000033));
#3510=VERTEX_POINT('',#3500);
#3520=EDGE_CURVE('',#3510,#3430,#3490,.T.);
#3530=ORIENTED_EDGE('',*,*,#3520,.T.);
#3540=CARTESIAN_POINT('',(1.561205,0.,-0.750000000000033));
#3550=DIRECTION('',(0.,1.,0.));
#3560=VECTOR('',#3550,1.);
#3570=LINE('',#3540,#3560);
#3580=CARTESIAN_POINT('',(1.561205,-13.221698,-0.750000000000033));
#3590=VERTEX_POINT('',#3580);
#3600=EDGE_CURVE('',#3510,#3590,#3570,.T.);
#3610=ORIENTED_EDGE('',*,*,#3600,.F.);
#3620=CARTESIAN_POINT('',(1.561205,-13.221698,7.5));
#3630=DIRECTION('',(0.,0.,1.));
#3640=VECTOR('',#3630,1.);
#3650=LINE('',#3620,#3640);
#3660=EDGE_CURVE('',#3590,#3350,#3650,.T.);
#3670=ORIENTED_EDGE('',*,*,#3660,.F.);
#3680=EDGE_LOOP('',(#3670,#3610,#3530,#3450,#3370));
#3690=FACE_OUTER_BOUND('',#3680,.T.);
#3700=ADVANCED_FACE('',(#3690),#3260,.T.);
#3710=COLOUR_RGB('',0.313725501298904,0.313725501298904,
0.313725501298904);
#3720=FILL_AREA_STYLE_COLOUR('',#3710);
#3730=FILL_AREA_STYLE('',(#3720));
#3740=SURFACE_STYLE_FILL_AREA(#3730);
#3750=SURFACE_SIDE_STYLE('',(#3740));
#3760=SURFACE_STYLE_USAGE(.BOTH.,#3750);
#3770=PRESENTATION_STYLE_ASSIGNMENT((#3760));
#3780=CARTESIAN_POINT('',(1.061205,-13.2712843797912,6.6220477828719));
#3790=DIRECTION('',(-1.,0.,0.));
#3800=DIRECTION('',(0.,-1.,0.));
#3810=AXIS2_PLACEMENT_3D('',#3780,#3790,#3800);
#3820=PLANE('',#3810);
#3830=CARTESIAN_POINT('',(1.061205,0.,1.85));
#3840=DIRECTION('',(0.,-1.,0.));
#3850=VECTOR('',#3840,1.);
#3860=LINE('',#3830,#3850);
#3870=CARTESIAN_POINT('',(1.061205,-14.321698,1.85));
#3880=VERTEX_POINT('',#3870);
#3890=CARTESIAN_POINT('',(1.061205,-15.121698,1.85));
#3900=VERTEX_POINT('',#3890);
#3910=EDGE_CURVE('',#3880,#3900,#3860,.T.);
#3920=ORIENTED_EDGE('',*,*,#3910,.T.);
#3930=CARTESIAN_POINT('',(1.061205,-14.321698,7.5));
#3940=DIRECTION('',(0.,0.,-1.));
#3950=VECTOR('',#3940,1.);
#3960=LINE('',#3930,#3950);
#3970=CARTESIAN_POINT('',(1.061205,-14.321698,1.25));
#3980=VERTEX_POINT('',#3970);
#3990=EDGE_CURVE('',#3880,#3980,#3960,.T.);
#4000=ORIENTED_EDGE('',*,*,#3990,.F.);
#4010=CARTESIAN_POINT('',(1.061205,0.,1.25));
#4020=DIRECTION('',(0.,-1.,0.));
#4030=VECTOR('',#4020,1.);
#4040=LINE('',#4010,#4030);
#4050=CARTESIAN_POINT('',(1.061205,-15.121698,1.25));
#4060=VERTEX_POINT('',#4050);
#4070=EDGE_CURVE('',#3980,#4060,#4040,.T.);
#4080=ORIENTED_EDGE('',*,*,#4070,.F.);
#4090=CARTESIAN_POINT('',(1.061205,-15.121698,7.5));
#4100=DIRECTION('',(0.,0.,1.));
#4110=VECTOR('',#4100,1.);
#4120=LINE('',#4090,#4110);
#4130=EDGE_CURVE('',#4060,#3900,#4120,.T.);
#4140=ORIENTED_EDGE('',*,*,#4130,.F.);
#4150=EDGE_LOOP('',(#4140,#4080,#4000,#3920));
#4160=FACE_BOUND('',#4150,.T.);
#4170=CARTESIAN_POINT('',(1.061205,-15.171698,1.2));
#4180=DIRECTION('',(1.,0.,0.));
#4190=DIRECTION('',(0.,1.,0.));
#4200=AXIS2_PLACEMENT_3D('',#4170,#4180,#4190);
#4210=CIRCLE('',#4200,0.2);
#4220=CARTESIAN_POINT('',(1.061205,-15.371698,1.2));
#4230=VERTEX_POINT('',#4220);
#4240=CARTESIAN_POINT('',(1.061205,-15.171698,1.));
#4250=VERTEX_POINT('',#4240);
#4260=EDGE_CURVE('',#4230,#4250,#4210,.T.);
#4270=ORIENTED_EDGE('',*,*,#4260,.F.);
#4280=CARTESIAN_POINT('',(1.061205,0.,1.));
#4290=DIRECTION('',(0.,-1.,0.));
#4300=VECTOR('',#4290,1.);
#4310=LINE('',#4280,#4300);
#4320=CARTESIAN_POINT('',(1.061205,-14.271698,1.));
#4330=VERTEX_POINT('',#4320);
#4340=EDGE_CURVE('',#4330,#4250,#4310,.T.);
#4350=ORIENTED_EDGE('',*,*,#4340,.T.);
#4360=CARTESIAN_POINT('',(1.061205,-14.271698,1.2));
#4370=DIRECTION('',(1.,0.,0.));
#4380=DIRECTION('',(0.,1.,0.));
#4390=AXIS2_PLACEMENT_3D('',#4360,#4370,#4380);
#4400=CIRCLE('',#4390,0.2);
#4410=CARTESIAN_POINT('',(1.061205,-14.071698,1.2));
#4420=VERTEX_POINT('',#4410);
#4430=EDGE_CURVE('',#4330,#4420,#4400,.T.);
#4440=ORIENTED_EDGE('',*,*,#4430,.F.);
#4450=CARTESIAN_POINT('',(1.061205,-14.071698,7.5));
#4460=DIRECTION('',(0.,0.,-1.));
#4470=VECTOR('',#4460,1.);
#4480=LINE('',#4450,#4470);
#4490=CARTESIAN_POINT('',(1.061205,-14.071698,1.9));
#4500=VERTEX_POINT('',#4490);
#4510=EDGE_CURVE('',#4500,#4420,#4480,.T.);
#4520=ORIENTED_EDGE('',*,*,#4510,.T.);
#4530=CARTESIAN_POINT('',(1.061205,-14.271698,1.9));
#4540=DIRECTION('',(1.,0.,0.));
#4550=DIRECTION('',(0.,1.,0.));
#4560=AXIS2_PLACEMENT_3D('',#4530,#4540,#4550);
#4570=CIRCLE('',#4560,0.2);
#4580=CARTESIAN_POINT('',(1.061205,-14.271698,2.1));
#4590=VERTEX_POINT('',#4580);
#4600=EDGE_CURVE('',#4500,#4590,#4570,.T.);
#4610=ORIENTED_EDGE('',*,*,#4600,.F.);
#4620=CARTESIAN_POINT('',(1.061205,0.,2.1));
#4630=DIRECTION('',(0.,1.,0.));
#4640=VECTOR('',#4630,1.);
#4650=LINE('',#4620,#4640);
#4660=CARTESIAN_POINT('',(1.061205,-15.171698,2.1));
#4670=VERTEX_POINT('',#4660);
#4680=EDGE_CURVE('',#4670,#4590,#4650,.T.);
#4690=ORIENTED_EDGE('',*,*,#4680,.T.);
#4700=CARTESIAN_POINT('',(1.061205,-15.171698,1.9));
#4710=DIRECTION('',(1.,0.,0.));
#4720=DIRECTION('',(0.,1.,0.));
#4730=AXIS2_PLACEMENT_3D('',#4700,#4710,#4720);
#4740=CIRCLE('',#4730,0.2);
#4750=CARTESIAN_POINT('',(1.061205,-15.371698,1.9));
#4760=VERTEX_POINT('',#4750);
#4770=EDGE_CURVE('',#4670,#4760,#4740,.T.);
#4780=ORIENTED_EDGE('',*,*,#4770,.F.);
#4790=CARTESIAN_POINT('',(1.061205,-15.371698,7.5));
#4800=DIRECTION('',(0.,0.,1.));
#4810=VECTOR('',#4800,1.);
#4820=LINE('',#4790,#4810);
#4830=EDGE_CURVE('',#4230,#4760,#4820,.T.);
#4840=ORIENTED_EDGE('',*,*,#4830,.T.);
#4850=EDGE_LOOP('',(#4840,#4780,#4690,#4610,#4520,#4440,#4350,#4270));
#4860=FACE_OUTER_BOUND('',#4850,.T.);
#4870=ADVANCED_FACE('',(#4160,#4860),#3820,.T.);
#4880=COLOUR_RGB('',0.313725501298904,0.313725501298904,
0.313725501298904);
#4890=FILL_AREA_STYLE_COLOUR('',#4880);
#4900=FILL_AREA_STYLE('',(#4890));
#4910=SURFACE_STYLE_FILL_AREA(#4900);
#4920=SURFACE_SIDE_STYLE('',(#4910));
#4930=SURFACE_STYLE_USAGE(.BOTH.,#4920);
#4940=PRESENTATION_STYLE_ASSIGNMENT((#4930));
#4950=CARTESIAN_POINT('',(0.961205000000002,-15.721698,8.75000000000002)
);
#4960=DIRECTION('',(0.,1.,-0.));
#4970=DIRECTION('',(-1.,0.,0.));
#4980=AXIS2_PLACEMENT_3D('',#4950,#4960,#4970);
#4990=PLANE('',#4980);
#5000=CARTESIAN_POINT('',(0.361205000000002,-15.721698,7.5));
#5010=DIRECTION('',(0.,0.,-1.));
#5020=VECTOR('',#5010,1.);
#5030=LINE('',#5000,#5020);
#5040=CARTESIAN_POINT('',(0.361205000000002,-15.721698,
-0.549999999999998));
#5050=VERTEX_POINT('',#5040);
#5060=CARTESIAN_POINT('',(0.361205000000002,-15.721698,
-0.750000000000033));
#5070=VERTEX_POINT('',#5060);
#5080=EDGE_CURVE('',#5050,#5070,#5030,.T.);
#5090=ORIENTED_EDGE('',*,*,#5080,.F.);
#5100=CARTESIAN_POINT('',(-5.97759,-15.721698,-0.750000000000033));
#5110=DIRECTION('',(1.,0.,0.));
#5120=VECTOR('',#5110,1.);
#5130=LINE('',#5100,#5120);
#5140=EDGE_CURVE('',#5070,#3510,#5130,.T.);
#5150=ORIENTED_EDGE('',*,*,#5140,.F.);
#5160=ORIENTED_EDGE('',*,*,#3520,.F.);
#5170=CARTESIAN_POINT('',(-5.97759,-15.721698,-0.549999999999998));
#5180=DIRECTION('',(1.,0.,0.));
#5190=VECTOR('',#5180,1.);
#5200=LINE('',#5170,#5190);
#5210=EDGE_CURVE('',#5050,#3430,#5200,.T.);
#5220=ORIENTED_EDGE('',*,*,#5210,.T.);
#5230=EDGE_LOOP('',(#5220,#5160,#5150,#5090));
#5240=FACE_OUTER_BOUND('',#5230,.T.);
#5250=ADVANCED_FACE('',(#5240),#4990,.T.);
#5260=COLOUR_RGB('',0.313725501298904,0.313725501298904,
0.313725501298904);
#5270=FILL_AREA_STYLE_COLOUR('',#5260);
#5280=FILL_AREA_STYLE('',(#5270));
#5290=SURFACE_STYLE_FILL_AREA(#5280);
#5300=SURFACE_SIDE_STYLE('',(#5290));
#5310=SURFACE_STYLE_USAGE(.BOTH.,#5300);
#5320=PRESENTATION_STYLE_ASSIGNMENT((#5310));
#5330=CARTESIAN_POINT('',(5.2112074,-15.121698,1.63819660112501));
#5340=DIRECTION('',(0.,-1.,0.));
#5350=DIRECTION('',(0.,0.,-1.));
#5360=AXIS2_PLACEMENT_3D('',#5330,#5340,#5350);
#5370=PLANE('',#5360);
#5380=CARTESIAN_POINT('',(1.761205,-15.121698,7.5));
#5390=DIRECTION('',(0.,0.,-1.));
#5400=VECTOR('',#5390,1.);
#5410=LINE('',#5380,#5400);
#5420=CARTESIAN_POINT('',(1.76120500000001,-15.121698,1.85));
#5430=VERTEX_POINT('',#5420);
#5440=CARTESIAN_POINT('',(1.76120500000001,-15.121698,1.25));
#5450=VERTEX_POINT('',#5440);
#5460=EDGE_CURVE('',#5430,#5450,#5410,.T.);
#5470=ORIENTED_EDGE('',*,*,#5460,.T.);
#5480=CARTESIAN_POINT('',(-5.97759,-15.121698,1.85));
#5490=DIRECTION('',(1.,0.,0.));
#5500=VECTOR('',#5490,1.);
#5510=LINE('',#5480,#5500);
#5520=EDGE_CURVE('',#3900,#5430,#5510,.T.);
#5530=ORIENTED_EDGE('',*,*,#5520,.T.);
#5540=ORIENTED_EDGE('',*,*,#4130,.T.);
#5550=CARTESIAN_POINT('',(-5.97759,-15.121698,1.25));
#5560=DIRECTION('',(1.,0.,0.));
#5570=VECTOR('',#5560,1.);
#5580=LINE('',#5550,#5570);
#5590=EDGE_CURVE('',#4060,#5450,#5580,.T.);
#5600=ORIENTED_EDGE('',*,*,#5590,.F.);
#5610=EDGE_LOOP('',(#5600,#5540,#5530,#5470));
#5620=FACE_OUTER_BOUND('',#5610,.T.);
#5630=ADVANCED_FACE('',(#5620),#5370,.F.);
#5640=COLOUR_RGB('',0.313725501298904,0.313725501298904,
0.313725501298904);
#5650=FILL_AREA_STYLE_COLOUR('',#5640);
#5660=FILL_AREA_STYLE('',(#5650));
#5670=SURFACE_STYLE_FILL_AREA(#5660);
#5680=SURFACE_SIDE_STYLE('',(#5670));
#5690=SURFACE_STYLE_USAGE(.BOTH.,#5680);
#5700=PRESENTATION_STYLE_ASSIGNMENT((#5690));
#5710=CARTESIAN_POINT('',(0.361205000000002,-13.221698,
-0.949999999999998));
#5720=DIRECTION('',(0.,1.,-0.));
#5730=DIRECTION('',(-1.,0.,0.));
#5740=AXIS2_PLACEMENT_3D('',#5710,#5720,#5730);
#5750=PLANE('',#5740);
#5760=CARTESIAN_POINT('',(-0.938795,-13.221698,-0.523053916337335));
#5770=DIRECTION('',(1.,0.,0.));
#5780=VECTOR('',#5770,1.);
#5790=LINE('',#5760,#5780);
#5800=CARTESIAN_POINT('',(-0.738795000001659,-13.221698,
-0.523053916337335));
#5810=VERTEX_POINT('',#5800);
#5820=CARTESIAN_POINT('',(0.361205000000002,-13.221698,
-0.523053916337335));
#5830=VERTEX_POINT('',#5820);
#5840=EDGE_CURVE('',#5810,#5830,#5790,.T.);
#5850=ORIENTED_EDGE('',*,*,#5840,.T.);
#5860=CARTESIAN_POINT('',(-0.738795000001647,-13.221698,
-0.599999999999999));
#5870=DIRECTION('',(0.,0.,-1.));
#5880=VECTOR('',#5870,1.);
#5890=LINE('',#5860,#5880);
#5900=CARTESIAN_POINT('',(-0.738795000001647,-13.221698,-1.6));
#5910=VERTEX_POINT('',#5900);
#5920=EDGE_CURVE('',#5810,#5910,#5890,.T.);
#5930=ORIENTED_EDGE('',*,*,#5920,.F.);
#5940=CARTESIAN_POINT('',(-5.97759,-13.221698,-1.6));
#5950=DIRECTION('',(1.,0.,0.));
#5960=VECTOR('',#5950,1.);
#5970=LINE('',#5940,#5960);
#5980=CARTESIAN_POINT('',(0.211205,-13.221698,-1.6));
#5990=VERTEX_POINT('',#5980);
#6000=EDGE_CURVE('',#5910,#5990,#5970,.T.);
#6010=ORIENTED_EDGE('',*,*,#6000,.F.);
#6020=CARTESIAN_POINT('',(9.311205,-13.221698,7.5));
#6030=DIRECTION('',(-0.707106781186548,0.,-0.707106781186548));
#6040=VECTOR('',#6030,1.);
#6050=LINE('',#6020,#6040);
#6060=CARTESIAN_POINT('',(0.361205000000002,-13.221698,-1.45));
#6070=VERTEX_POINT('',#6060);
#6080=EDGE_CURVE('',#6070,#5990,#6050,.T.);
#6090=ORIENTED_EDGE('',*,*,#6080,.T.);
#6100=CARTESIAN_POINT('',(0.361205000000002,-13.221698,
-0.649999999999999));
#6110=DIRECTION('',(0.,0.,-1.));
#6120=VECTOR('',#6110,1.);
#6130=LINE('',#6100,#6120);
#6140=CARTESIAN_POINT('',(0.361205000000002,-13.221698,-1.1));
#6150=VERTEX_POINT('',#6140);
#6160=EDGE_CURVE('',#6150,#6070,#6130,.T.);
#6170=ORIENTED_EDGE('',*,*,#6160,.T.);
#6180=CARTESIAN_POINT('',(10.8,-13.221698,-1.1));
#6190=DIRECTION('',(-1.,0.,0.));
#6200=VECTOR('',#6190,1.);
#6210=LINE('',#6180,#6200);
#6220=CARTESIAN_POINT('',(-0.388795000000012,-13.221698,-1.1));
#6230=VERTEX_POINT('',#6220);
#6240=EDGE_CURVE('',#6150,#6230,#6210,.T.);
#6250=ORIENTED_EDGE('',*,*,#6240,.F.);
#6260=CARTESIAN_POINT('',(-0.388794999999946,-13.221698,
-0.600000000000006));
#6270=DIRECTION('',(1.36187357687368E-13,0.,1.));
#6280=VECTOR('',#6270,1.);
#6290=LINE('',#6260,#6280);
#6300=CARTESIAN_POINT('',(-0.388794999999964,-13.221698,
-0.750000000000033));
#6310=VERTEX_POINT('',#6300);
#6320=EDGE_CURVE('',#6230,#6310,#6290,.T.);
#6330=ORIENTED_EDGE('',*,*,#6320,.F.);
#6340=CARTESIAN_POINT('',(-5.97759,-13.221698,-0.750000000000033));
#6350=DIRECTION('',(1.,0.,0.));
#6360=VECTOR('',#6350,1.);
#6370=LINE('',#6340,#6360);
#6380=CARTESIAN_POINT('',(0.361205000000002,-13.221698,
-0.750000000000033));
#6390=VERTEX_POINT('',#6380);
#6400=EDGE_CURVE('',#6310,#6390,#6370,.T.);
#6410=ORIENTED_EDGE('',*,*,#6400,.F.);
#6420=CARTESIAN_POINT('',(0.361205000000002,-13.221698,7.5));
#6430=DIRECTION('',(0.,0.,-1.));
#6440=VECTOR('',#6430,1.);
#6450=LINE('',#6420,#6440);
#6460=EDGE_CURVE('',#5830,#6390,#6450,.T.);
#6470=ORIENTED_EDGE('',*,*,#6460,.T.);
#6480=EDGE_LOOP('',(#6470,#6410,#6330,#6250,#6170,#6090,#6010,#5930,
#5850));
#6490=FACE_OUTER_BOUND('',#6480,.T.);
#6500=ADVANCED_FACE('',(#6490),#5750,.T.);
#6510=COLOUR_RGB('',0.313725501298904,0.313725501298904,
0.313725501298904);
#6520=FILL_AREA_STYLE_COLOUR('',#6510);
#6530=FILL_AREA_STYLE('',(#6520));
#6540=SURFACE_STYLE_FILL_AREA(#6530);
#6550=SURFACE_SIDE_STYLE('',(#6540));
#6560=SURFACE_STYLE_USAGE(.BOTH.,#6550);
#6570=PRESENTATION_STYLE_ASSIGNMENT((#6560));
#6580=CARTESIAN_POINT('',(0.361205000000002,-16.021698,-1.1));
#6590=DIRECTION('',(1.,0.,0.));
#6600=DIRECTION('',(0.,1.,0.));
#6610=AXIS2_PLACEMENT_3D('',#6580,#6590,#6600);
#6620=PLANE('',#6610);
#6630=ORIENTED_EDGE('',*,*,#6160,.F.);
#6640=CARTESIAN_POINT('',(0.361205000000002,-14.721698,-1.45));
#6650=DIRECTION('',(0.,1.,0.));
#6660=VECTOR('',#6650,1.);
#6670=LINE('',#6640,#6660);
#6680=CARTESIAN_POINT('',(0.361205,-16.221698,-1.45));
#6690=VERTEX_POINT('',#6680);
#6700=EDGE_CURVE('',#6690,#6070,#6670,.T.);
#6710=ORIENTED_EDGE('',*,*,#6700,.T.);
#6720=CARTESIAN_POINT('',(0.361205000000002,-16.221698,
-0.649999999999999));
#6730=DIRECTION('',(0.,0.,-1.));
#6740=VECTOR('',#6730,1.);
#6750=LINE('',#6720,#6740);
#6760=CARTESIAN_POINT('',(0.361205000000002,-16.221698,-1.1));
#6770=VERTEX_POINT('',#6760);
#6780=EDGE_CURVE('',#6770,#6690,#6750,.T.);
#6790=ORIENTED_EDGE('',*,*,#6780,.T.);
#6800=CARTESIAN_POINT('',(0.361205000000002,0.,-1.1));
#6810=DIRECTION('',(0.,1.,0.));
#6820=VECTOR('',#6810,1.);
#6830=LINE('',#6800,#6820);
#6840=EDGE_CURVE('',#6770,#6150,#6830,.T.);
#6850=ORIENTED_EDGE('',*,*,#6840,.F.);
#6860=EDGE_LOOP('',(#6850,#6790,#6710,#6630));
#6870=FACE_OUTER_BOUND('',#6860,.T.);
#6880=ADVANCED_FACE('',(#6870),#6620,.T.);
#6890=COLOUR_RGB('',0.313725501298904,0.313725501298904,
0.313725501298904);
#6900=FILL_AREA_STYLE_COLOUR('',#6890);
#6910=FILL_AREA_STYLE('',(#6900));
#6920=SURFACE_STYLE_FILL_AREA(#6910);
#6930=SURFACE_SIDE_STYLE('',(#6920));
#6940=SURFACE_STYLE_USAGE(.BOTH.,#6930);
#6950=PRESENTATION_STYLE_ASSIGNMENT((#6940));
#6960=CARTESIAN_POINT('',(0.286205000000002,-14.721698,-1.525));
#6970=DIRECTION('',(0.707106781186548,0.,-0.707106781186548));
#6980=DIRECTION('',(-0.707106781186548,0.,-0.707106781186548));
#6990=AXIS2_PLACEMENT_3D('',#6960,#6970,#6980);
#7000=PLANE('',#6990);
#7010=CARTESIAN_POINT('',(0.211205000000005,0.,-1.6));
#7020=DIRECTION('',(0.,1.,0.));
#7030=VECTOR('',#7020,1.);
#7040=LINE('',#7010,#7030);
#7050=CARTESIAN_POINT('',(0.211205000000001,-16.221698,-1.6));
#7060=VERTEX_POINT('',#7050);
#7070=EDGE_CURVE('',#7060,#5990,#7040,.T.);
#7080=ORIENTED_EDGE('',*,*,#7070,.T.);
#7090=CARTESIAN_POINT('',(9.311205,-16.221698,7.5));
#7100=DIRECTION('',(-0.707106781186548,0.,-0.707106781186548));
#7110=VECTOR('',#7100,1.);
#7120=LINE('',#7090,#7110);
#7130=EDGE_CURVE('',#6690,#7060,#7120,.T.);
#7140=ORIENTED_EDGE('',*,*,#7130,.T.);
#7150=ORIENTED_EDGE('',*,*,#6700,.F.);
#7160=ORIENTED_EDGE('',*,*,#6080,.F.);
#7170=EDGE_LOOP('',(#7160,#7150,#7140,#7080));
#7180=FACE_OUTER_BOUND('',#7170,.T.);
#7190=ADVANCED_FACE('',(#7180),#7000,.T.);
#7200=COLOUR_RGB('',0.313725501298904,0.313725501298904,
0.313725501298904);
#7210=FILL_AREA_STYLE_COLOUR('',#7200);
#7220=FILL_AREA_STYLE('',(#7210));
#7230=SURFACE_STYLE_FILL_AREA(#7220);
#7240=SURFACE_SIDE_STYLE('',(#7230));
#7250=SURFACE_STYLE_USAGE(.BOTH.,#7240);
#7260=PRESENTATION_STYLE_ASSIGNMENT((#7250));
#7270=CARTESIAN_POINT('',(-0.589536125786058,-14.97322027833,-1.6));
#7280=DIRECTION('',(0.,0.,-1.));
#7290=DIRECTION('',(-1.,0.,0.));
#7300=AXIS2_PLACEMENT_3D('',#7270,#7280,#7290);
#7310=PLANE('',#7300);
#7320=ORIENTED_EDGE('',*,*,#6000,.T.);
#7330=CARTESIAN_POINT('',(-0.738795000000001,-13.421698,-1.6));
#7340=DIRECTION('',(0.,0.,-1.));
#7350=DIRECTION('',(-1.,0.,0.));
#7360=AXIS2_PLACEMENT_3D('',#7330,#7340,#7350);
#7370=CIRCLE('',#7360,0.2);
#7380=CARTESIAN_POINT('',(-0.938795000000002,-13.421698,-1.6));
#7390=VERTEX_POINT('',#7380);
#7400=EDGE_CURVE('',#7390,#5910,#7370,.T.);
#7410=ORIENTED_EDGE('',*,*,#7400,.T.);
#7420=CARTESIAN_POINT('',(-0.938795,0.,-1.6));
#7430=DIRECTION('',(0.,-1.,0.));
#7440=VECTOR('',#7430,1.);
#7450=LINE('',#7420,#7440);
#7460=CARTESIAN_POINT('',(-0.938795,-16.221698,-1.6));
#7470=VERTEX_POINT('',#7460);
#7480=EDGE_CURVE('',#7390,#7470,#7450,.T.);
#7490=ORIENTED_EDGE('',*,*,#7480,.F.);
#7500=CARTESIAN_POINT('',(2.561205,-16.221698,-1.6));
#7510=DIRECTION('',(1.,0.,0.));
#7520=VECTOR('',#7510,1.);
#7530=LINE('',#7500,#7520);
#7540=EDGE_CURVE('',#7470,#7060,#7530,.T.);
#7550=ORIENTED_EDGE('',*,*,#7540,.F.);
#7560=ORIENTED_EDGE('',*,*,#7070,.F.);
#7570=EDGE_LOOP('',(#7560,#7550,#7490,#7410,#7320));
#7580=FACE_OUTER_BOUND('',#7570,.T.);
#7590=ADVANCED_FACE('',(#7580),#7310,.T.);
#7600=COLOUR_RGB('',0.313725501298904,0.313725501298904,
0.313725501298904);
#7610=FILL_AREA_STYLE_COLOUR('',#7600);
#7620=FILL_AREA_STYLE('',(#7610));
#7630=SURFACE_STYLE_FILL_AREA(#7620);
#7640=SURFACE_SIDE_STYLE('',(#7630));
#7650=SURFACE_STYLE_USAGE(.BOTH.,#7640);
#7660=PRESENTATION_STYLE_ASSIGNMENT((#7650));
#7670=CARTESIAN_POINT('',(-5.97759,-12.521698,0.574264068711927));
#7680=DIRECTION('',(1.,0.,0.));
#7690=DIRECTION('',(0.,1.,0.));
#7700=AXIS2_PLACEMENT_3D('',#7670,#7680,#7690);
#7710=CYLINDRICAL_SURFACE('',#7700,0.3);
#7720=ORIENTED_EDGE('',*,*,#1270,.F.);
#7730=CARTESIAN_POINT('',(-5.97759,-12.221698,0.574264068711927));
#7740=DIRECTION('',(1.,0.,0.));
#7750=VECTOR('',#7740,1.);
#7760=LINE('',#7730,#7750);
#7770=CARTESIAN_POINT('',(-3.038795,-12.221698,0.574264068711927));
#7780=VERTEX_POINT('',#7770);
#7790=EDGE_CURVE('',#7780,#1170,#7760,.T.);
#7800=ORIENTED_EDGE('',*,*,#7790,.T.);
#7810=CARTESIAN_POINT('',(-3.038795,-12.521698,0.574264068711927));
#7820=DIRECTION('',(1.,0.,0.));
#7830=DIRECTION('',(0.,1.,0.));
#7840=AXIS2_PLACEMENT_3D('',#7810,#7820,#7830);
#7850=CIRCLE('',#7840,0.3);
#7860=CARTESIAN_POINT('',(-3.038795,-12.309565965644,0.362132034355961))
;
#7870=VERTEX_POINT('',#7860);
#7880=EDGE_CURVE('',#7870,#7780,#7850,.T.);
#7890=ORIENTED_EDGE('',*,*,#7880,.T.);
#7900=CARTESIAN_POINT('',(-5.97759,-12.309565965644,0.362132034355963));
#7910=DIRECTION('',(1.,0.,0.));
#7920=VECTOR('',#7910,1.);
#7930=LINE('',#7900,#7920);
#7940=EDGE_CURVE('',#7870,#1260,#7930,.T.);
#7950=ORIENTED_EDGE('',*,*,#7940,.F.);
#7960=EDGE_LOOP('',(#7950,#7890,#7800,#7720));
#7970=FACE_OUTER_BOUND('',#7960,.T.);
#7980=ADVANCED_FACE('',(#7970),#7710,.T.);
#7990=COLOUR_RGB('',0.313725501298904,0.313725501298904,
0.313725501298904);
#8000=FILL_AREA_STYLE_COLOUR('',#7990);
#8010=FILL_AREA_STYLE('',(#8000));
#8020=SURFACE_STYLE_FILL_AREA(#8010);
#8030=SURFACE_SIDE_STYLE('',(#8020));
#8040=SURFACE_STYLE_USAGE(.BOTH.,#8030);
#8050=PRESENTATION_STYLE_ASSIGNMENT((#8040));
#8060=CARTESIAN_POINT('',(1.961205,-14.5306253459531,1.00047547736971));
#8070=DIRECTION('',(1.,0.,0.));
#8080=DIRECTION('',(0.,1.,0.));
#8090=AXIS2_PLACEMENT_3D('',#8060,#8070,#8080);
#8100=PLANE('',#8090);
#8110=CARTESIAN_POINT('',(1.961205,0.,1.25));
#8120=DIRECTION('',(0.,-1.,0.));
#8130=VECTOR('',#8120,1.);
#8140=LINE('',#8110,#8130);
#8150=CARTESIAN_POINT('',(1.961205,-15.321698,1.25));
#8160=VERTEX_POINT('',#8150);
#8170=CARTESIAN_POINT('',(1.961205,-15.521698,1.25));
#8180=VERTEX_POINT('',#8170);
#8190=EDGE_CURVE('',#8160,#8180,#8140,.T.);
#8200=ORIENTED_EDGE('',*,*,#8190,.F.);
#8210=CARTESIAN_POINT('',(1.961205,-15.521698,7.5));
#8220=DIRECTION('',(0.,0.,1.));
#8230=VECTOR('',#8220,1.);
#8240=LINE('',#8210,#8230);
#8250=CARTESIAN_POINT('',(1.961205,-15.521698,1.85));
#8260=VERTEX_POINT('',#8250);
#8270=EDGE_CURVE('',#8180,#8260,#8240,.T.);
#8280=ORIENTED_EDGE('',*,*,#8270,.F.);
#8290=CARTESIAN_POINT('',(1.961205,0.,1.85));
#8300=DIRECTION('',(0.,1.,0.));
#8310=VECTOR('',#8300,1.);
#8320=LINE('',#8290,#8310);
#8330=CARTESIAN_POINT('',(1.961205,-15.321698,1.85));
#8340=VERTEX_POINT('',#8330);
#8350=EDGE_CURVE('',#8260,#8340,#8320,.T.);
#8360=ORIENTED_EDGE('',*,*,#8350,.F.);
#8370=CARTESIAN_POINT('',(1.961205,-15.321698,0.466381153101082));
#8380=DIRECTION('',(0.,0.,-1.));
#8390=VECTOR('',#8380,1.);
#8400=LINE('',#8370,#8390);
#8410=EDGE_CURVE('',#8340,#8160,#8400,.T.);
#8420=ORIENTED_EDGE('',*,*,#8410,.F.);
#8430=EDGE_LOOP('',(#8420,#8360,#8280,#8200));
#8440=FACE_OUTER_BOUND('',#8430,.T.);
#8450=ADVANCED_FACE('',(#8440),#8100,.T.);
#8460=COLOUR_RGB('',0.313725501298904,0.313725501298904,
0.313725501298904);
#8470=FILL_AREA_STYLE_COLOUR('',#8460);
#8480=FILL_AREA_STYLE('',(#8470));
#8490=SURFACE_STYLE_FILL_AREA(#8480);
#8500=SURFACE_SIDE_STYLE('',(#8490));
#8510=SURFACE_STYLE_USAGE(.BOTH.,#8500);
#8520=PRESENTATION_STYLE_ASSIGNMENT((#8510));
#8530=CARTESIAN_POINT('',(-3.038795,-13.133830034356,-0.462132034355968)
);
#8540=DIRECTION('',(0.,0.707106781186548,-0.707106781186547));
#8550=DIRECTION('',(0.,0.707106781186547,0.707106781186548));
#8560=AXIS2_PLACEMENT_3D('',#8530,#8540,#8550);
#8570=PLANE('',#8560);
#8580=ORIENTED_EDGE('',*,*,#1330,.F.);
#8590=ORIENTED_EDGE('',*,*,#7940,.T.);
#8600=CARTESIAN_POINT('',(-3.038795,-5.171698,7.5));
#8610=DIRECTION('',(0.,0.707106781186547,0.707106781186548));
#8620=VECTOR('',#8610,1.);
#8630=LINE('',#8600,#8620);
#8640=CARTESIAN_POINT('',(-3.038795,-13.133830034356,-0.462132034355968)
);
#8650=VERTEX_POINT('',#8640);
#8660=EDGE_CURVE('',#8650,#7870,#8630,.T.);
#8670=ORIENTED_EDGE('',*,*,#8660,.T.);
#8680=CARTESIAN_POINT('',(-0.938804999999999,-13.133830034356,
-0.462132034355967));
#8690=DIRECTION('',(1.,0.,0.));
#8700=VECTOR('',#8690,1.);
#8710=LINE('',#8680,#8700);
#8720=EDGE_CURVE('',#8650,#610,#8710,.T.);
#8730=ORIENTED_EDGE('',*,*,#8720,.F.);
#8740=EDGE_LOOP('',(#8730,#8670,#8590,#8580));
#8750=FACE_OUTER_BOUND('',#8740,.T.);
#8760=ADVANCED_FACE('',(#8750),#8570,.T.);
#8770=COLOUR_RGB('',0.313725501298904,0.313725501298904,
0.313725501298904);
#8780=FILL_AREA_STYLE_COLOUR('',#8770);
#8790=FILL_AREA_STYLE('',(#8780));
#8800=SURFACE_STYLE_FILL_AREA(#8790);
#8810=SURFACE_SIDE_STYLE('',(#8800));
#8820=SURFACE_STYLE_USAGE(.BOTH.,#8810);
#8830=PRESENTATION_STYLE_ASSIGNMENT((#8820));
#8840=CARTESIAN_POINT('',(-1.238795,-16.221698,-0.949999999999998));
#8850=DIRECTION('',(0.,-1.,0.));
#8860=DIRECTION('',(1.,0.,0.));
#8870=AXIS2_PLACEMENT_3D('',#8840,#8850,#8860);
#8880=PLANE('',#8870);
#8890=CARTESIAN_POINT('',(-0.388794999999939,-16.221698,
-0.600000000000006));
#8900=DIRECTION('',(1.36187357687368E-13,0.,1.));
#8910=VECTOR('',#8900,1.);
#8920=LINE('',#8890,#8910);
#8930=CARTESIAN_POINT('',(-0.388795000000004,-16.221698,-1.1));
#8940=VERTEX_POINT('',#8930);
#8950=CARTESIAN_POINT('',(-0.388794999999956,-16.221698,
-0.750000000000033));
#8960=VERTEX_POINT('',#8950);
#8970=EDGE_CURVE('',#8940,#8960,#8920,.T.);
#8980=ORIENTED_EDGE('',*,*,#8970,.T.);
#8990=CARTESIAN_POINT('',(10.8,-16.221698,-1.1));
#9000=DIRECTION('',(-1.,0.,0.));
#9010=VECTOR('',#9000,1.);
#9020=LINE('',#8990,#9010);
#9030=EDGE_CURVE('',#6770,#8940,#9020,.T.);
#9040=ORIENTED_EDGE('',*,*,#9030,.T.);
#9050=ORIENTED_EDGE('',*,*,#6780,.F.);
#9060=ORIENTED_EDGE('',*,*,#7130,.F.);
#9070=ORIENTED_EDGE('',*,*,#7540,.T.);
#9080=CARTESIAN_POINT('',(-0.938795,-16.221698,7.5));
#9090=DIRECTION('',(0.,0.,1.));
#9100=VECTOR('',#9090,1.);
#9110=LINE('',#9080,#9100);
#9120=CARTESIAN_POINT('',(-0.938795,-16.221698,-0.750000000000035));
#9130=VERTEX_POINT('',#9120);
#9140=EDGE_CURVE('',#7470,#9130,#9110,.T.);
#9150=ORIENTED_EDGE('',*,*,#9140,.F.);
#9160=CARTESIAN_POINT('',(-4.97759,-16.221698,-0.750000000000033));
#9170=DIRECTION('',(1.,0.,0.));
#9180=VECTOR('',#9170,1.);
#9190=LINE('',#9160,#9180);
#9200=EDGE_CURVE('',#9130,#8960,#9190,.T.);
#9210=ORIENTED_EDGE('',*,*,#9200,.F.);
#9220=EDGE_LOOP('',(#9210,#9150,#9070,#9060,#9050,#9040,#8980));
#9230=FACE_OUTER_BOUND('',#9220,.T.);
#9240=ADVANCED_FACE('',(#9230),#8880,.T.);
#9250=COLOUR_RGB('',0.313725501298904,0.313725501298904,
0.313725501298904);
#9260=FILL_AREA_STYLE_COLOUR('',#9250);
#9270=FILL_AREA_STYLE('',(#9260));
#9280=SURFACE_STYLE_FILL_AREA(#9270);
#9290=SURFACE_SIDE_STYLE('',(#9280));
#9300=SURFACE_STYLE_USAGE(.BOTH.,#9290);
#9310=PRESENTATION_STYLE_ASSIGNMENT((#9300));
#9320=CARTESIAN_POINT('',(-0.0387950000000092,-11.7216956,-1.1));
#9330=DIRECTION('',(-0.,0.,-1.));
#9340=DIRECTION('',(-1.,-2.66453525910038E-15,0.));
#9350=AXIS2_PLACEMENT_3D('',#9320,#9330,#9340);
#9360=PLANE('',#9350);
#9370=CARTESIAN_POINT('',(-0.388795000000048,0.,-1.1));
#9380=DIRECTION('',(2.66453525910038E-15,-1.,-0.));
#9390=VECTOR('',#9380,1.);
#9400=LINE('',#9370,#9390);
#9410=EDGE_CURVE('',#6230,#8940,#9400,.T.);
#9420=ORIENTED_EDGE('',*,*,#9410,.T.);
#9430=ORIENTED_EDGE('',*,*,#6240,.T.);
#9440=ORIENTED_EDGE('',*,*,#6840,.T.);
#9450=ORIENTED_EDGE('',*,*,#9030,.F.);
#9460=EDGE_LOOP('',(#9450,#9440,#9430,#9420));
#9470=FACE_OUTER_BOUND('',#9460,.T.);
#9480=ADVANCED_FACE('',(#9470),#9360,.F.);
#9490=COLOUR_RGB('',0.313725501298904,0.313725501298904,
0.313725501298904);
#9500=FILL_AREA_STYLE_COLOUR('',#9490);
#9510=FILL_AREA_STYLE('',(#9500));
#9520=SURFACE_STYLE_FILL_AREA(#9510);
#9530=SURFACE_SIDE_STYLE('',(#9520));
#9540=SURFACE_STYLE_USAGE(.BOTH.,#9530);
#9550=PRESENTATION_STYLE_ASSIGNMENT((#9540));
#9560=CARTESIAN_POINT('',(-0.38879500000001,-11.7216956,
-1.04999999999995));
#9570=DIRECTION('',(-1.,-2.66453525910038E-15,1.36187357687368E-13));
#9580=DIRECTION('',(1.36187357687368E-13,3.62876016401708E-28,1.));
#9590=AXIS2_PLACEMENT_3D('',#9560,#9570,#9580);
#9600=PLANE('',#9590);
#9610=ORIENTED_EDGE('',*,*,#8970,.F.);
#9620=CARTESIAN_POINT('',(-0.388795,0.,-0.750000000000033));
#9630=DIRECTION('',(2.66453525910038E-15,-1.,-0.));
#9640=VECTOR('',#9630,1.);
#9650=LINE('',#9620,#9640);
#9660=EDGE_CURVE('',#6310,#8960,#9650,.T.);
#9670=ORIENTED_EDGE('',*,*,#9660,.T.);
#9680=ORIENTED_EDGE('',*,*,#6320,.T.);
#9690=ORIENTED_EDGE('',*,*,#9410,.F.);
#9700=EDGE_LOOP('',(#9690,#9680,#9670,#9610));
#9710=FACE_OUTER_BOUND('',#9700,.T.);
#9720=ADVANCED_FACE('',(#9710),#9600,.F.);
#9730=COLOUR_RGB('',0.313725501298904,0.313725501298904,
0.313725501298904);
#9740=FILL_AREA_STYLE_COLOUR('',#9730);
#9750=FILL_AREA_STYLE('',(#9740));
#9760=SURFACE_STYLE_FILL_AREA(#9750);
#9770=SURFACE_SIDE_STYLE('',(#9760));
#9780=SURFACE_STYLE_USAGE(.BOTH.,#9770);
#9790=PRESENTATION_STYLE_ASSIGNMENT((#9780));
#9800=CARTESIAN_POINT('',(4.4611174230476,-16.721698,-0.0700710316462603
));
#9810=DIRECTION('',(-0.00872653549837393,-0.,-0.999961923064171));
#9820=DIRECTION('',(0.,-1.,0.));
#9830=AXIS2_PLACEMENT_3D('',#9800,#9810,#9820);
#9840=PLANE('',#9830);
#9850=ORIENTED_EDGE('',*,*,#860,.T.);
#9860=CARTESIAN_POINT('',(17.882903,0.,-0.187201179892235));
#9870=DIRECTION('',(-0.707093318572324,-0.707093318572324,
0.00617070990690961));
#9880=VECTOR('',#9870,1.);
#9890=LINE('',#9860,#9880);
#9900=CARTESIAN_POINT('',(3.96120500000001,-13.921698,
-0.0657083620233667));
#9910=VERTEX_POINT('',#9900);
#9920=EDGE_CURVE('',#770,#9910,#9890,.T.);
#9930=ORIENTED_EDGE('',*,*,#9920,.F.);
#9940=CARTESIAN_POINT('',(3.961205,0.,-0.0657083620233667));
#9950=DIRECTION('',(0.,1.,0.));
#9960=VECTOR('',#9950,1.);
#9970=LINE('',#9940,#9960);
#9980=CARTESIAN_POINT('',(3.96120500000001,-13.4222981645938,
-0.0657083620233667));
#9990=VERTEX_POINT('',#9980);
#10000=EDGE_CURVE('',#9910,#9990,#9970,.T.);
#10010=ORIENTED_EDGE('',*,*,#10000,.F.);
#10020=CARTESIAN_POINT('',(-5.97759,-13.4582247915154,0.0210261879410893
));
#10030=DIRECTION('',(0.999955390531953,0.00361462574224423,
-0.00872647848982892));
#10040=VECTOR('',#10030,1.);
#10050=LINE('',#10020,#10040);
#10060=EDGE_CURVE('',#9990,#850,#10050,.T.);
#10070=ORIENTED_EDGE('',*,*,#10060,.F.);
#10080=EDGE_LOOP('',(#10070,#10010,#9930,#9850));
#10090=FACE_OUTER_BOUND('',#10080,.T.);
#10100=ADVANCED_FACE('',(#10090),#9840,.F.);
#10110=COLOUR_RGB('',0.313725501298904,0.313725501298904,
0.313725501298904);
#10120=FILL_AREA_STYLE_COLOUR('',#10110);
#10130=FILL_AREA_STYLE('',(#10120));
#10140=SURFACE_STYLE_FILL_AREA(#10130);
#10150=SURFACE_SIDE_STYLE('',(#10140));
#10160=SURFACE_STYLE_USAGE(.BOTH.,#10150);
#10170=PRESENTATION_STYLE_ASSIGNMENT((#10160));
#10180=CARTESIAN_POINT('',(-0.794030522586118,-13.3020282804032,
0.230330280403177));
#10190=DIRECTION('',(0.01234071497561,0.707052935342853,
-0.707052935342854));
#10200=DIRECTION('',(0.,-0.707106781186548,-0.707106781186547));
#10210=AXIS2_PLACEMENT_3D('',#10180,#10190,#10200);
#10220=PLANE('',#10210);
#10230=CARTESIAN_POINT('',(1.461205,0.,13.5717208452916));
#10240=DIRECTION('',(0.,0.707106781186548,0.707106781186547));
#10250=VECTOR('',#10240,1.);
#10260=LINE('',#10230,#10250);
#10270=CARTESIAN_POINT('',(1.461205,-12.8443920610436,0.727328784247956)
);
#10280=VERTEX_POINT('',#10270);
#10290=CARTESIAN_POINT('',(1.461205,-12.721698,0.850022845291614));
#10300=VERTEX_POINT('',#10290);
#10310=EDGE_CURVE('',#10280,#10300,#10260,.T.);
#10320=ORIENTED_EDGE('',*,*,#10310,.T.);
#10330=CARTESIAN_POINT('',(1.461205,-12.5449213047034,-0.226776695296637
));
#10340=DIRECTION('',(1.,0.,0.));
#10350=DIRECTION('',(0.,0.,1.));
#10360=AXIS2_PLACEMENT_3D('',#10330,#10340,#10350);
#10370=CONICAL_SURFACE('',#10360,1.,0.00872664625997165);
#10380=CARTESIAN_POINT('',(-3.03879499999999,-12.7913758818462,
0.701803153328535));
#10390=CARTESIAN_POINT('',(-2.66379414069883,-12.7956766219026,
0.70404757911319));
#10400=CARTESIAN_POINT('',(-2.28879347293256,-12.8000055538474,
0.706263809666521));
#10410=CARTESIAN_POINT('',(-1.91379301408428,-12.8043634783879,
0.708451043977646));
#10420=CARTESIAN_POINT('',(-1.53879255522471,-12.8087214029286,
0.710638278288837));
#10430=CARTESIAN_POINT('',(-1.16379230526146,-12.8131083195294,
0.712796516893971));
#10440=CARTESIAN_POINT('',(-0.788792281706586,-12.8175251060797,
0.714924881597882));
#10450=CARTESIAN_POINT('',(-0.413792258144445,-12.82194189263,
0.717053246301835));
#10460=CARTESIAN_POINT('',(-0.038792460964861,-12.8263885485077,
0.71915173772728));
#10470=CARTESIAN_POINT('',(0.336207092003535,-12.8308660374577,
0.721219391818009));
#10480=CARTESIAN_POINT('',(0.711206644974223,-12.8353435264077,
0.723287045908751));
#10490=CARTESIAN_POINT('',(1.0862059537645,-12.839851847704,
0.725323863391272));
#10500=CARTESIAN_POINT('',(1.461205,-12.8443920610437,0.72732878424792))
;
#10510=B_SPLINE_CURVE_WITH_KNOTS('',3,(#10380,#10390,#10400,#10410,
#10420,#10430,#10440,#10450,#10460,#10470,#10480,#10490,#10500),
.UNSPECIFIED.,.F.,.F.,(4,3,3,3,4),(0.,1.12509659150303,2.25019294019259,
3.37528902491816,4.50038483054495),.UNSPECIFIED.);
#10520=SURFACE_CURVE('',#10510,(#10220,#10370),.CURVE_3D.);
#10530=CARTESIAN_POINT('',(-3.038795,-12.7913758818473,0.701803153328179
));
#10540=VERTEX_POINT('',#10530);
#10550=EDGE_CURVE('',#10540,#10280,#10520,.T.);
#10560=ORIENTED_EDGE('',*,*,#10550,.T.);
#10570=CARTESIAN_POINT('',(-3.038795,0.,13.4931790351748));
#10580=DIRECTION('',(0.,0.707106781186548,0.707106781186547));
#10590=VECTOR('',#10580,1.);
#10600=LINE('',#10570,#10590);
#10610=CARTESIAN_POINT('',(-3.038795,-12.6824270949416,0.810751940233195
));
#10620=VERTEX_POINT('',#10610);
#10630=EDGE_CURVE('',#10540,#10620,#10600,.T.);
#10640=ORIENTED_EDGE('',*,*,#10630,.F.);
#10650=CARTESIAN_POINT('',(-5.97759,-12.6567806195124,0.785105464804055)
);
#10660=DIRECTION('',(0.99992385047757,-0.00872620324394422,
0.00872620324394422));
#10670=VECTOR('',#10660,1.);
#10680=LINE('',#10650,#10670);
#10690=EDGE_CURVE('',#10620,#10300,#10680,.T.);
#10700=ORIENTED_EDGE('',*,*,#10690,.F.);
#10710=EDGE_LOOP('',(#10700,#10640,#10560,#10320));
#10720=FACE_OUTER_BOUND('',#10710,.T.);
#10730=ADVANCED_FACE('',(#10720),#10220,.F.);
#10740=COLOUR_RGB('',0.313725501298904,0.313725501298904,
0.313725501298904);
#10750=FILL_AREA_STYLE_COLOUR('',#10740);
#10760=FILL_AREA_STYLE('',(#10750));
#10770=SURFACE_STYLE_FILL_AREA(#10760);
#10780=SURFACE_SIDE_STYLE('',(#10770));
#10790=SURFACE_STYLE_USAGE(.BOTH.,#10780);
#10800=PRESENTATION_STYLE_ASSIGNMENT((#10790));
#10810=ORIENTED_EDGE('',*,*,#6460,.F.);
#10820=CARTESIAN_POINT('',(0.361205000000002,0.,-0.750000000000033));
#10830=DIRECTION('',(0.,-1.,0.));
#10840=VECTOR('',#10830,1.);
#10850=LINE('',#10820,#10840);
#10860=EDGE_CURVE('',#6390,#5070,#10850,.T.);
#10870=ORIENTED_EDGE('',*,*,#10860,.F.);
#10880=ORIENTED_EDGE('',*,*,#5080,.T.);
#10890=CARTESIAN_POINT('',(0.361205000000002,0.,-0.549999999999998));
#10900=DIRECTION('',(0.,1.,0.));
#10910=VECTOR('',#10900,1.);
#10920=LINE('',#10890,#10910);
#10930=CARTESIAN_POINT('',(0.361205000000002,-13.3459620687119,-0.55));
#10940=VERTEX_POINT('',#10930);
#10950=EDGE_CURVE('',#5050,#10940,#10920,.T.);
#10960=ORIENTED_EDGE('',*,*,#10950,.F.);
#10970=CARTESIAN_POINT('',(0.361205000000002,-13.3459620687119,
-0.249999999999999));
#10980=DIRECTION('',(1.,0.,0.));
#10990=DIRECTION('',(0.,1.,0.));
#11000=AXIS2_PLACEMENT_3D('',#10970,#10980,#10990);
#11010=CIRCLE('',#11000,0.3);
#11020=EDGE_CURVE('',#10940,#5830,#11010,.T.);
#11030=ORIENTED_EDGE('',*,*,#11020,.F.);
#11040=EDGE_LOOP('',(#11030,#10960,#10880,#10870,#10810));
#11050=FACE_OUTER_BOUND('',#11040,.T.);
#11060=ADVANCED_FACE('',(#11050),#6620,.T.);
#11070=COLOUR_RGB('',0.313725501298904,0.313725501298904,
0.313725501298904);
#11080=FILL_AREA_STYLE_COLOUR('',#11070);
#11090=FILL_AREA_STYLE('',(#11080));
#11100=SURFACE_STYLE_FILL_AREA(#11090);
#11110=SURFACE_SIDE_STYLE('',(#11100));
#11120=SURFACE_STYLE_USAGE(.BOTH.,#11110);
#11130=PRESENTATION_STYLE_ASSIGNMENT((#11120));
#11140=CARTESIAN_POINT('',(-0.738795000000001,-13.421698,
-0.599999999999999));
#11150=DIRECTION('',(0.,0.,-1.));
#11160=DIRECTION('',(-1.,0.,0.));
#11170=AXIS2_PLACEMENT_3D('',#11140,#11150,#11160);
#11180=CYLINDRICAL_SURFACE('',#11170,0.2);
#11190=ORIENTED_EDGE('',*,*,#7400,.F.);
#11200=ORIENTED_EDGE('',*,*,#5920,.T.);
#11210=CARTESIAN_POINT('',(-0.938795,-13.3459620687119,
-0.249999999999999));
#11220=DIRECTION('',(1.,0.,0.));
#11230=DIRECTION('',(0.,1.,0.));
#11240=AXIS2_PLACEMENT_3D('',#11210,#11220,#11230);
#11250=CYLINDRICAL_SURFACE('',#11240,0.3);
#11260=CARTESIAN_POINT('',(-0.923900560994645,-13.3459620687067,
-0.549999999999999));
#11270=CARTESIAN_POINT('',(-0.922010484756691,-13.341342549063,
-0.549999999999919));
#11280=CARTESIAN_POINT('',(-0.919946843954736,-13.3367933418622,
-0.549893010830298));
#11290=CARTESIAN_POINT('',(-0.917722198539362,-13.3323388503685,
-0.54969052024041));
#11300=CARTESIAN_POINT('',(-0.915497528437166,-13.3278843094435,
-0.549488027403491));
#11310=CARTESIAN_POINT('',(-0.913112205859014,-13.3235250939459,
-0.549190128637238));
#11320=CARTESIAN_POINT('',(-0.910582305817994,-13.3192815874491,
-0.548811231247394));
#11330=CARTESIAN_POINT('',(-0.9055340448526,-13.3108139294955,
-0.548055164655028));
#11340=CARTESIAN_POINT('',(-0.899854506375374,-13.3027128058869,
-0.546967559774736));
#11350=CARTESIAN_POINT('',(-0.89359795868378,-13.2950644973915,
-0.545650870510619));
#11360=CARTESIAN_POINT('',(-0.887343459623496,-13.2874186932427,
-0.544334612380569));
#11370=CARTESIAN_POINT('',(-0.8805250430304,-13.280244610537,
-0.542792600592552));
#11380=CARTESIAN_POINT('',(-0.873254184029914,-13.2736414978458,
-0.541152425766352));
#11390=CARTESIAN_POINT('',(-0.869619116271121,-13.2703402700197,
-0.540332419955607));
#11400=CARTESIAN_POINT('',(-0.865872107564079,-13.2671819403622,
-0.539488263322828));
#11410=CARTESIAN_POINT('',(-0.862029406123951,-13.264175680479,
-0.538636426495014));
#11420=CARTESIAN_POINT('',(-0.858189954693291,-13.2611719631751,
-0.537785310118111));
#11430=CARTESIAN_POINT('',(-0.854246665426911,-13.258312437019,
-0.53692456398667));
#11440=CARTESIAN_POINT('',(-0.850183820674291,-13.2555880044283,
-0.536063853894371));
#11450=CARTESIAN_POINT('',(-0.842062171355839,-13.2501418484857,
-0.534343289619796));
#11460=CARTESIAN_POINT('',(-0.833502455396663,-13.2452689339441,
-0.532632596115383));
#11470=CARTESIAN_POINT('',(-0.824619476027272,-13.2410487284411,
-0.531057273583067));
#11480=CARTESIAN_POINT('',(-0.820178436587853,-13.2389388395962,
-0.530269692164166));
#11490=CARTESIAN_POINT('',(-0.815657811178061,-13.236992087968,
-0.529516005770556));
#11500=CARTESIAN_POINT('',(-0.811074202038384,-13.2352155156947,
-0.528810331578573));
#11510=CARTESIAN_POINT('',(-0.80649047212436,-13.2334388966101,
-0.528104638792653));
#11520=CARTESIAN_POINT('',(-0.801844420487185,-13.2318326741336,
-0.527447089989557));
#11530=CARTESIAN_POINT('',(-0.797151658786411,-13.2304011093423,
-0.526849534349583));
#11540=CARTESIAN_POINT('',(-0.79245687898633,-13.2289689289136,
-0.526251721733718));
#11550=CARTESIAN_POINT('',(-0.787695256197499,-13.227705564766,
-0.525711447645899));
#11560=CARTESIAN_POINT('',(-0.78288704037966,-13.2266188058886,
-0.525240232558176));
#11570=CARTESIAN_POINT('',(-0.778078816899138,-13.2255320452793,
-0.524769016719494));
#11580=CARTESIAN_POINT('',(-0.773224497100762,-13.2246220067546,
-0.524366955173464));
#11590=CARTESIAN_POINT('',(-0.768345348853365,-13.2238931040038,
-0.524042273864598));
#11600=CARTESIAN_POINT('',(-0.763466589996933,-13.2231642594247,
-0.523717618467626));
#11610=CARTESIAN_POINT('',(-0.758549453932776,-13.2226145428883,
-0.523469467683628));
#11620=CARTESIAN_POINT('',(-0.753617213774774,-13.2222480013066,
-0.523303548323139));
#11630=CARTESIAN_POINT('',(-0.748683586401329,-13.2218813566332,
-0.523137582297059));
#11640=CARTESIAN_POINT('',(-0.743742164273414,-13.2216980000042,
-0.523053916351032));
#11650=CARTESIAN_POINT('',(-0.738794999998593,-13.2216980000043,
-0.523053916351048));
#11660=B_SPLINE_CURVE_WITH_KNOTS('',3,(#11260,#11270,#11280,#11290,
#11300,#11310,#11320,#11330,#11340,#11350,#11360,#11370,#11380,#11390,
#11400,#11410,#11420,#11430,#11440,#11450,#11460,#11470,#11480,#11490,
#11500,#11510,#11520,#11530,#11540,#11550,#11560,#11570,#11580,#11590,
#11600,#11610,#11620,#11630,#11640,#11650),.UNSPECIFIED.,.F.,.F.,(4,3,3,
3,3,3,3,3,3,3,3,3,3,4),(0.,0.0149664703839685,0.0298785281871133,
0.0596569469163345,0.0895688808442703,0.104469401713122,
0.119328062075449,0.149187291726046,0.164108856953216,0.178973817609668,
0.193822595982937,0.208669862152789,0.223512018798493,0.238350629680648)
,.UNSPECIFIED.);
#11670=SURFACE_CURVE('',#11660,(#11250,#11180),.CURVE_3D.);
#11680=EDGE_CURVE('',#3030,#5810,#11670,.T.);
#11690=ORIENTED_EDGE('',*,*,#11680,.T.);
#11700=ORIENTED_EDGE('',*,*,#3040,.T.);
#11710=CARTESIAN_POINT('',(-0.938795000000002,-13.421698,
-0.599999999999999));
#11720=DIRECTION('',(0.,0.,-1.));
#11730=VECTOR('',#11720,1.);
#11740=LINE('',#11710,#11730);
#11750=EDGE_CURVE('',#2940,#7390,#11740,.T.);
#11760=ORIENTED_EDGE('',*,*,#11750,.F.);
#11770=EDGE_LOOP('',(#11760,#11700,#11690,#11200,#11190));
#11780=FACE_OUTER_BOUND('',#11770,.T.);
#11790=ADVANCED_FACE('',(#11780),#11180,.T.);
#11800=COLOUR_RGB('',0.313725501298904,0.313725501298904,
0.313725501298904);
#11810=FILL_AREA_STYLE_COLOUR('',#11800);
#11820=FILL_AREA_STYLE('',(#11810));
#11830=SURFACE_STYLE_FILL_AREA(#11820);
#11840=SURFACE_SIDE_STYLE('',(#11830));
#11850=SURFACE_STYLE_USAGE(.BOTH.,#11840);
#11860=PRESENTATION_STYLE_ASSIGNMENT((#11850));
#11870=CARTESIAN_POINT('',(3.661205,-13.921698,4.35));
#11880=DIRECTION('',(-0.,1.,0.));
#11890=DIRECTION('',(1.,0.,0.));
#11900=AXIS2_PLACEMENT_3D('',#11870,#11880,#11890);
#11910=PLANE('',#11900);
#11920=CARTESIAN_POINT('',(-5.97759,-13.921698,1.25));
#11930=DIRECTION('',(1.,0.,0.));
#11940=VECTOR('',#11930,1.);
#11950=LINE('',#11920,#11940);
#11960=CARTESIAN_POINT('',(1.961205,-13.921698,1.25));
#11970=VERTEX_POINT('',#11960);
#11980=CARTESIAN_POINT('',(3.811205,-13.921698,1.25));
#11990=VERTEX_POINT('',#11980);
#12000=EDGE_CURVE('',#11970,#11990,#11950,.T.);
#12010=ORIENTED_EDGE('',*,*,#12000,.T.);
#12020=CARTESIAN_POINT('',(1.961205,-13.921698,7.5));
#12030=DIRECTION('',(0.,0.,1.));
#12040=VECTOR('',#12030,1.);
#12050=LINE('',#12020,#12040);
#12060=CARTESIAN_POINT('',(1.961205,-13.921698,1.85));
#12070=VERTEX_POINT('',#12060);
#12080=EDGE_CURVE('',#11970,#12070,#12050,.T.);
#12090=ORIENTED_EDGE('',*,*,#12080,.F.);
#12100=CARTESIAN_POINT('',(-5.97759,-13.921698,1.85));
#12110=DIRECTION('',(1.,0.,0.));
#12120=VECTOR('',#12110,1.);
#12130=LINE('',#12100,#12120);
#12140=CARTESIAN_POINT('',(3.811205,-13.921698,1.85));
#12150=VERTEX_POINT('',#12140);
#12160=EDGE_CURVE('',#12070,#12150,#12130,.T.);
#12170=ORIENTED_EDGE('',*,*,#12160,.F.);
#12180=CARTESIAN_POINT('',(3.811205,-13.921698,1.4));
#12190=DIRECTION('',(0.,0.,1.));
#12200=VECTOR('',#12190,1.);
#12210=LINE('',#12180,#12200);
#12220=EDGE_CURVE('',#11990,#12150,#12210,.T.);
#12230=ORIENTED_EDGE('',*,*,#12220,.T.);
#12240=EDGE_LOOP('',(#12230,#12170,#12090,#12010));
#12250=FACE_OUTER_BOUND('',#12240,.T.);
#12260=ADVANCED_FACE('',(#12250),#11910,.F.);
#12270=COLOUR_RGB('',0.313725501298904,0.313725501298904,
0.313725501298904);
#12280=FILL_AREA_STYLE_COLOUR('',#12270);
#12290=FILL_AREA_STYLE('',(#12280));
#12300=SURFACE_STYLE_FILL_AREA(#12290);
#12310=SURFACE_SIDE_STYLE('',(#12300));
#12320=SURFACE_STYLE_USAGE(.BOTH.,#12310);
#12330=PRESENTATION_STYLE_ASSIGNMENT((#12320));
#12340=ORIENTED_EDGE('',*,*,#3660,.T.);
#12350=CARTESIAN_POINT('',(-5.97759,-13.221698,-0.750000000000033));
#12360=DIRECTION('',(1.,0.,0.));
#12370=VECTOR('',#12360,1.);
#12380=LINE('',#12350,#12370);
#12390=CARTESIAN_POINT('',(2.311205,-13.221698,-0.750000000000033));
#12400=VERTEX_POINT('',#12390);
#12410=EDGE_CURVE('',#3590,#12400,#12380,.T.);
#12420=ORIENTED_EDGE('',*,*,#12410,.F.);
#12430=CARTESIAN_POINT('',(2.311205,-13.221698,-0.599999999999999));
#12440=DIRECTION('',(0.,0.,-1.));
#12450=VECTOR('',#12440,1.);
#12460=LINE('',#12430,#12450);
#12470=CARTESIAN_POINT('',(2.311205,-13.221698,-1.1));
#12480=VERTEX_POINT('',#12470);
#12490=EDGE_CURVE('',#12400,#12480,#12460,.T.);
#12500=ORIENTED_EDGE('',*,*,#12490,.F.);
#12510=CARTESIAN_POINT('',(10.8,-13.221698,-1.1));
#12520=DIRECTION('',(-1.,0.,0.));
#12530=VECTOR('',#12520,1.);
#12540=LINE('',#12510,#12530);
#12550=CARTESIAN_POINT('',(1.561205,-13.221698,-1.1));
#12560=VERTEX_POINT('',#12550);
#12570=EDGE_CURVE('',#12480,#12560,#12540,.T.);
#12580=ORIENTED_EDGE('',*,*,#12570,.F.);
#12590=CARTESIAN_POINT('',(1.561205,-13.221698,-1.1));
#12600=DIRECTION('',(0.,0.,-1.));
#12610=VECTOR('',#12600,1.);
#12620=LINE('',#12590,#12610);
#12630=CARTESIAN_POINT('',(1.561205,-13.221698,-1.45));
#12640=VERTEX_POINT('',#12630);
#12650=EDGE_CURVE('',#12560,#12640,#12620,.T.);
#12660=ORIENTED_EDGE('',*,*,#12650,.F.);
#12670=CARTESIAN_POINT('',(-7.388795,-13.221698,7.5));
#12680=DIRECTION('',(0.707106781186548,0.,-0.707106781186548));
#12690=VECTOR('',#12680,1.);
#12700=LINE('',#12670,#12690);
#12710=CARTESIAN_POINT('',(1.71120500000001,-13.221698,-1.6));
#12720=VERTEX_POINT('',#12710);
#12730=EDGE_CURVE('',#12640,#12720,#12700,.T.);
#12740=ORIENTED_EDGE('',*,*,#12730,.F.);
#12750=CARTESIAN_POINT('',(-5.97759,-13.221698,-1.6));
#12760=DIRECTION('',(1.,0.,0.));
#12770=VECTOR('',#12760,1.);
#12780=LINE('',#12750,#12770);
#12790=CARTESIAN_POINT('',(2.661205,-13.221698,-1.6));
#12800=VERTEX_POINT('',#12790);
#12810=EDGE_CURVE('',#12720,#12800,#12780,.T.);
#12820=ORIENTED_EDGE('',*,*,#12810,.F.);
#12830=CARTESIAN_POINT('',(2.661205,-13.221698,-0.599999999999999));
#12840=DIRECTION('',(0.,0.,-1.));
#12850=VECTOR('',#12840,1.);
#12860=LINE('',#12830,#12850);
#12870=CARTESIAN_POINT('',(2.661205,-13.221698,-0.523053916337335));
#12880=VERTEX_POINT('',#12870);
#12890=EDGE_CURVE('',#12880,#12800,#12860,.T.);
#12900=ORIENTED_EDGE('',*,*,#12890,.T.);
#12910=CARTESIAN_POINT('',(-0.938795,-13.221698,-0.523053916337335));
#12920=DIRECTION('',(1.,0.,0.));
#12930=VECTOR('',#12920,1.);
#12940=LINE('',#12910,#12930);
#12950=EDGE_CURVE('',#3350,#12880,#12940,.T.);
#12960=ORIENTED_EDGE('',*,*,#12950,.T.);
#12970=EDGE_LOOP('',(#12960,#12900,#12820,#12740,#12660,#12580,#12500,
#12420,#12340));
#12980=FACE_OUTER_BOUND('',#12970,.T.);
#12990=ADVANCED_FACE('',(#12980),#5750,.T.);
#13000=COLOUR_RGB('',0.313725501298904,0.313725501298904,
0.313725501298904);
#13010=FILL_AREA_STYLE_COLOUR('',#13000);
#13020=FILL_AREA_STYLE('',(#13010));
#13030=SURFACE_STYLE_FILL_AREA(#13020);
#13040=SURFACE_SIDE_STYLE('',(#13030));
#13050=SURFACE_STYLE_USAGE(.BOTH.,#13040);
#13060=PRESENTATION_STYLE_ASSIGNMENT((#13050));
#13070=CARTESIAN_POINT('',(1.711205,0.,-1.6));
#13080=DIRECTION('',(0.,1.,0.));
#13090=VECTOR('',#13080,1.);
#13100=LINE('',#13070,#13090);
#13110=CARTESIAN_POINT('',(1.71120500000001,-16.221698,-1.6));
#13120=VERTEX_POINT('',#13110);
#13130=EDGE_CURVE('',#13120,#12720,#13100,.T.);
#13140=ORIENTED_EDGE('',*,*,#13130,.T.);
#13150=CARTESIAN_POINT('',(2.561205,-16.221698,-1.6));
#13160=DIRECTION('',(1.,0.,0.));
#13170=VECTOR('',#13160,1.);
#13180=LINE('',#13150,#13170);
#13190=CARTESIAN_POINT('',(3.161205,-16.221698,-1.6));
#13200=VERTEX_POINT('',#13190);
#13210=EDGE_CURVE('',#13120,#13200,#13180,.T.);
#13220=ORIENTED_EDGE('',*,*,#13210,.F.);
#13230=CARTESIAN_POINT('',(3.161205,0.,-1.6));
#13240=DIRECTION('',(0.,-1.,0.));
#13250=VECTOR('',#13240,1.);
#13260=LINE('',#13230,#13250);
#13270=CARTESIAN_POINT('',(3.161205,-15.3045407124746,-1.6));
#13280=VERTEX_POINT('',#13270);
#13290=EDGE_CURVE('',#13280,#13200,#13260,.T.);
#13300=ORIENTED_EDGE('',*,*,#13290,.T.);
#13310=CARTESIAN_POINT('',(2.961205,-15.3045407124746,-1.6));
#13320=DIRECTION('',(0.,0.,-1.));
#13330=DIRECTION('',(-1.,0.,0.));
#13340=AXIS2_PLACEMENT_3D('',#13310,#13320,#13330);
#13350=CIRCLE('',#13340,0.2);
#13360=EDGE_CURVE('',#290,#13280,#13350,.T.);
#13370=ORIENTED_EDGE('',*,*,#13360,.T.);
#13380=ORIENTED_EDGE('',*,*,#300,.T.);
#13390=CARTESIAN_POINT('',(3.061205,-14.8388552875254,-1.6));
#13400=DIRECTION('',(0.,0.,1.));
#13410=DIRECTION('',(1.,0.,0.));
#13420=AXIS2_PLACEMENT_3D('',#13390,#13400,#13410);
#13430=CIRCLE('',#13420,0.2);
#13440=CARTESIAN_POINT('',(2.861205,-14.8388552875254,-1.6));
#13450=VERTEX_POINT('',#13440);
#13460=EDGE_CURVE('',#13450,#210,#13430,.T.);
#13470=ORIENTED_EDGE('',*,*,#13460,.T.);
#13480=CARTESIAN_POINT('',(2.861205,0.,-1.6));
#13490=DIRECTION('',(0.,-1.,0.));
#13500=VECTOR('',#13490,1.);
#13510=LINE('',#13480,#13500);
#13520=CARTESIAN_POINT('',(2.861205,-13.421698,-1.6));
#13530=VERTEX_POINT('',#13520);
#13540=EDGE_CURVE('',#13530,#13450,#13510,.T.);
#13550=ORIENTED_EDGE('',*,*,#13540,.T.);
#13560=CARTESIAN_POINT('',(2.661205,-13.421698,-1.6));
#13570=DIRECTION('',(0.,0.,-1.));
#13580=DIRECTION('',(-1.,0.,0.));
#13590=AXIS2_PLACEMENT_3D('',#13560,#13570,#13580);
#13600=CIRCLE('',#13590,0.2);
#13610=EDGE_CURVE('',#12800,#13530,#13600,.T.);
#13620=ORIENTED_EDGE('',*,*,#13610,.T.);
#13630=ORIENTED_EDGE('',*,*,#12810,.T.);
#13640=EDGE_LOOP('',(#13630,#13620,#13550,#13470,#13380,#13370,#13300,
#13220,#13140));
#13650=FACE_OUTER_BOUND('',#13640,.T.);
#13660=ADVANCED_FACE('',(#13650),#7310,.T.);
#13670=COLOUR_RGB('',0.313725501298904,0.313725501298904,
0.313725501298904);
#13680=FILL_AREA_STYLE_COLOUR('',#13670);
#13690=FILL_AREA_STYLE('',(#13680));
#13700=SURFACE_STYLE_FILL_AREA(#13690);
#13710=SURFACE_SIDE_STYLE('',(#13700));
#13720=SURFACE_STYLE_USAGE(.BOTH.,#13710);
#13730=PRESENTATION_STYLE_ASSIGNMENT((#13720));
#13740=CARTESIAN_POINT('',(2.961205,-15.3045407124746,-0.599999999999999
));
#13750=DIRECTION('',(0.,0.,-1.));
#13760=DIRECTION('',(-1.,0.,0.));
#13770=AXIS2_PLACEMENT_3D('',#13740,#13750,#13760);
#13780=CYLINDRICAL_SURFACE('',#13770,0.2);
#13790=CARTESIAN_POINT('',(3.161205,-15.3045407124746,-0.599999999999999
));
#13800=DIRECTION('',(0.,0.,-1.));
#13810=VECTOR('',#13800,1.);
#13820=LINE('',#13790,#13810);
#13830=EDGE_CURVE('',#2380,#13280,#13820,.T.);
#13840=ORIENTED_EDGE('',*,*,#13830,.T.);
#13850=ORIENTED_EDGE('',*,*,#2390,.T.);
#13860=ORIENTED_EDGE('',*,*,#360,.F.);
#13870=ORIENTED_EDGE('',*,*,#13360,.F.);
#13880=EDGE_LOOP('',(#13870,#13860,#13850,#13840));
#13890=FACE_OUTER_BOUND('',#13880,.T.);
#13900=ADVANCED_FACE('',(#13890),#13780,.T.);
#13910=COLOUR_RGB('',0.313725501298904,0.313725501298904,
0.313725501298904);
#13920=FILL_AREA_STYLE_COLOUR('',#13910);
#13930=FILL_AREA_STYLE('',(#13920));
#13940=SURFACE_STYLE_FILL_AREA(#13930);
#13950=SURFACE_SIDE_STYLE('',(#13940));
#13960=SURFACE_STYLE_USAGE(.BOTH.,#13950);
#13970=PRESENTATION_STYLE_ASSIGNMENT((#13960));
#13980=CARTESIAN_POINT('',(-3.21310216637003,-14.571698,1.31512079512216
));
#13990=DIRECTION('',(0.,1.,-0.));
#14000=DIRECTION('',(-1.,0.,0.));
#14010=AXIS2_PLACEMENT_3D('',#13980,#13990,#14000);
#14020=PLANE('',#14010);
#14030=ORIENTED_EDGE('',*,*,#2870,.F.);
#14040=CARTESIAN_POINT('',(-1.838795,-14.571698,7.5));
#14050=DIRECTION('',(0.,0.,-1.));
#14060=VECTOR('',#14050,1.);
#14070=LINE('',#14040,#14060);
#14080=CARTESIAN_POINT('',(-1.838795,-14.571698,-0.0287986637095052));
#14090=VERTEX_POINT('',#14080);
#14100=EDGE_CURVE('',#14090,#2780,#14070,.T.);
#14110=ORIENTED_EDGE('',*,*,#14100,.T.);
#14120=CARTESIAN_POINT('',(-5.97759,-14.571698,-0.0649173804875574));
#14130=DIRECTION('',(-0.999961923064171,0.,-0.00872653549837393));
#14140=VECTOR('',#14130,1.);
#14150=LINE('',#14120,#14140);
#14160=CARTESIAN_POINT('',(-0.938795,-14.571698,-0.0209444826978222));
#14170=VERTEX_POINT('',#14160);
#14180=EDGE_CURVE('',#14170,#14090,#14150,.T.);
#14190=ORIENTED_EDGE('',*,*,#14180,.T.);
#14200=CARTESIAN_POINT('',(-0.938795,-14.571698,7.5));
#14210=DIRECTION('',(0.,0.,1.));
#14220=VECTOR('',#14210,1.);
#14230=LINE('',#14200,#14220);
#14240=EDGE_CURVE('',#2860,#14170,#14230,.T.);
#14250=ORIENTED_EDGE('',*,*,#14240,.T.);
#14260=EDGE_LOOP('',(#14250,#14190,#14110,#14030));
#14270=FACE_OUTER_BOUND('',#14260,.T.);
#14280=ADVANCED_FACE('',(#14270),#14020,.F.);
#14290=COLOUR_RGB('',0.313725501298904,0.313725501298904,
0.313725501298904);
#14300=FILL_AREA_STYLE_COLOUR('',#14290);
#14310=FILL_AREA_STYLE('',(#14300));
#14320=SURFACE_STYLE_FILL_AREA(#14310);
#14330=SURFACE_SIDE_STYLE('',(#14320));
#14340=SURFACE_STYLE_USAGE(.BOTH.,#14330);
#14350=PRESENTATION_STYLE_ASSIGNMENT((#14340));
#14360=CARTESIAN_POINT('',(-1.838795,-13.821698,10.8300024));
#14370=DIRECTION('',(-1.,0.,0.));
#14380=DIRECTION('',(0.,-1.,0.));
#14390=AXIS2_PLACEMENT_3D('',#14360,#14370,#14380);
#14400=PLANE('',#14390);
#14410=CARTESIAN_POINT('',(-1.838795,0.,-0.0287986637095052));
#14420=DIRECTION('',(0.,-1.,0.));
#14430=VECTOR('',#14420,1.);
#14440=LINE('',#14410,#14430);
#14450=CARTESIAN_POINT('',(-1.838795,-15.621698,-0.0287986637095035));
#14460=VERTEX_POINT('',#14450);
#14470=EDGE_CURVE('',#14090,#14460,#14440,.T.);
#14480=ORIENTED_EDGE('',*,*,#14470,.T.);
#14490=ORIENTED_EDGE('',*,*,#14100,.F.);
#14500=ORIENTED_EDGE('',*,*,#2790,.T.);
#14510=CARTESIAN_POINT('',(-1.838795,-15.621698,7.5));
#14520=DIRECTION('',(0.,0.,1.));
#14530=VECTOR('',#14520,1.);
#14540=LINE('',#14510,#14530);
#14550=EDGE_CURVE('',#2700,#14460,#14540,.T.);
#14560=ORIENTED_EDGE('',*,*,#14550,.F.);
#14570=EDGE_LOOP('',(#14560,#14500,#14490,#14480));
#14580=FACE_OUTER_BOUND('',#14570,.T.);
#14590=ADVANCED_FACE('',(#14580),#14400,.F.);
#14600=COLOUR_RGB('',0.313725501298904,0.313725501298904,
0.313725501298904);
#14610=FILL_AREA_STYLE_COLOUR('',#14600);
#14620=FILL_AREA_STYLE('',(#14610));
#14630=SURFACE_STYLE_FILL_AREA(#14620);
#14640=SURFACE_SIDE_STYLE('',(#14630));
#14650=SURFACE_STYLE_USAGE(.BOTH.,#14640);
#14660=PRESENTATION_STYLE_ASSIGNMENT((#14650));
#14670=CARTESIAN_POINT('',(-0.938795,-16.621698,-0.55));
#14680=DIRECTION('',(-1.,0.,0.));
#14690=DIRECTION('',(0.,1.,0.));
#14700=AXIS2_PLACEMENT_3D('',#14670,#14680,#14690);
#14710=PLANE('',#14700);
#14720=ORIENTED_EDGE('',*,*,#2630,.F.);
#14730=CARTESIAN_POINT('',(-0.938795,0.,-8.86084900000159));
#14740=DIRECTION('',(0.,0.894427190999882,-0.447213595500027));
#14750=VECTOR('',#14740,1.);
#14760=LINE('',#14730,#14750);
#14770=EDGE_CURVE('',#2540,#9130,#14760,.T.);
#14780=ORIENTED_EDGE('',*,*,#14770,.F.);
#14790=ORIENTED_EDGE('',*,*,#9140,.T.);
#14800=ORIENTED_EDGE('',*,*,#7480,.T.);
#14810=ORIENTED_EDGE('',*,*,#11750,.T.);
#14820=ORIENTED_EDGE('',*,*,#2950,.F.);
#14830=ORIENTED_EDGE('',*,*,#14240,.F.);
#14840=CARTESIAN_POINT('',(-0.938795,0.,-0.0209444826978222));
#14850=DIRECTION('',(0.,1.,0.));
#14860=VECTOR('',#14850,1.);
#14870=LINE('',#14840,#14860);
#14880=CARTESIAN_POINT('',(-0.938795,-15.621698,-0.0209444826978222));
#14890=VERTEX_POINT('',#14880);
#14900=EDGE_CURVE('',#14890,#14170,#14870,.T.);
#14910=ORIENTED_EDGE('',*,*,#14900,.T.);
#14920=CARTESIAN_POINT('',(-0.938795,-15.621698,7.5));
#14930=DIRECTION('',(0.,0.,1.));
#14940=VECTOR('',#14930,1.);
#14950=LINE('',#14920,#14940);
#14960=EDGE_CURVE('',#2620,#14890,#14950,.T.);
#14970=ORIENTED_EDGE('',*,*,#14960,.T.);
#14980=EDGE_LOOP('',(#14970,#14910,#14830,#14820,#14810,#14800,#14790,
#14780,#14720));
#14990=FACE_OUTER_BOUND('',#14980,.T.);
#15000=ADVANCED_FACE('',(#14990),#14710,.T.);
#15010=COLOUR_RGB('',0.313725501298904,0.313725501298904,
0.313725501298904);
#15020=FILL_AREA_STYLE_COLOUR('',#15010);
#15030=FILL_AREA_STYLE('',(#15020));
#15040=SURFACE_STYLE_FILL_AREA(#15030);
#15050=SURFACE_SIDE_STYLE('',(#15040));
#15060=SURFACE_STYLE_USAGE(.BOTH.,#15050);
#15070=PRESENTATION_STYLE_ASSIGNMENT((#15060));
#15080=CARTESIAN_POINT('',(1.86120500000004,-16.221698,
-0.750000000000035));
#15090=DIRECTION('',(-0.,-0.447213595500027,-0.894427190999882));
#15100=DIRECTION('',(-0.,-0.894427190999882,0.447213595500027));
#15110=AXIS2_PLACEMENT_3D('',#15080,#15090,#15100);
#15120=PLANE('',#15110);
#15130=ORIENTED_EDGE('',*,*,#9200,.T.);
#15140=ORIENTED_EDGE('',*,*,#14770,.T.);
#15150=ORIENTED_EDGE('',*,*,#2550,.F.);
#15160=CARTESIAN_POINT('',(3.161205,0.,-8.86084900000159));
#15170=DIRECTION('',(-0.,-0.894427190999882,0.447213595500027));
#15180=VECTOR('',#15170,1.);
#15190=LINE('',#15160,#15180);
#15200=CARTESIAN_POINT('',(3.161205,-16.221698,-0.750000000000031));
#15210=VERTEX_POINT('',#15200);
#15220=EDGE_CURVE('',#15210,#2460,#15190,.T.);
#15230=ORIENTED_EDGE('',*,*,#15220,.T.);
#15240=CARTESIAN_POINT('',(-4.97759,-16.221698,-0.750000000000033));
#15250=DIRECTION('',(1.,0.,0.));
#15260=VECTOR('',#15250,1.);
#15270=LINE('',#15240,#15260);
#15280=CARTESIAN_POINT('',(2.31120500000001,-16.221698,
-0.750000000000033));
#15290=VERTEX_POINT('',#15280);
#15300=EDGE_CURVE('',#15290,#15210,#15270,.T.);
#15310=ORIENTED_EDGE('',*,*,#15300,.T.);
#15320=CARTESIAN_POINT('',(-4.97759,-16.221698,-0.750000000000033));
#15330=DIRECTION('',(1.,0.,0.));
#15340=VECTOR('',#15330,1.);
#15350=LINE('',#15320,#15340);
#15360=EDGE_CURVE('',#8960,#15290,#15350,.T.);
#15370=ORIENTED_EDGE('',*,*,#15360,.T.);
#15380=EDGE_LOOP('',(#15370,#15310,#15230,#15150,#15140,#15130));
#15390=FACE_OUTER_BOUND('',#15380,.T.);
#15400=ADVANCED_FACE('',(#15390),#15120,.T.);
#15410=COLOUR_RGB('',0.313725501298904,0.313725501298904,
0.313725501298904);
#15420=FILL_AREA_STYLE_COLOUR('',#15410);
#15430=FILL_AREA_STYLE('',(#15420));
#15440=SURFACE_STYLE_FILL_AREA(#15430);
#15450=SURFACE_SIDE_STYLE('',(#15440));
#15460=SURFACE_STYLE_USAGE(.BOTH.,#15450);
#15470=PRESENTATION_STYLE_ASSIGNMENT((#15460));
#15480=CARTESIAN_POINT('',(2.46120500000001,-15.321698,
-0.750000000000033));
#15490=DIRECTION('',(-0.,0.,-1.));
#15500=DIRECTION('',(-1.,-2.66453525910038E-15,0.));
#15510=AXIS2_PLACEMENT_3D('',#15480,#15490,#15500);
#15520=PLANE('',#15510);
#15530=ORIENTED_EDGE('',*,*,#10860,.T.);
#15540=ORIENTED_EDGE('',*,*,#6400,.T.);
#15550=ORIENTED_EDGE('',*,*,#9660,.F.);
#15560=ORIENTED_EDGE('',*,*,#15360,.F.);
#15570=CARTESIAN_POINT('',(2.31120499999997,0.,-0.750000000000033));
#15580=DIRECTION('',(-2.66453525910038E-15,1.,0.));
#15590=VECTOR('',#15580,1.);
#15600=LINE('',#15570,#15590);
#15610=EDGE_CURVE('',#15290,#12400,#15600,.T.);
#15620=ORIENTED_EDGE('',*,*,#15610,.F.);
#15630=ORIENTED_EDGE('',*,*,#12410,.T.);
#15640=ORIENTED_EDGE('',*,*,#3600,.T.);
#15650=ORIENTED_EDGE('',*,*,#5140,.T.);
#15660=EDGE_LOOP('',(#15650,#15640,#15630,#15620,#15560,#15550,#15540,
#15530));
#15670=FACE_OUTER_BOUND('',#15660,.T.);
#15680=ADVANCED_FACE('',(#15670),#15520,.T.);
#15690=COLOUR_RGB('',0.313725501298904,0.313725501298904,
0.313725501298904);
#15700=FILL_AREA_STYLE_COLOUR('',#15690);
#15710=FILL_AREA_STYLE('',(#15700));
#15720=SURFACE_STYLE_FILL_AREA(#15710);
#15730=SURFACE_SIDE_STYLE('',(#15720));
#15740=SURFACE_STYLE_USAGE(.BOTH.,#15730);
#15750=PRESENTATION_STYLE_ASSIGNMENT((#15740));
#15760=CARTESIAN_POINT('',(2.311205,-11.7216956,-0.549999999999998));
#15770=DIRECTION('',(1.,2.66453525910038E-15,0.));
#15780=DIRECTION('',(0.,0.,-1.));
#15790=AXIS2_PLACEMENT_3D('',#15760,#15770,#15780);
#15800=PLANE('',#15790);
#15810=CARTESIAN_POINT('',(2.31120500000001,-16.221698,
-0.599999999999999));
#15820=DIRECTION('',(0.,0.,-1.));
#15830=VECTOR('',#15820,1.);
#15840=LINE('',#15810,#15830);
#15850=CARTESIAN_POINT('',(2.31120500000001,-16.221698,-1.1));
#15860=VERTEX_POINT('',#15850);
#15870=EDGE_CURVE('',#15290,#15860,#15840,.T.);
#15880=ORIENTED_EDGE('',*,*,#15870,.F.);
#15890=CARTESIAN_POINT('',(2.31120499999997,0.,-1.1));
#15900=DIRECTION('',(2.66453525910038E-15,-1.,-0.));
#15910=VECTOR('',#15900,1.);
#15920=LINE('',#15890,#15910);
#15930=EDGE_CURVE('',#12480,#15860,#15920,.T.);
#15940=ORIENTED_EDGE('',*,*,#15930,.T.);
#15950=ORIENTED_EDGE('',*,*,#12490,.T.);
#15960=ORIENTED_EDGE('',*,*,#15610,.T.);
#15970=EDGE_LOOP('',(#15960,#15950,#15940,#15880));
#15980=FACE_OUTER_BOUND('',#15970,.T.);
#15990=ADVANCED_FACE('',(#15980),#15800,.F.);
#16000=COLOUR_RGB('',0.313725501298904,0.313725501298904,
0.313725501298904);
#16010=FILL_AREA_STYLE_COLOUR('',#16000);
#16020=FILL_AREA_STYLE('',(#16010));
#16030=SURFACE_STYLE_FILL_AREA(#16020);
#16040=SURFACE_SIDE_STYLE('',(#16030));
#16050=SURFACE_STYLE_USAGE(.BOTH.,#16040);
#16060=PRESENTATION_STYLE_ASSIGNMENT((#16050));
#16070=CARTESIAN_POINT('',(-0.589536125786058,-14.97322027833,-1.1));
#16080=DIRECTION('',(0.,0.,-1.));
#16090=DIRECTION('',(-1.,0.,0.));
#16100=AXIS2_PLACEMENT_3D('',#16070,#16080,#16090);
#16110=PLANE('',#16100);
#16120=CARTESIAN_POINT('',(10.8,-16.221698,-1.1));
#16130=DIRECTION('',(-1.,0.,0.));
#16140=VECTOR('',#16130,1.);
#16150=LINE('',#16120,#16140);
#16160=CARTESIAN_POINT('',(1.561205,-16.221698,-1.1));
#16170=VERTEX_POINT('',#16160);
#16180=EDGE_CURVE('',#15860,#16170,#16150,.T.);
#16190=ORIENTED_EDGE('',*,*,#16180,.F.);
#16200=CARTESIAN_POINT('',(1.561205,0.,-1.1));
#16210=DIRECTION('',(0.,1.,0.));
#16220=VECTOR('',#16210,1.);
#16230=LINE('',#16200,#16220);
#16240=EDGE_CURVE('',#16170,#12560,#16230,.T.);
#16250=ORIENTED_EDGE('',*,*,#16240,.F.);
#16260=ORIENTED_EDGE('',*,*,#12570,.T.);
#16270=ORIENTED_EDGE('',*,*,#15930,.F.);
#16280=EDGE_LOOP('',(#16270,#16260,#16250,#16190));
#16290=FACE_OUTER_BOUND('',#16280,.T.);
#16300=ADVANCED_FACE('',(#16290),#16110,.F.);
#16310=COLOUR_RGB('',0.313725501298904,0.313725501298904,
0.313725501298904);
#16320=FILL_AREA_STYLE_COLOUR('',#16310);
#16330=FILL_AREA_STYLE('',(#16320));
#16340=SURFACE_STYLE_FILL_AREA(#16330);
#16350=SURFACE_SIDE_STYLE('',(#16340));
#16360=SURFACE_STYLE_USAGE(.BOTH.,#16350);
#16370=PRESENTATION_STYLE_ASSIGNMENT((#16360));
#16380=CARTESIAN_POINT('',(-5.97759,-16.686611572649,0.0350864273510147)
);
#16390=DIRECTION('',(-0.99992385047757,-0.00872620324394422,
-0.00872620324394422));
#16400=DIRECTION('',(0.00872653549837393,-0.999961923064171,-0.));
#16410=AXIS2_PLACEMENT_3D('',#16380,#16390,#16400);
#16420=CYLINDRICAL_SURFACE('',#16410,0.1);
#16430=CARTESIAN_POINT('',(1.461205,-16.6216941921614,0.100003807838573)
);
#16440=DIRECTION('',(1.,0.,0.));
#16450=DIRECTION('',(0.,0.7071067811863,0.707106781186795));
#16460=AXIS2_PLACEMENT_3D('',#16430,#16440,#16450);
#16470=ELLIPSE('',#16460,0.100007615532162,0.1);
#16480=CARTESIAN_POINT('',(1.461205,-16.721698,0.0999961923064161));
#16490=VERTEX_POINT('',#16480);
#16500=CARTESIAN_POINT('',(1.461205,-16.6217018076936,
-8.88178419700125E-16));
#16510=VERTEX_POINT('',#16500);
#16520=EDGE_CURVE('',#16490,#16510,#16470,.T.);
#16530=ORIENTED_EDGE('',*,*,#16520,.T.);
#16540=CARTESIAN_POINT('',(-5.97671734645016,-16.7866077649554,
0.0350864273510147));
#16550=DIRECTION('',(-0.99992385047757,-0.00872620324394422,
-0.00872620324394422));
#16560=VECTOR('',#16550,1.);
#16570=LINE('',#16540,#16560);
#16580=CARTESIAN_POINT('',(-3.038795,-16.7609689050584,
0.0607252872480011));
#16590=VERTEX_POINT('',#16580);
#16600=EDGE_CURVE('',#16490,#16590,#16570,.T.);
#16610=ORIENTED_EDGE('',*,*,#16600,.F.);
#16620=CARTESIAN_POINT('',(-3.038795,-16.6609650972198,
0.0607329027801589));
#16630=DIRECTION('',(-1.,0.,0.));
#16640=DIRECTION('',(0.,0.707106781186795,0.7071067811863));
#16650=AXIS2_PLACEMENT_3D('',#16620,#16630,#16640);
#16660=ELLIPSE('',#16650,0.100007615532162,0.1);
#16670=CARTESIAN_POINT('',(-3.038795,-16.660972712752,
-0.0392709050584159));
#16680=VERTEX_POINT('',#16670);
#16690=EDGE_CURVE('',#16680,#16590,#16660,.T.);
#16700=ORIENTED_EDGE('',*,*,#16690,.T.);
#16710=CARTESIAN_POINT('',(-5.97671734645016,-16.686611572649,
-0.0649097649554022));
#16720=DIRECTION('',(-0.99992385047757,-0.00872620324394422,
-0.00872620324394422));
#16730=VECTOR('',#16720,1.);
#16740=LINE('',#16710,#16730);
#16750=EDGE_CURVE('',#16510,#16680,#16740,.T.);
#16760=ORIENTED_EDGE('',*,*,#16750,.T.);
#16770=EDGE_LOOP('',(#16760,#16700,#16610,#16530));
#16780=FACE_OUTER_BOUND('',#16770,.T.);
#16790=ADVANCED_FACE('',(#16780),#16420,.F.);
#16800=COLOUR_RGB('',0.313725501298904,0.313725501298904,
0.313725501298904);
#16810=FILL_AREA_STYLE_COLOUR('',#16800);
#16820=FILL_AREA_STYLE('',(#16810));
#16830=SURFACE_STYLE_FILL_AREA(#16820);
#16840=SURFACE_SIDE_STYLE('',(#16830));
#16850=SURFACE_STYLE_USAGE(.BOTH.,#16840);
#16860=PRESENTATION_STYLE_ASSIGNMENT((#16850));
#16870=CARTESIAN_POINT('',(1.636205,-14.721698,-1.525));
#16880=DIRECTION('',(-0.707106781186548,0.,-0.707106781186548));
#16890=DIRECTION('',(-0.707106781186548,0.,0.707106781186548));
#16900=AXIS2_PLACEMENT_3D('',#16870,#16880,#16890);
#16910=PLANE('',#16900);
#16920=ORIENTED_EDGE('',*,*,#12730,.T.);
#16930=CARTESIAN_POINT('',(1.561205,-14.721698,-1.45));
#16940=DIRECTION('',(0.,1.,0.));
#16950=VECTOR('',#16940,1.);
#16960=LINE('',#16930,#16950);
#16970=CARTESIAN_POINT('',(1.561205,-16.221698,-1.45));
#16980=VERTEX_POINT('',#16970);
#16990=EDGE_CURVE('',#16980,#12640,#16960,.T.);
#17000=ORIENTED_EDGE('',*,*,#16990,.T.);
#17010=CARTESIAN_POINT('',(-7.388795,-16.221698,7.5));
#17020=DIRECTION('',(-0.707106781186548,0.,0.707106781186548));
#17030=VECTOR('',#17020,1.);
#17040=LINE('',#17010,#17030);
#17050=EDGE_CURVE('',#13120,#16980,#17040,.T.);
#17060=ORIENTED_EDGE('',*,*,#17050,.T.);
#17070=ORIENTED_EDGE('',*,*,#13130,.F.);
#17080=EDGE_LOOP('',(#17070,#17060,#17000,#16920));
#17090=FACE_OUTER_BOUND('',#17080,.T.);
#17100=ADVANCED_FACE('',(#17090),#16910,.T.);
#17110=COLOUR_RGB('',0.313725501298904,0.313725501298904,
0.313725501298904);
#17120=FILL_AREA_STYLE_COLOUR('',#17110);
#17130=FILL_AREA_STYLE('',(#17120));
#17140=SURFACE_STYLE_FILL_AREA(#17130);
#17150=SURFACE_SIDE_STYLE('',(#17140));
#17160=SURFACE_STYLE_USAGE(.BOTH.,#17150);
#17170=PRESENTATION_STYLE_ASSIGNMENT((#17160));
#17180=ORIENTED_EDGE('',*,*,#15300,.F.);
#17190=CARTESIAN_POINT('',(3.161205,-16.221698,-0.549999999999998));
#17200=DIRECTION('',(0.,0.,-1.));
#17210=VECTOR('',#17200,1.);
#17220=LINE('',#17190,#17210);
#17230=EDGE_CURVE('',#15210,#13200,#17220,.T.);
#17240=ORIENTED_EDGE('',*,*,#17230,.F.);
#17250=ORIENTED_EDGE('',*,*,#13210,.T.);
#17260=ORIENTED_EDGE('',*,*,#17050,.F.);
#17270=CARTESIAN_POINT('',(1.561205,-16.221698,-0.649999999999999));
#17280=DIRECTION('',(0.,0.,1.));
#17290=VECTOR('',#17280,1.);
#17300=LINE('',#17270,#17290);
#17310=EDGE_CURVE('',#16980,#16170,#17300,.T.);
#17320=ORIENTED_EDGE('',*,*,#17310,.F.);
#17330=ORIENTED_EDGE('',*,*,#16180,.T.);
#17340=ORIENTED_EDGE('',*,*,#15870,.T.);
#17350=EDGE_LOOP('',(#17340,#17330,#17320,#17260,#17250,#17240,#17180));
#17360=FACE_OUTER_BOUND('',#17350,.T.);
#17370=ADVANCED_FACE('',(#17360),#8880,.T.);
#17380=COLOUR_RGB('',0.313725501298904,0.313725501298904,
0.313725501298904);
#17390=FILL_AREA_STYLE_COLOUR('',#17380);
#17400=FILL_AREA_STYLE('',(#17390));
#17410=SURFACE_STYLE_FILL_AREA(#17400);
#17420=SURFACE_SIDE_STYLE('',(#17410));
#17430=SURFACE_STYLE_USAGE(.BOTH.,#17420);
#17440=PRESENTATION_STYLE_ASSIGNMENT((#17430));
#17450=CARTESIAN_POINT('',(1.961205,-14.421698,4.35));
#17460=DIRECTION('',(-1.,0.,0.));
#17470=DIRECTION('',(0.,1.,0.));
#17480=AXIS2_PLACEMENT_3D('',#17450,#17460,#17470);
#17490=PLANE('',#17480);
#17500=CARTESIAN_POINT('',(1.961205,0.,1.85));
#17510=DIRECTION('',(0.,1.,0.));
#17520=VECTOR('',#17510,1.);
#17530=LINE('',#17500,#17520);
#17540=CARTESIAN_POINT('',(1.961205,-14.121698,1.85));
#17550=VERTEX_POINT('',#17540);
#17560=EDGE_CURVE('',#17550,#12070,#17530,.T.);
#17570=ORIENTED_EDGE('',*,*,#17560,.F.);
#17580=ORIENTED_EDGE('',*,*,#12080,.T.);
#17590=CARTESIAN_POINT('',(1.961205,0.,1.25));
#17600=DIRECTION('',(0.,-1.,0.));
#17610=VECTOR('',#17600,1.);
#17620=LINE('',#17590,#17610);
#17630=CARTESIAN_POINT('',(1.961205,-14.121698,1.25));
#17640=VERTEX_POINT('',#17630);
#17650=EDGE_CURVE('',#11970,#17640,#17620,.T.);
#17660=ORIENTED_EDGE('',*,*,#17650,.F.);
#17670=CARTESIAN_POINT('',(1.961205,-14.121698,0.466381153101082));
#17680=DIRECTION('',(0.,0.,1.));
#17690=VECTOR('',#17680,1.);
#17700=LINE('',#17670,#17690);
#17710=EDGE_CURVE('',#17640,#17550,#17700,.T.);
#17720=ORIENTED_EDGE('',*,*,#17710,.F.);
#17730=EDGE_LOOP('',(#17720,#17660,#17580,#17570));
#17740=FACE_OUTER_BOUND('',#17730,.T.);
#17750=ADVANCED_FACE('',(#17740),#17490,.F.);
#17760=COLOUR_RGB('',0.313725501298904,0.313725501298904,
0.313725501298904);
#17770=FILL_AREA_STYLE_COLOUR('',#17760);
#17780=FILL_AREA_STYLE('',(#17770));
#17790=SURFACE_STYLE_FILL_AREA(#17780);
#17800=SURFACE_SIDE_STYLE('',(#17790));
#17810=SURFACE_STYLE_USAGE(.BOTH.,#17800);
#17820=PRESENTATION_STYLE_ASSIGNMENT((#17810));
#17830=CARTESIAN_POINT('',(-0.538804519233957,-12.7042441813454,
4.03978721239313));
#17840=DIRECTION('',(-0.00872653549837393,-0.999961923064171,0.));
#17850=DIRECTION('',(0.,0.,1.));
#17860=AXIS2_PLACEMENT_3D('',#17830,#17840,#17850);
#17870=PLANE('',#17860);
#17880=CARTESIAN_POINT('',(-2.688795,-12.6854814986684,10.));
#17890=DIRECTION('',(0.,0.,1.));
#17900=VECTOR('',#17890,1.);
#17910=LINE('',#17880,#17900);
#17920=CARTESIAN_POINT('',(-2.688795,-12.6854814986684,2.8));
#17930=VERTEX_POINT('',#17920);
#17940=CARTESIAN_POINT('',(-2.688795,-12.6854814986684,5.3));
#17950=VERTEX_POINT('',#17940);
#17960=EDGE_CURVE('',#17930,#17950,#17910,.T.);
#17970=ORIENTED_EDGE('',*,*,#17960,.F.);
#17980=CARTESIAN_POINT('',(-5.97759,-12.6567806195124,5.3));
#17990=DIRECTION('',(0.999961923064171,-0.00872653549837393,-0.));
#18000=VECTOR('',#17990,1.);
#18010=LINE('',#17980,#18000);
#18020=CARTESIAN_POINT('',(-3.038795,-12.6824270949416,5.3));
#18030=VERTEX_POINT('',#18020);
#18040=EDGE_CURVE('',#18030,#17950,#18010,.T.);
#18050=ORIENTED_EDGE('',*,*,#18040,.T.);
#18060=CARTESIAN_POINT('',(-3.038795,-12.6824270949416,7.5));
#18070=DIRECTION('',(0.,0.,1.));
#18080=VECTOR('',#18070,1.);
#18090=LINE('',#18060,#18080);
#18100=CARTESIAN_POINT('',(-3.038795,-12.6824270949416,7.2892480597668))
;
#18110=VERTEX_POINT('',#18100);
#18120=EDGE_CURVE('',#18030,#18110,#18090,.T.);
#18130=ORIENTED_EDGE('',*,*,#18120,.F.);
#18140=CARTESIAN_POINT('',(-5.97759,-12.6567806195124,7.31489453519594))
;
#18150=DIRECTION('',(-0.99992385047757,0.00872620324394422,
0.00872620324394422));
#18160=VECTOR('',#18150,1.);
#18170=LINE('',#18140,#18160);
#18180=CARTESIAN_POINT('',(1.461205,-12.721698,7.24997715470839));
#18190=VERTEX_POINT('',#18180);
#18200=EDGE_CURVE('',#18190,#18110,#18170,.T.);
#18210=ORIENTED_EDGE('',*,*,#18200,.T.);
#18220=CARTESIAN_POINT('',(1.461205,-12.721698,7.5));
#18230=DIRECTION('',(0.,0.,1.));
#18240=VECTOR('',#18230,1.);
#18250=LINE('',#18220,#18240);
#18260=CARTESIAN_POINT('',(1.461205,-12.721698,5.80277777777778));
#18270=VERTEX_POINT('',#18260);
#18280=EDGE_CURVE('',#18270,#18190,#18250,.T.);
#18290=ORIENTED_EDGE('',*,*,#18280,.T.);
#18300=CARTESIAN_POINT('',(-5.97759,-12.6567806195124,5.76970072030485))
;
#18310=DIRECTION('',(-0.999952038386574,0.00872644923609939,
-0.00444634796951385));
#18320=VECTOR('',#18310,1.);
#18330=LINE('',#18300,#18320);
#18340=CARTESIAN_POINT('',(-2.538795,-12.686790528837,5.78499153284271))
;
#18350=VERTEX_POINT('',#18340);
#18360=EDGE_CURVE('',#18270,#18350,#18330,.T.);
#18370=ORIENTED_EDGE('',*,*,#18360,.F.);
#18380=CARTESIAN_POINT('',(-2.538795,-12.686790528837,10.));
#18390=DIRECTION('',(0.,0.,-1.));
#18400=VECTOR('',#18390,1.);
#18410=LINE('',#18380,#18400);
#18420=CARTESIAN_POINT('',(-2.538795,-12.686790528837,4.81500846715729))
;
#18430=VERTEX_POINT('',#18420);
#18440=EDGE_CURVE('',#18350,#18430,#18410,.T.);
#18450=ORIENTED_EDGE('',*,*,#18440,.F.);
#18460=CARTESIAN_POINT('',(-5.97759,-12.6567806195124,4.83029927969515))
;
#18470=DIRECTION('',(0.999952038386574,-0.00872644923609939,
-0.00444634796951386));
#18480=VECTOR('',#18470,1.);
#18490=LINE('',#18460,#18480);
#18500=CARTESIAN_POINT('',(1.461205,-12.721698,4.79722222222223));
#18510=VERTEX_POINT('',#18500);
#18520=EDGE_CURVE('',#18430,#18510,#18490,.T.);
#18530=ORIENTED_EDGE('',*,*,#18520,.F.);
#18540=CARTESIAN_POINT('',(1.461205,-12.721698,10.));
#18550=DIRECTION('',(0.,0.,1.));
#18560=VECTOR('',#18550,1.);
#18570=LINE('',#18540,#18560);
#18580=CARTESIAN_POINT('',(1.461205,-12.721698,3.30277777777778));
#18590=VERTEX_POINT('',#18580);
#18600=EDGE_CURVE('',#18590,#18510,#18570,.T.);
#18610=ORIENTED_EDGE('',*,*,#18600,.T.);
#18620=CARTESIAN_POINT('',(-5.97759,-12.6567806195124,3.26970072030485))
;
#18630=DIRECTION('',(-0.999952038386574,0.00872644923609939,
-0.00444634796951385));
#18640=VECTOR('',#18630,1.);
#18650=LINE('',#18620,#18640);
#18660=CARTESIAN_POINT('',(-2.538795,-12.686790528837,3.28499153284271))
;
#18670=VERTEX_POINT('',#18660);
#18680=EDGE_CURVE('',#18590,#18670,#18650,.T.);
#18690=ORIENTED_EDGE('',*,*,#18680,.F.);
#18700=CARTESIAN_POINT('',(-2.538795,-12.686790528837,7.5));
#18710=DIRECTION('',(0.,0.,-1.));
#18720=VECTOR('',#18710,1.);
#18730=LINE('',#18700,#18720);
#18740=CARTESIAN_POINT('',(-2.538795,-12.686790528837,2.31500846715729))
;
#18750=VERTEX_POINT('',#18740);
#18760=EDGE_CURVE('',#18670,#18750,#18730,.T.);
#18770=ORIENTED_EDGE('',*,*,#18760,.F.);
#18780=CARTESIAN_POINT('',(-5.97759,-12.6567806195124,2.33029927969515))
;
#18790=DIRECTION('',(0.999952038386574,-0.00872644923609939,
-0.00444634796951386));
#18800=VECTOR('',#18790,1.);
#18810=LINE('',#18780,#18800);
#18820=CARTESIAN_POINT('',(1.461205,-12.721698,2.29722222222223));
#18830=VERTEX_POINT('',#18820);
#18840=EDGE_CURVE('',#18750,#18830,#18810,.T.);
#18850=ORIENTED_EDGE('',*,*,#18840,.F.);
#18860=CARTESIAN_POINT('',(1.461205,-12.721698,7.5));
#18870=DIRECTION('',(0.,0.,1.));
#18880=VECTOR('',#18870,1.);
#18890=LINE('',#18860,#18880);
#18900=EDGE_CURVE('',#10300,#18830,#18890,.T.);
#18910=ORIENTED_EDGE('',*,*,#18900,.T.);
#18920=ORIENTED_EDGE('',*,*,#10690,.T.);
#18930=CARTESIAN_POINT('',(-3.038795,-12.6824270949416,7.5));
#18940=DIRECTION('',(0.,0.,1.));
#18950=VECTOR('',#18940,1.);
#18960=LINE('',#18930,#18950);
#18970=CARTESIAN_POINT('',(-3.038795,-12.6824270949416,2.8));
#18980=VERTEX_POINT('',#18970);
#18990=EDGE_CURVE('',#10620,#18980,#18960,.T.);
#19000=ORIENTED_EDGE('',*,*,#18990,.F.);
#19010=CARTESIAN_POINT('',(-5.97759,-12.6567806195124,2.8));
#19020=DIRECTION('',(0.999961923064171,-0.00872653549837393,-0.));
#19030=VECTOR('',#19020,1.);
#19040=LINE('',#19010,#19030);
#19050=EDGE_CURVE('',#18980,#17930,#19040,.T.);
#19060=ORIENTED_EDGE('',*,*,#19050,.F.);
#19070=EDGE_LOOP('',(#19060,#19000,#18920,#18910,#18850,#18770,#18690,
#18610,#18530,#18450,#18370,#18290,#18210,#18130,#18050,#17970));
#19080=FACE_OUTER_BOUND('',#19070,.T.);
#19090=ADVANCED_FACE('',(#19080),#17870,.T.);
#19100=COLOUR_RGB('',0.313725501298904,0.313725501298904,
0.313725501298904);
#19110=FILL_AREA_STYLE_COLOUR('',#19100);
#19120=FILL_AREA_STYLE('',(#19110));
#19130=SURFACE_STYLE_FILL_AREA(#19120);
#19140=SURFACE_SIDE_STYLE('',(#19130));
#19150=SURFACE_STYLE_USAGE(.BOTH.,#19140);
#19160=PRESENTATION_STYLE_ASSIGNMENT((#19150));
#19170=CARTESIAN_POINT('',(2.661205,-13.421698,-0.599999999999999));
#19180=DIRECTION('',(0.,0.,-1.));
#19190=DIRECTION('',(-1.,0.,0.));
#19200=AXIS2_PLACEMENT_3D('',#19170,#19180,#19190);
#19210=CYLINDRICAL_SURFACE('',#19200,0.2);
#19220=CARTESIAN_POINT('',(2.861205,-13.421698,-0.55));
#19230=DIRECTION('',(0.,0.,1.));
#19240=VECTOR('',#19230,1.);
#19250=LINE('',#19220,#19240);
#19260=EDGE_CURVE('',#13530,#2130,#19250,.T.);
#19270=ORIENTED_EDGE('',*,*,#19260,.F.);
#19280=ORIENTED_EDGE('',*,*,#2140,.T.);
#19290=CARTESIAN_POINT('',(-5.97759,-13.3459620687119,-0.25));
#19300=DIRECTION('',(1.,0.,0.));
#19310=DIRECTION('',(0.,1.,0.));
#19320=AXIS2_PLACEMENT_3D('',#19290,#19300,#19310);
#19330=CYLINDRICAL_SURFACE('',#19320,0.3);
#19340=CARTESIAN_POINT('',(2.661205,-13.221698,-0.523053916337337));
#19350=CARTESIAN_POINT('',(2.66615421217512,-13.221698,
-0.523053916337337));
#19360=CARTESIAN_POINT('',(2.67110905501007,-13.2218820518968,
-0.523137899214401));
#19370=CARTESIAN_POINT('',(2.67604550169411,-13.2222493612243,
-0.523304163901848));
#19380=CARTESIAN_POINT('',(2.68098242456213,-13.2226167059835,
-0.52347044462767));
#19390=CARTESIAN_POINT('',(2.68589583316204,-13.2231663625933,
-0.523718569875002));
#19400=CARTESIAN_POINT('',(2.69078597287891,-13.2238976813867,
-0.524044312743227));
#19410=CARTESIAN_POINT('',(2.70057081410621,-13.2253610011882,
-0.524696102350691));
#19420=CARTESIAN_POINT('',(2.71019970201319,-13.2275421761923,
-0.525656381743174));
#19430=CARTESIAN_POINT('',(2.71961743113386,-13.2304181320342,
-0.526856639250362));
#19440=CARTESIAN_POINT('',(2.72903958901207,-13.2332954403157,
-0.528057461187617));
#19450=CARTESIAN_POINT('',(2.73820451527489,-13.2368554529874,
-0.529492089030228));
#19460=CARTESIAN_POINT('',(2.74704005677927,-13.2410537556198,
-0.531059150080849));
#19470=CARTESIAN_POINT('',(2.75588841263013,-13.2452581471268,
-0.532628483868601));
#19480=CARTESIAN_POINT('',(2.76444510769067,-13.2501237911256,
-0.53433756690466));
#19490=CARTESIAN_POINT('',(2.7725925438429,-13.2555871482268,
-0.53606358339978));
#19500=CARTESIAN_POINT('',(2.78074040539615,-13.2610507905855,
-0.537789690015171));
#19510=CARTESIAN_POINT('',(2.78847172580223,-13.2671068348781,
-0.53952992492421));
#19520=CARTESIAN_POINT('',(2.79569514043144,-13.2736696171583,
-0.541159408998515));
#19530=CARTESIAN_POINT('',(2.80292776490894,-13.280240766981,
-0.542790970663804));
#19540=CARTESIAN_POINT('',(2.80973470967704,-13.2873976274607,
-0.544330495748896));
#19550=CARTESIAN_POINT('',(2.81599292492113,-13.2950461216141,
-0.545647706453358));
#19560=CARTESIAN_POINT('',(2.8191215917532,-13.2988698299781,
-0.546306219029414));
#19570=CARTESIAN_POINT('',(2.82211264926555,-13.3028148453961,
-0.54690909010616));
#19580=CARTESIAN_POINT('',(2.82495322054245,-13.3068654250519,
-0.547441510980771));
#19590=CARTESIAN_POINT('',(2.82779381209427,-13.3109160336193,
-0.547973935655601));
#19600=CARTESIAN_POINT('',(2.83048370084901,-13.3150718695722,
-0.548435842933999));
#19610=CARTESIAN_POINT('',(2.83301287830919,-13.3193161024258,
-0.54881431103727));
#19620=CARTESIAN_POINT('',(2.83553942702859,-13.3235559239686,
-0.549192385773702));
#19630=CARTESIAN_POINT('',(2.83791479514888,-13.3278982869634,
-0.549488799795473));
#19640=CARTESIAN_POINT('',(2.84013680181278,-13.3323480682707,
-0.549690939122266));
#19650=CARTESIAN_POINT('',(2.84235777116667,-13.3367957722652,
-0.549892984083389));
#19660=CARTESIAN_POINT('',(2.8444201747856,-13.3413417914509,
-0.55000000000301));
#19670=CARTESIAN_POINT('',(2.84631056107674,-13.3459620689074,-0.55));
#19680=B_SPLINE_CURVE_WITH_KNOTS('',3,(#19340,#19350,#19360,#19370,
#19380,#19390,#19400,#19410,#19420,#19430,#19440,#19450,#19460,#19470,
#19480,#19490,#19500,#19510,#19520,#19530,#19540,#19550,#19560,#19570,
#19580,#19590,#19600,#19610,#19620,#19630,#19640,#19650,#19660,#19670),
.UNSPECIFIED.,.F.,.F.,(4,3,3,3,3,3,3,3,3,3,3,4),(0.,0.0148569596150521,
0.0297117987968449,0.0594355350065142,0.0891751757159694,
0.119020980769847,0.14882412767027,0.178669709675663,0.193613383120973,
0.208512390191789,0.223394461068336,0.238350619771584),.UNSPECIFIED.);
#19690=SURFACE_CURVE('',#19680,(#19330,#19210),.CURVE_3D.);
#19700=EDGE_CURVE('',#12880,#2040,#19690,.T.);
#19710=ORIENTED_EDGE('',*,*,#19700,.T.);
#19720=ORIENTED_EDGE('',*,*,#12890,.F.);
#19730=ORIENTED_EDGE('',*,*,#13610,.F.);
#19740=EDGE_LOOP('',(#19730,#19720,#19710,#19280,#19270));
#19750=FACE_OUTER_BOUND('',#19740,.T.);
#19760=ADVANCED_FACE('',(#19750),#19210,.T.);
#19770=COLOUR_RGB('',0.313725501298904,0.313725501298904,
0.313725501298904);
#19780=FILL_AREA_STYLE_COLOUR('',#19770);
#19790=FILL_AREA_STYLE('',(#19780));
#19800=SURFACE_STYLE_FILL_AREA(#19790);
#19810=SURFACE_SIDE_STYLE('',(#19800));
#19820=SURFACE_STYLE_USAGE(.BOTH.,#19810);
#19830=PRESENTATION_STYLE_ASSIGNMENT((#19820));
#19840=CARTESIAN_POINT('',(1.67467804183133,-15.721698,
-0.549999999999998));
#19850=DIRECTION('',(0.,0.,1.));
#19860=DIRECTION('',(-1.,0.,0.));
#19870=AXIS2_PLACEMENT_3D('',#19840,#19850,#19860);
#19880=PLANE('',#19870);
#19890=ORIENTED_EDGE('',*,*,#10950,.T.);
#19900=ORIENTED_EDGE('',*,*,#5210,.F.);
#19910=ORIENTED_EDGE('',*,*,#3440,.T.);
#19920=CARTESIAN_POINT('',(-5.97759,-13.3459620687119,-0.55));
#19930=DIRECTION('',(1.,0.,0.));
#19940=VECTOR('',#19930,1.);
#19950=LINE('',#19920,#19940);
#19960=EDGE_CURVE('',#10940,#3330,#19950,.T.);
#19970=ORIENTED_EDGE('',*,*,#19960,.T.);
#19980=EDGE_LOOP('',(#19970,#19910,#19900,#19890));
#19990=FACE_OUTER_BOUND('',#19980,.T.);
#20000=ADVANCED_FACE('',(#19990),#19880,.F.);
#20010=COLOUR_RGB('',0.313725501298904,0.313725501298904,
0.313725501298904);
#20020=FILL_AREA_STYLE_COLOUR('',#20010);
#20030=FILL_AREA_STYLE('',(#20020));
#20040=SURFACE_STYLE_FILL_AREA(#20030);
#20050=SURFACE_SIDE_STYLE('',(#20040));
#20060=SURFACE_STYLE_USAGE(.BOTH.,#20050);
#20070=PRESENTATION_STYLE_ASSIGNMENT((#20060));
#20080=CARTESIAN_POINT('',(3.161205,-16.621698,-0.549999999999998));
#20090=DIRECTION('',(1.,0.,0.));
#20100=DIRECTION('',(0.,1.,0.));
#20110=AXIS2_PLACEMENT_3D('',#20080,#20090,#20100);
#20120=PLANE('',#20110);
#20130=ORIENTED_EDGE('',*,*,#2470,.F.);
#20140=ORIENTED_EDGE('',*,*,#13830,.F.);
#20150=ORIENTED_EDGE('',*,*,#13290,.F.);
#20160=ORIENTED_EDGE('',*,*,#17230,.T.);
#20170=ORIENTED_EDGE('',*,*,#15220,.F.);
#20180=EDGE_LOOP('',(#20170,#20160,#20150,#20140,#20130));
#20190=FACE_OUTER_BOUND('',#20180,.T.);
#20200=ADVANCED_FACE('',(#20190),#20120,.T.);
#20210=COLOUR_RGB('',0.313725501298904,0.313725501298904,
0.313725501298904);
#20220=FILL_AREA_STYLE_COLOUR('',#20210);
#20230=FILL_AREA_STYLE('',(#20220));
#20240=SURFACE_STYLE_FILL_AREA(#20230);
#20250=SURFACE_SIDE_STYLE('',(#20240));
#20260=SURFACE_STYLE_USAGE(.BOTH.,#20250);
#20270=PRESENTATION_STYLE_ASSIGNMENT((#20260));
#20280=CARTESIAN_POINT('',(1.961205,-14.021698,1.25));
#20290=DIRECTION('',(-0.,-0.,-1.));
#20300=DIRECTION('',(0.,-1.,0.));
#20310=AXIS2_PLACEMENT_3D('',#20280,#20290,#20300);
#20320=PLANE('',#20310);
#20330=ORIENTED_EDGE('',*,*,#5590,.T.);
#20340=ORIENTED_EDGE('',*,*,#4070,.T.);
#20350=CARTESIAN_POINT('',(-5.97759,-14.321698,1.25));
#20360=DIRECTION('',(-1.,0.,0.));
#20370=VECTOR('',#20360,1.);
#20380=LINE('',#20350,#20370);
#20390=CARTESIAN_POINT('',(1.76120500000001,-14.321698,1.25));
#20400=VERTEX_POINT('',#20390);
#20410=EDGE_CURVE('',#20400,#3980,#20380,.T.);
#20420=ORIENTED_EDGE('',*,*,#20410,.T.);
#20430=CARTESIAN_POINT('',(-5.97759,-22.060493,1.25));
#20440=DIRECTION('',(-0.707106781186549,-0.707106781186546,0.));
#20450=VECTOR('',#20440,1.);
#20460=LINE('',#20430,#20450);
#20470=EDGE_CURVE('',#17640,#20400,#20460,.T.);
#20480=ORIENTED_EDGE('',*,*,#20470,.T.);
#20490=ORIENTED_EDGE('',*,*,#17650,.T.);
#20500=ORIENTED_EDGE('',*,*,#12000,.F.);
#20510=CARTESIAN_POINT('',(17.732903,0.,1.25));
#20520=DIRECTION('',(0.707106781186548,0.707106781186548,0.));
#20530=VECTOR('',#20520,1.);
#20540=LINE('',#20510,#20530);
#20550=CARTESIAN_POINT('',(3.96120500000001,-13.771698,1.25));
#20560=VERTEX_POINT('',#20550);
#20570=EDGE_CURVE('',#11990,#20560,#20540,.T.);
#20580=ORIENTED_EDGE('',*,*,#20570,.F.);
#20590=CARTESIAN_POINT('',(3.96120500000001,0.,1.25));
#20600=DIRECTION('',(0.,1.,0.));
#20610=VECTOR('',#20600,1.);
#20620=LINE('',#20590,#20610);
#20630=CARTESIAN_POINT('',(3.96120500000001,-16.7374063620234,1.25));
#20640=VERTEX_POINT('',#20630);
#20650=EDGE_CURVE('',#20640,#20560,#20620,.T.);
#20660=ORIENTED_EDGE('',*,*,#20650,.T.);
#20670=CARTESIAN_POINT('',(-5.97759,-16.6506718120589,1.25));
#20680=DIRECTION('',(-0.999961923064171,0.00872653549837393,0.));
#20690=VECTOR('',#20680,1.);
#20700=LINE('',#20670,#20690);
#20710=CARTESIAN_POINT('',(3.561205,-16.7339156149071,1.25));
#20720=VERTEX_POINT('',#20710);
#20730=EDGE_CURVE('',#20640,#20720,#20700,.T.);
#20740=ORIENTED_EDGE('',*,*,#20730,.F.);
#20750=CARTESIAN_POINT('',(3.561205,0.,1.25));
#20760=DIRECTION('',(0.,-1.,0.));
#20770=VECTOR('',#20760,1.);
#20780=LINE('',#20750,#20770);
#20790=CARTESIAN_POINT('',(3.561205,-15.671698,1.25));
#20800=VERTEX_POINT('',#20790);
#20810=EDGE_CURVE('',#20800,#20720,#20780,.T.);
#20820=ORIENTED_EDGE('',*,*,#20810,.T.);
#20830=CARTESIAN_POINT('',(-12.110493,0.,1.25));
#20840=DIRECTION('',(0.707106781186548,-0.707106781186548,-0.));
#20850=VECTOR('',#20840,1.);
#20860=LINE('',#20830,#20850);
#20870=CARTESIAN_POINT('',(3.411205,-15.521698,1.25));
#20880=VERTEX_POINT('',#20870);
#20890=EDGE_CURVE('',#20880,#20800,#20860,.T.);
#20900=ORIENTED_EDGE('',*,*,#20890,.T.);
#20910=CARTESIAN_POINT('',(-5.97759,-15.521698,1.25));
#20920=DIRECTION('',(1.,0.,0.));
#20930=VECTOR('',#20920,1.);
#20940=LINE('',#20910,#20930);
#20950=EDGE_CURVE('',#8180,#20880,#20940,.T.);
#20960=ORIENTED_EDGE('',*,*,#20950,.T.);
#20970=ORIENTED_EDGE('',*,*,#8190,.T.);
#20980=CARTESIAN_POINT('',(-5.97759,-7.38290300000003,1.25));
#20990=DIRECTION('',(0.707106781186549,-0.707106781186546,-0.));
#21000=VECTOR('',#20990,1.);
#21010=LINE('',#20980,#21000);
#21020=EDGE_CURVE('',#5450,#8160,#21010,.T.);
#21030=ORIENTED_EDGE('',*,*,#21020,.T.);
#21040=EDGE_LOOP('',(#21030,#20970,#20960,#20900,#20820,#20740,#20660,
#20580,#20500,#20490,#20480,#20420,#20340,#20330));
#21050=FACE_OUTER_BOUND('',#21040,.T.);
#21060=ADVANCED_FACE('',(#21050),#20320,.F.);
#21070=COLOUR_RGB('',0.313725501298904,0.313725501298904,
0.313725501298904);
#21080=FILL_AREA_STYLE_COLOUR('',#21070);
#21090=FILL_AREA_STYLE('',(#21080));
#21100=SURFACE_STYLE_FILL_AREA(#21090);
#21110=SURFACE_SIDE_STYLE('',(#21100));
#21120=SURFACE_STYLE_USAGE(.BOTH.,#21110);
#21130=PRESENTATION_STYLE_ASSIGNMENT((#21120));
#21140=CARTESIAN_POINT('',(3.061205,-14.8388552875254,-0.599999999999999
));
#21150=DIRECTION('',(0.,0.,1.));
#21160=DIRECTION('',(1.,0.,0.));
#21170=AXIS2_PLACEMENT_3D('',#21140,#21150,#21160);
#21180=CYLINDRICAL_SURFACE('',#21170,0.2);
#21190=ORIENTED_EDGE('',*,*,#220,.F.);
#21200=ORIENTED_EDGE('',*,*,#2290,.T.);
#21210=CARTESIAN_POINT('',(2.861205,-14.8388552875254,-0.599999999999999
));
#21220=DIRECTION('',(0.,0.,1.));
#21230=VECTOR('',#21220,1.);
#21240=LINE('',#21210,#21230);
#21250=EDGE_CURVE('',#13450,#2210,#21240,.T.);
#21260=ORIENTED_EDGE('',*,*,#21250,.T.);
#21270=ORIENTED_EDGE('',*,*,#13460,.F.);
#21280=EDGE_LOOP('',(#21270,#21260,#21200,#21190));
#21290=FACE_OUTER_BOUND('',#21280,.T.);
#21300=ADVANCED_FACE('',(#21290),#21180,.F.);
#21310=COLOUR_RGB('',0.313725501298904,0.313725501298904,
0.313725501298904);
#21320=FILL_AREA_STYLE_COLOUR('',#21310);
#21330=FILL_AREA_STYLE('',(#21320));
#21340=SURFACE_STYLE_FILL_AREA(#21330);
#21350=SURFACE_SIDE_STYLE('',(#21340));
#21360=SURFACE_STYLE_USAGE(.BOTH.,#21350);
#21370=PRESENTATION_STYLE_ASSIGNMENT((#21360));
#21380=CARTESIAN_POINT('',(2.861205,-14.621698,-0.949999999999998));
#21390=DIRECTION('',(1.,0.,0.));
#21400=DIRECTION('',(0.,1.,0.));
#21410=AXIS2_PLACEMENT_3D('',#21380,#21390,#21400);
#21420=PLANE('',#21410);
#21430=ORIENTED_EDGE('',*,*,#19260,.T.);
#21440=ORIENTED_EDGE('',*,*,#13540,.F.);
#21450=ORIENTED_EDGE('',*,*,#21250,.F.);
#21460=ORIENTED_EDGE('',*,*,#2220,.F.);
#21470=EDGE_LOOP('',(#21460,#21450,#21440,#21430));
#21480=FACE_OUTER_BOUND('',#21470,.T.);
#21490=ADVANCED_FACE('',(#21480),#21420,.T.);
#21500=COLOUR_RGB('',0.313725501298904,0.313725501298904,
0.313725501298904);
#21510=FILL_AREA_STYLE_COLOUR('',#21500);
#21520=FILL_AREA_STYLE('',(#21510));
#21530=SURFACE_STYLE_FILL_AREA(#21520);
#21540=SURFACE_SIDE_STYLE('',(#21530));
#21550=SURFACE_STYLE_USAGE(.BOTH.,#21540);
#21560=PRESENTATION_STYLE_ASSIGNMENT((#21550));
#21570=ORIENTED_EDGE('',*,*,#11020,.T.);
#21580=ORIENTED_EDGE('',*,*,#19960,.F.);
#21590=ORIENTED_EDGE('',*,*,#3360,.F.);
#21600=ORIENTED_EDGE('',*,*,#12950,.F.);
#21610=ORIENTED_EDGE('',*,*,#19700,.F.);
#21620=ORIENTED_EDGE('',*,*,#2050,.F.);
#21630=ORIENTED_EDGE('',*,*,#620,.F.);
#21640=ORIENTED_EDGE('',*,*,#8720,.T.);
#21650=CARTESIAN_POINT('',(-3.038795,-13.3459620687119,
-0.250000000000002));
#21660=DIRECTION('',(1.,0.,0.));
#21670=DIRECTION('',(0.,1.,0.));
#21680=AXIS2_PLACEMENT_3D('',#21650,#21660,#21670);
#21690=CIRCLE('',#21680,0.3);
#21700=EDGE_CURVE('',#1570,#8650,#21690,.T.);
#21710=ORIENTED_EDGE('',*,*,#21700,.T.);
#21720=ORIENTED_EDGE('',*,*,#3100,.F.);
#21730=ORIENTED_EDGE('',*,*,#11680,.F.);
#21740=ORIENTED_EDGE('',*,*,#5840,.F.);
#21750=EDGE_LOOP('',(#21740,#21730,#21720,#21710,#21640,#21630,#21620,
#21610,#21600,#21590,#21580,#21570));
#21760=FACE_OUTER_BOUND('',#21750,.T.);
#21770=ADVANCED_FACE('',(#21760),#11250,.T.);
#21780=COLOUR_RGB('',0.313725501298904,0.313725501298904,
0.313725501298904);
#21790=FILL_AREA_STYLE_COLOUR('',#21780);
#21800=FILL_AREA_STYLE('',(#21790));
#21810=SURFACE_STYLE_FILL_AREA(#21800);
#21820=SURFACE_SIDE_STYLE('',(#21810));
#21830=SURFACE_STYLE_USAGE(.BOTH.,#21820);
#21840=PRESENTATION_STYLE_ASSIGNMENT((#21830));
#21850=ORIENTED_EDGE('',*,*,#17310,.T.);
#21860=ORIENTED_EDGE('',*,*,#16990,.F.);
#21870=ORIENTED_EDGE('',*,*,#12650,.T.);
#21880=ORIENTED_EDGE('',*,*,#16240,.T.);
#21890=EDGE_LOOP('',(#21880,#21870,#21860,#21850));
#21900=FACE_OUTER_BOUND('',#21890,.T.);
#21910=ADVANCED_FACE('',(#21900),#3260,.T.);
#21920=COLOUR_RGB('',0.313725501298904,0.313725501298904,
0.313725501298904);
#21930=FILL_AREA_STYLE_COLOUR('',#21920);
#21940=FILL_AREA_STYLE('',(#21930));
#21950=SURFACE_STYLE_FILL_AREA(#21940);
#21960=SURFACE_SIDE_STYLE('',(#21950));
#21970=SURFACE_STYLE_USAGE(.BOTH.,#21960);
#21980=PRESENTATION_STYLE_ASSIGNMENT((#21970));
#21990=CARTESIAN_POINT('',(-1.03879499999999,-15.621698,-1.6500024));
#22000=DIRECTION('',(-0.,-1.,-0.));
#22010=DIRECTION('',(-1.,0.,0.));
#22020=AXIS2_PLACEMENT_3D('',#21990,#22000,#22010);
#22030=PLANE('',#22020);
#22040=ORIENTED_EDGE('',*,*,#14550,.T.);
#22050=ORIENTED_EDGE('',*,*,#2710,.F.);
#22060=ORIENTED_EDGE('',*,*,#14960,.F.);
#22070=CARTESIAN_POINT('',(-5.97759,-15.621698,-0.0649173804875574));
#22080=DIRECTION('',(0.999961923064171,0.,0.00872653549837393));
#22090=VECTOR('',#22080,1.);
#22100=LINE('',#22070,#22090);
#22110=EDGE_CURVE('',#14460,#14890,#22100,.T.);
#22120=ORIENTED_EDGE('',*,*,#22110,.T.);
#22130=EDGE_LOOP('',(#22120,#22060,#22050,#22040));
#22140=FACE_OUTER_BOUND('',#22130,.T.);
#22150=ADVANCED_FACE('',(#22140),#22030,.F.);
#22160=COLOUR_RGB('',0.313725501298904,0.313725501298904,
0.313725501298904);
#22170=FILL_AREA_STYLE_COLOUR('',#22160);
#22180=FILL_AREA_STYLE('',(#22170));
#22190=SURFACE_STYLE_FILL_AREA(#22180);
#22200=SURFACE_SIDE_STYLE('',(#22190));
#22210=SURFACE_STYLE_USAGE(.BOTH.,#22200);
#22220=PRESENTATION_STYLE_ASSIGNMENT((#22210));
#22230=CARTESIAN_POINT('',(-3.03862365378877,-16.721698,
-0.0392694097426833));
#22240=DIRECTION('',(-0.00872653549837393,0.,0.999961923064171));
#22250=DIRECTION('',(0.,1.,0.));
#22260=AXIS2_PLACEMENT_3D('',#22230,#22240,#22250);
#22270=PLANE('',#22260);
#22280=ORIENTED_EDGE('',*,*,#22110,.F.);
#22290=ORIENTED_EDGE('',*,*,#14900,.F.);
#22300=ORIENTED_EDGE('',*,*,#14180,.F.);
#22310=ORIENTED_EDGE('',*,*,#14470,.F.);
#22320=EDGE_LOOP('',(#22310,#22300,#22290,#22280));
#22330=FACE_BOUND('',#22320,.T.);
#22340=CARTESIAN_POINT('',(-3.038795,0.,-0.0392709050584159));
#22350=DIRECTION('',(0.,-1.,0.));
#22360=VECTOR('',#22350,1.);
#22370=LINE('',#22340,#22360);
#22380=CARTESIAN_POINT('',(-3.038795,-13.5324499402332,
-0.0392709050584159));
#22390=VERTEX_POINT('',#22380);
#22400=EDGE_CURVE('',#22390,#16680,#22370,.T.);
#22410=ORIENTED_EDGE('',*,*,#22400,.T.);
#22420=CARTESIAN_POINT('',(-5.97759,-13.5068034648041,
-0.0649173804875582));
#22430=DIRECTION('',(0.999923850477571,-0.00872620324394422,
0.00872620324394422));
#22440=VECTOR('',#22430,1.);
#22450=LINE('',#22420,#22440);
#22460=CARTESIAN_POINT('',(1.461205,-13.5717208452916,
-8.88178419700125E-16));
#22470=VERTEX_POINT('',#22460);
#22480=EDGE_CURVE('',#22390,#22470,#22450,.T.);
#22490=ORIENTED_EDGE('',*,*,#22480,.F.);
#22500=CARTESIAN_POINT('',(1.461205,0.,-8.88178419700125E-16));
#22510=DIRECTION('',(0.,1.,0.));
#22520=VECTOR('',#22510,1.);
#22530=LINE('',#22500,#22520);
#22540=EDGE_CURVE('',#16510,#22470,#22530,.T.);
#22550=ORIENTED_EDGE('',*,*,#22540,.T.);
#22560=ORIENTED_EDGE('',*,*,#16750,.F.);
#22570=EDGE_LOOP('',(#22560,#22550,#22490,#22410));
#22580=FACE_OUTER_BOUND('',#22570,.T.);
#22590=ADVANCED_FACE('',(#22330,#22580),#22270,.T.);
#22600=COLOUR_RGB('',0.313725501298904,0.313725501298904,
0.313725501298904);
#22610=FILL_AREA_STYLE_COLOUR('',#22600);
#22620=FILL_AREA_STYLE('',(#22610));
#22630=SURFACE_STYLE_FILL_AREA(#22620);
#22640=SURFACE_SIDE_STYLE('',(#22630));
#22650=SURFACE_STYLE_USAGE(.BOTH.,#22640);
#22660=PRESENTATION_STYLE_ASSIGNMENT((#22650));
#22670=CARTESIAN_POINT('',(1.461205,0.,13.5717208452916));
#22680=DIRECTION('',(0.,0.707106781186548,0.707106781186547));
#22690=VECTOR('',#22680,1.);
#22700=LINE('',#22670,#22690);
#22710=CARTESIAN_POINT('',(1.461205,-13.499026784248,0.0726940610436131)
);
#22720=VERTEX_POINT('',#22710);
#22730=EDGE_CURVE('',#22470,#22720,#22700,.T.);
#22740=ORIENTED_EDGE('',*,*,#22730,.T.);
#22750=ORIENTED_EDGE('',*,*,#22480,.T.);
#22760=CARTESIAN_POINT('',(-3.038795,0.,13.4931790351748));
#22770=DIRECTION('',(0.,0.707106781186548,0.707106781186547));
#22780=VECTOR('',#22770,1.);
#22790=LINE('',#22760,#22780);
#22800=CARTESIAN_POINT('',(-3.038795,-13.4735011533282,
0.0196778818470502));
#22810=VERTEX_POINT('',#22800);
#22820=EDGE_CURVE('',#22390,#22810,#22790,.T.);
#22830=ORIENTED_EDGE('',*,*,#22820,.F.);
#22840=CARTESIAN_POINT('',(1.46120499999997,-13.4990267842479,
0.0726940610437007));
#22850=CARTESIAN_POINT('',(1.08620596279382,-13.4970218634395,
0.0681538478133538));
#22860=CARTESIAN_POINT('',(0.711206665913375,-13.4949850460224,
0.0636455266594785));
#22870=CARTESIAN_POINT('',(0.336207124417398,-13.4929173919967,
0.0591680378447129));
#22880=CARTESIAN_POINT('',(-0.0387924171073058,-13.4908497379709,
0.0546905490296043));
#22890=CARTESIAN_POINT('',(-0.41379220328858,-13.4887512466099,
0.0502438932794515));
#22900=CARTESIAN_POINT('',(-0.788792220540655,-13.486622881945,
0.0458271068001585));
#22910=CARTESIAN_POINT('',(-1.16379223782123,-13.4844945172799,
0.04141032032053));
#22920=CARTESIAN_POINT('',(-1.53879248620872,-13.4823362786882,
0.0370234037339407));
#22930=CARTESIAN_POINT('',(-1.91379295337064,-13.4801490443317,
0.0326654790936355));
#22940=CARTESIAN_POINT('',(-2.28879342055337,-13.4779618099751,
0.0283075544530884));
#22950=CARTESIAN_POINT('',(-2.66379410653481,-13.4757455793176,
0.0239786222946098));
#22960=CARTESIAN_POINT('',(-3.038795,-13.4735011533284,
0.0196778818463655));
#22970=B_SPLINE_CURVE_WITH_KNOTS('',3,(#22840,#22850,#22860,#22870,
#22880,#22890,#22900,#22910,#22920,#22930,#22940,#22950,#22960),
.UNSPECIFIED.,.F.,.F.,(4,3,3,3,4),(0.,1.12509578276644,2.2501918374158,
3.37528818429295,4.50038484208586),.UNSPECIFIED.);
#22980=SURFACE_CURVE('',#22970,(#10220,#10370),.CURVE_3D.);
#22990=EDGE_CURVE('',#22720,#22810,#22980,.T.);
#23000=ORIENTED_EDGE('',*,*,#22990,.T.);
#23010=EDGE_LOOP('',(#23000,#22830,#22750,#22740));
#23020=FACE_OUTER_BOUND('',#23010,.T.);
#23030=ADVANCED_FACE('',(#23020),#10220,.F.);
#23040=COLOUR_RGB('',0.313725501298904,0.313725501298904,
0.313725501298904);
#23050=FILL_AREA_STYLE_COLOUR('',#23040);
#23060=FILL_AREA_STYLE('',(#23050));
#23070=SURFACE_STYLE_FILL_AREA(#23060);
#23080=SURFACE_SIDE_STYLE('',(#23070));
#23090=SURFACE_STYLE_USAGE(.BOTH.,#23080);
#23100=PRESENTATION_STYLE_ASSIGNMENT((#23090));
#23110=CARTESIAN_POINT('',(1.461205,-12.5449213047034,-0.226776695296637
));
#23120=DIRECTION('',(-1.,0.,0.));
#23130=DIRECTION('',(0.,0.,1.));
#23140=AXIS2_PLACEMENT_3D('',#23110,#23120,#23130);
#23150=CIRCLE('',#23140,1.);
#23160=EDGE_CURVE('',#22720,#10280,#23150,.T.);
#23170=ORIENTED_EDGE('',*,*,#23160,.T.);
#23180=ORIENTED_EDGE('',*,*,#22990,.F.);
#23190=CARTESIAN_POINT('',(-3.038795,-12.5449213047034,
-0.226776695296637));
#23200=DIRECTION('',(1.,0.,0.));
#23210=DIRECTION('',(0.,0.,1.));
#23220=AXIS2_PLACEMENT_3D('',#23190,#23200,#23210);
#23230=CIRCLE('',#23220,0.960729094941585);
#23240=EDGE_CURVE('',#10540,#22810,#23230,.T.);
#23250=ORIENTED_EDGE('',*,*,#23240,.T.);
#23260=ORIENTED_EDGE('',*,*,#10550,.F.);
#23270=EDGE_LOOP('',(#23260,#23250,#23180,#23170));
#23280=FACE_OUTER_BOUND('',#23270,.T.);
#23290=ADVANCED_FACE('',(#23280),#10370,.T.);
#23300=COLOUR_RGB('',0.313725501298904,0.313725501298904,
0.313725501298904);
#23310=FILL_AREA_STYLE_COLOUR('',#23300);
#23320=FILL_AREA_STYLE('',(#23310));
#23330=SURFACE_STYLE_FILL_AREA(#23320);
#23340=SURFACE_SIDE_STYLE('',(#23330));
#23350=SURFACE_STYLE_USAGE(.BOTH.,#23340);
#23360=PRESENTATION_STYLE_ASSIGNMENT((#23350));
#23370=CARTESIAN_POINT('',(5.46107934611177,-13.4084418261769,
-0.070362955009645));
#23380=DIRECTION('',(-0.00872653549837394,0.707079856727016,
-0.707079856727017));
#23390=DIRECTION('',(0.,-0.707106781186548,-0.707106781186547));
#23400=AXIS2_PLACEMENT_3D('',#23370,#23380,#23390);
#23410=PLANE('',#23400);
#23420=CARTESIAN_POINT('',(-5.97759,-12.7927241879411,0.686526791515409)
);
#23430=DIRECTION('',(-0.999955390531953,-0.00872647848982892,
0.00361462574224423));
#23440=VECTOR('',#23430,1.);
#23450=LINE('',#23420,#23440);
#23460=CARTESIAN_POINT('',(3.961205,-12.7059896379766,0.650600164593805)
);
#23470=VERTEX_POINT('',#23460);
#23480=EDGE_CURVE('',#930,#23470,#23450,.T.);
#23490=ORIENTED_EDGE('',*,*,#23480,.T.);
#23500=ORIENTED_EDGE('',*,*,#940,.T.);
#23510=ORIENTED_EDGE('',*,*,#10060,.T.);
#23520=CARTESIAN_POINT('',(3.961205,0.,13.3565898025704));
#23530=DIRECTION('',(0.,-0.707106781186548,-0.707106781186547));
#23540=VECTOR('',#23530,1.);
#23550=LINE('',#23520,#23540);
#23560=EDGE_CURVE('',#23470,#9990,#23550,.T.);
#23570=ORIENTED_EDGE('',*,*,#23560,.T.);
#23580=EDGE_LOOP('',(#23570,#23510,#23500,#23490));
#23590=FACE_OUTER_BOUND('',#23580,.T.);
#23600=ADVANCED_FACE('',(#23590),#23410,.F.);
#23610=COLOUR_RGB('',0.313725501298904,0.313725501298904,
0.313725501298904);
#23620=FILL_AREA_STYLE_COLOUR('',#23610);
#23630=FILL_AREA_STYLE('',(#23620));
#23640=SURFACE_STYLE_FILL_AREA(#23630);
#23650=SURFACE_SIDE_STYLE('',(#23640));
#23660=SURFACE_STYLE_USAGE(.BOTH.,#23650);
#23670=PRESENTATION_STYLE_ASSIGNMENT((#23660));
#23680=CARTESIAN_POINT('',(4.46120500000001,-12.221698,0.649999999999999
));
#23690=DIRECTION('',(-0.707106781186548,-0.,-0.707106781186548));
#23700=DIRECTION('',(0.707106781186548,0.,-0.707106781186548));
#23710=AXIS2_PLACEMENT_3D('',#23680,#23690,#23700);
#23720=PLANE('',#23710);
#23730=CARTESIAN_POINT('',(3.961205,-12.221698,1.15));
#23740=DIRECTION('',(0.,-1.,0.));
#23750=VECTOR('',#23740,1.);
#23760=LINE('',#23730,#23750);
#23770=CARTESIAN_POINT('',(3.96120500000001,-12.221698,1.15));
#23780=VERTEX_POINT('',#23770);
#23790=CARTESIAN_POINT('',(3.961205,-12.7059896379766,1.15));
#23800=VERTEX_POINT('',#23790);
#23810=EDGE_CURVE('',#23780,#23800,#23760,.T.);
#23820=ORIENTED_EDGE('',*,*,#23810,.T.);
#23830=CARTESIAN_POINT('',(-3.038795,-12.221698,8.15));
#23840=DIRECTION('',(-0.707106781186548,0.,0.707106781186548));
#23850=VECTOR('',#23840,1.);
#23860=LINE('',#23830,#23850);
#23870=EDGE_CURVE('',#1090,#23780,#23860,.T.);
#23880=ORIENTED_EDGE('',*,*,#23870,.T.);
#23890=ORIENTED_EDGE('',*,*,#1100,.F.);
#23900=CARTESIAN_POINT('',(-3.038795,-12.7670777125119,8.15));
#23910=DIRECTION('',(-0.707093318572324,-0.00617070990690961,
0.707093318572324));
#23920=VECTOR('',#23910,1.);
#23930=LINE('',#23900,#23920);
#23940=EDGE_CURVE('',#1010,#23800,#23930,.T.);
#23950=ORIENTED_EDGE('',*,*,#23940,.F.);
#23960=EDGE_LOOP('',(#23950,#23890,#23880,#23820));
#23970=FACE_OUTER_BOUND('',#23960,.T.);
#23980=ADVANCED_FACE('',(#23970),#23720,.F.);
#23990=COLOUR_RGB('',0.313725501298904,0.313725501298904,
0.313725501298904);
#24000=FILL_AREA_STYLE_COLOUR('',#23990);
#24010=FILL_AREA_STYLE('',(#24000));
#24020=SURFACE_STYLE_FILL_AREA(#24010);
#24030=SURFACE_SIDE_STYLE('',(#24020));
#24040=SURFACE_STYLE_USAGE(.BOTH.,#24030);
#24050=PRESENTATION_STYLE_ASSIGNMENT((#24040));
#24060=CARTESIAN_POINT('',(-3.038795,-18.4917004,2.8));
#24070=DIRECTION('',(0.,0.,-1.));
#24080=DIRECTION('',(1.,0.,0.));
#24090=AXIS2_PLACEMENT_3D('',#24060,#24070,#24080);
#24100=PLANE('',#24090);
#24110=CARTESIAN_POINT('',(-5.97759,-16.7866153804876,2.8));
#24120=DIRECTION('',(-0.999961923064171,-0.00872653549837393,0.));
#24130=VECTOR('',#24120,1.);
#24140=LINE('',#24110,#24130);
#24150=CARTESIAN_POINT('',(-2.688795,-16.7579145013317,2.8));
#24160=VERTEX_POINT('',#24150);
#24170=CARTESIAN_POINT('',(-3.038795,-16.7609689050584,2.8));
#24180=VERTEX_POINT('',#24170);
#24190=EDGE_CURVE('',#24160,#24180,#24140,.T.);
#24200=ORIENTED_EDGE('',*,*,#24190,.T.);
#24210=CARTESIAN_POINT('',(-2.688795,0.,2.8));
#24220=DIRECTION('',(0.,-1.,0.));
#24230=VECTOR('',#24220,1.);
#24240=LINE('',#24210,#24230);
#24250=CARTESIAN_POINT('',(-2.688795,-17.221698,2.8));
#24260=VERTEX_POINT('',#24250);
#24270=EDGE_CURVE('',#24160,#24260,#24240,.T.);
#24280=ORIENTED_EDGE('',*,*,#24270,.F.);
#24290=CARTESIAN_POINT('',(-5.97759,-17.221698,2.8));
#24300=DIRECTION('',(1.,0.,0.));
#24310=VECTOR('',#24300,1.);
#24320=LINE('',#24290,#24310);
#24330=CARTESIAN_POINT('',(-3.038795,-17.221698,2.8));
#24340=VERTEX_POINT('',#24330);
#24350=EDGE_CURVE('',#24340,#24260,#24320,.T.);
#24360=ORIENTED_EDGE('',*,*,#24350,.T.);
#24370=CARTESIAN_POINT('',(-3.038795,0.,2.8));
#24380=DIRECTION('',(0.,1.,0.));
#24390=VECTOR('',#24380,1.);
#24400=LINE('',#24370,#24390);
#24410=EDGE_CURVE('',#24340,#24180,#24400,.T.);
#24420=ORIENTED_EDGE('',*,*,#24410,.F.);
#24430=EDGE_LOOP('',(#24420,#24360,#24280,#24200));
#24440=FACE_OUTER_BOUND('',#24430,.T.);
#24450=ADVANCED_FACE('',(#24440),#24100,.F.);
#24460=COLOUR_RGB('',0.313725501298904,0.313725501298904,
0.313725501298904);
#24470=FILL_AREA_STYLE_COLOUR('',#24460);
#24480=FILL_AREA_STYLE('',(#24470));
#24490=SURFACE_STYLE_FILL_AREA(#24480);
#24500=SURFACE_SIDE_STYLE('',(#24490));
#24510=SURFACE_STYLE_USAGE(.BOTH.,#24500);
#24520=PRESENTATION_STYLE_ASSIGNMENT((#24510));
#24530=CARTESIAN_POINT('',(1.461205,-12.6164656754742,-0.409843405991973
));
#24540=DIRECTION('',(1.,0.,0.));
#24550=DIRECTION('',(0.,1.,0.));
#24560=AXIS2_PLACEMENT_3D('',#24530,#24540,#24550);
#24570=PLANE('',#24560);
#24580=CARTESIAN_POINT('',(1.461205,-14.271698,3.7));
#24590=DIRECTION('',(-1.,0.,0.));
#24600=DIRECTION('',(0.,-1.,0.));
#24610=AXIS2_PLACEMENT_3D('',#24580,#24590,#24600);
#24620=CIRCLE('',#24610,0.3);
#24630=CARTESIAN_POINT('',(1.461205,-13.971698,3.7));
#24640=VERTEX_POINT('',#24630);
#24650=CARTESIAN_POINT('',(1.461205,-14.271698,3.4));
#24660=VERTEX_POINT('',#24650);
#24670=EDGE_CURVE('',#24640,#24660,#24620,.T.);
#24680=ORIENTED_EDGE('',*,*,#24670,.F.);
#24690=CARTESIAN_POINT('',(1.461205,-12.4934046674904,3.4));
#24700=DIRECTION('',(0.,1.,0.));
#24710=VECTOR('',#24700,1.);
#24720=LINE('',#24690,#24710);
#24730=CARTESIAN_POINT('',(1.461205,-15.171698,3.4));
#24740=VERTEX_POINT('',#24730);
#24750=EDGE_CURVE('',#24740,#24660,#24720,.T.);
#24760=ORIENTED_EDGE('',*,*,#24750,.T.);
#24770=CARTESIAN_POINT('',(1.461205,-15.171698,3.7));
#24780=DIRECTION('',(-1.,0.,0.));
#24790=DIRECTION('',(0.,-1.,0.));
#24800=AXIS2_PLACEMENT_3D('',#24770,#24780,#24790);
#24810=CIRCLE('',#24800,0.3);
#24820=CARTESIAN_POINT('',(1.461205,-15.471698,3.7));
#24830=VERTEX_POINT('',#24820);
#24840=EDGE_CURVE('',#24740,#24830,#24810,.T.);
#24850=ORIENTED_EDGE('',*,*,#24840,.F.);
#24860=CARTESIAN_POINT('',(1.461205,-15.471698,2.96638115310108));
#24870=DIRECTION('',(0.,0.,-1.));
#24880=VECTOR('',#24870,1.);
#24890=LINE('',#24860,#24880);
#24900=CARTESIAN_POINT('',(1.461205,-15.471698,4.4));
#24910=VERTEX_POINT('',#24900);
#24920=EDGE_CURVE('',#24910,#24830,#24890,.T.);
#24930=ORIENTED_EDGE('',*,*,#24920,.T.);
#24940=CARTESIAN_POINT('',(1.461205,-15.171698,4.4));
#24950=DIRECTION('',(-1.,0.,0.));
#24960=DIRECTION('',(0.,-1.,0.));
#24970=AXIS2_PLACEMENT_3D('',#24940,#24950,#24960);
#24980=CIRCLE('',#24970,0.3);
#24990=CARTESIAN_POINT('',(1.461205,-15.171698,4.7));
#25000=VERTEX_POINT('',#24990);
#25010=EDGE_CURVE('',#24910,#25000,#24980,.T.);
#25020=ORIENTED_EDGE('',*,*,#25010,.F.);
#25030=CARTESIAN_POINT('',(1.461205,-12.4934046674904,4.7));
#25040=DIRECTION('',(0.,-1.,0.));
#25050=VECTOR('',#25040,1.);
#25060=LINE('',#25030,#25050);
#25070=CARTESIAN_POINT('',(1.461205,-14.271698,4.7));
#25080=VERTEX_POINT('',#25070);
#25090=EDGE_CURVE('',#25080,#25000,#25060,.T.);
#25100=ORIENTED_EDGE('',*,*,#25090,.T.);
#25110=CARTESIAN_POINT('',(1.461205,-14.271698,4.4));
#25120=DIRECTION('',(-1.,0.,0.));
#25130=DIRECTION('',(0.,-1.,0.));
#25140=AXIS2_PLACEMENT_3D('',#25110,#25120,#25130);
#25150=CIRCLE('',#25140,0.3);
#25160=CARTESIAN_POINT('',(1.461205,-13.971698,4.4));
#25170=VERTEX_POINT('',#25160);
#25180=EDGE_CURVE('',#25080,#25170,#25150,.T.);
#25190=ORIENTED_EDGE('',*,*,#25180,.F.);
#25200=CARTESIAN_POINT('',(1.461205,-13.971698,2.96638115310108));
#25210=DIRECTION('',(0.,0.,1.));
#25220=VECTOR('',#25210,1.);
#25230=LINE('',#25200,#25220);
#25240=EDGE_CURVE('',#24640,#25170,#25230,.T.);
#25250=ORIENTED_EDGE('',*,*,#25240,.T.);
#25260=EDGE_LOOP('',(#25250,#25190,#25100,#25020,#24930,#24850,#24760,
#24680));
#25270=FACE_BOUND('',#25260,.T.);
#25280=CARTESIAN_POINT('',(1.461205,-15.171698,1.9));
#25290=DIRECTION('',(-1.,0.,0.));
#25300=DIRECTION('',(0.,-1.,0.));
#25310=AXIS2_PLACEMENT_3D('',#25280,#25290,#25300);
#25320=CIRCLE('',#25310,0.3);
#25330=CARTESIAN_POINT('',(1.461205,-15.471698,1.9));
#25340=VERTEX_POINT('',#25330);
#25350=CARTESIAN_POINT('',(1.461205,-15.171698,2.2));
#25360=VERTEX_POINT('',#25350);
#25370=EDGE_CURVE('',#25340,#25360,#25320,.T.);
#25380=ORIENTED_EDGE('',*,*,#25370,.F.);
#25390=CARTESIAN_POINT('',(1.461205,-12.4934046674904,2.2));
#25400=DIRECTION('',(0.,-1.,0.));
#25410=VECTOR('',#25400,1.);
#25420=LINE('',#25390,#25410);
#25430=CARTESIAN_POINT('',(1.461205,-14.271698,2.2));
#25440=VERTEX_POINT('',#25430);
#25450=EDGE_CURVE('',#25440,#25360,#25420,.T.);
#25460=ORIENTED_EDGE('',*,*,#25450,.T.);
#25470=CARTESIAN_POINT('',(1.461205,-14.271698,1.9));
#25480=DIRECTION('',(-1.,0.,0.));
#25490=DIRECTION('',(0.,-1.,0.));
#25500=AXIS2_PLACEMENT_3D('',#25470,#25480,#25490);
#25510=CIRCLE('',#25500,0.3);
#25520=CARTESIAN_POINT('',(1.461205,-13.971698,1.9));
#25530=VERTEX_POINT('',#25520);
#25540=EDGE_CURVE('',#25440,#25530,#25510,.T.);
#25550=ORIENTED_EDGE('',*,*,#25540,.F.);
#25560=CARTESIAN_POINT('',(1.461205,-13.971698,0.466381153101082));
#25570=DIRECTION('',(0.,0.,1.));
#25580=VECTOR('',#25570,1.);
#25590=LINE('',#25560,#25580);
#25600=CARTESIAN_POINT('',(1.461205,-13.971698,1.2));
#25610=VERTEX_POINT('',#25600);
#25620=EDGE_CURVE('',#25610,#25530,#25590,.T.);
#25630=ORIENTED_EDGE('',*,*,#25620,.T.);
#25640=CARTESIAN_POINT('',(1.461205,-14.271698,1.2));
#25650=DIRECTION('',(-1.,0.,0.));
#25660=DIRECTION('',(0.,-1.,0.));
#25670=AXIS2_PLACEMENT_3D('',#25640,#25650,#25660);
#25680=CIRCLE('',#25670,0.3);
#25690=CARTESIAN_POINT('',(1.461205,-14.271698,0.9));
#25700=VERTEX_POINT('',#25690);
#25710=EDGE_CURVE('',#25610,#25700,#25680,.T.);
#25720=ORIENTED_EDGE('',*,*,#25710,.F.);
#25730=CARTESIAN_POINT('',(1.461205,-12.4934046674904,0.9));
#25740=DIRECTION('',(0.,1.,0.));
#25750=VECTOR('',#25740,1.);
#25760=LINE('',#25730,#25750);
#25770=CARTESIAN_POINT('',(1.461205,-15.171698,0.9));
#25780=VERTEX_POINT('',#25770);
#25790=EDGE_CURVE('',#25780,#25700,#25760,.T.);
#25800=ORIENTED_EDGE('',*,*,#25790,.T.);
#25810=CARTESIAN_POINT('',(1.461205,-15.171698,1.2));
#25820=DIRECTION('',(-1.,0.,0.));
#25830=DIRECTION('',(0.,-1.,0.));
#25840=AXIS2_PLACEMENT_3D('',#25810,#25820,#25830);
#25850=CIRCLE('',#25840,0.3);
#25860=CARTESIAN_POINT('',(1.461205,-15.471698,1.2));
#25870=VERTEX_POINT('',#25860);
#25880=EDGE_CURVE('',#25780,#25870,#25850,.T.);
#25890=ORIENTED_EDGE('',*,*,#25880,.F.);
#25900=CARTESIAN_POINT('',(1.461205,-15.471698,0.466381153101082));
#25910=DIRECTION('',(0.,0.,-1.));
#25920=VECTOR('',#25910,1.);
#25930=LINE('',#25900,#25920);
#25940=EDGE_CURVE('',#25340,#25870,#25930,.T.);
#25950=ORIENTED_EDGE('',*,*,#25940,.T.);
#25960=EDGE_LOOP('',(#25950,#25890,#25800,#25720,#25630,#25550,#25460,
#25380));
#25970=FACE_BOUND('',#25960,.T.);
#25980=CARTESIAN_POINT('',(1.461205,-15.171698,6.9));
#25990=DIRECTION('',(-1.,0.,0.));
#26000=DIRECTION('',(0.,-1.,0.));
#26010=AXIS2_PLACEMENT_3D('',#25980,#25990,#26000);
#26020=CIRCLE('',#26010,0.3);
#26030=CARTESIAN_POINT('',(1.461205,-15.471698,6.9));
#26040=VERTEX_POINT('',#26030);
#26050=CARTESIAN_POINT('',(1.461205,-15.171698,7.2));
#26060=VERTEX_POINT('',#26050);
#26070=EDGE_CURVE('',#26040,#26060,#26020,.T.);
#26080=ORIENTED_EDGE('',*,*,#26070,.F.);
#26090=CARTESIAN_POINT('',(1.461205,-12.4934046674904,7.2));
#26100=DIRECTION('',(0.,-1.,0.));
#26110=VECTOR('',#26100,1.);
#26120=LINE('',#26090,#26110);
#26130=CARTESIAN_POINT('',(1.461205,-14.271698,7.2));
#26140=VERTEX_POINT('',#26130);
#26150=EDGE_CURVE('',#26140,#26060,#26120,.T.);
#26160=ORIENTED_EDGE('',*,*,#26150,.T.);
#26170=CARTESIAN_POINT('',(1.461205,-14.271698,6.9));
#26180=DIRECTION('',(-1.,0.,0.));
#26190=DIRECTION('',(0.,-1.,0.));
#26200=AXIS2_PLACEMENT_3D('',#26170,#26180,#26190);
#26210=CIRCLE('',#26200,0.3);
#26220=CARTESIAN_POINT('',(1.461205,-13.971698,6.9));
#26230=VERTEX_POINT('',#26220);
#26240=EDGE_CURVE('',#26140,#26230,#26210,.T.);
#26250=ORIENTED_EDGE('',*,*,#26240,.F.);
#26260=CARTESIAN_POINT('',(1.461205,-13.971698,0.466381153101082));
#26270=DIRECTION('',(0.,0.,1.));
#26280=VECTOR('',#26270,1.);
#26290=LINE('',#26260,#26280);
#26300=CARTESIAN_POINT('',(1.461205,-13.971698,6.2));
#26310=VERTEX_POINT('',#26300);
#26320=EDGE_CURVE('',#26310,#26230,#26290,.T.);
#26330=ORIENTED_EDGE('',*,*,#26320,.T.);
#26340=CARTESIAN_POINT('',(1.461205,-14.271698,6.2));
#26350=DIRECTION('',(-1.,0.,0.));
#26360=DIRECTION('',(0.,-1.,0.));
#26370=AXIS2_PLACEMENT_3D('',#26340,#26350,#26360);
#26380=CIRCLE('',#26370,0.3);
#26390=CARTESIAN_POINT('',(1.461205,-14.271698,5.9));
#26400=VERTEX_POINT('',#26390);
#26410=EDGE_CURVE('',#26310,#26400,#26380,.T.);
#26420=ORIENTED_EDGE('',*,*,#26410,.F.);
#26430=CARTESIAN_POINT('',(1.461205,-12.4934046674904,5.9));
#26440=DIRECTION('',(0.,1.,0.));
#26450=VECTOR('',#26440,1.);
#26460=LINE('',#26430,#26450);
#26470=CARTESIAN_POINT('',(1.461205,-15.171698,5.9));
#26480=VERTEX_POINT('',#26470);
#26490=EDGE_CURVE('',#26480,#26400,#26460,.T.);
#26500=ORIENTED_EDGE('',*,*,#26490,.T.);
#26510=CARTESIAN_POINT('',(1.461205,-15.171698,6.2));
#26520=DIRECTION('',(-1.,0.,0.));
#26530=DIRECTION('',(0.,-1.,0.));
#26540=AXIS2_PLACEMENT_3D('',#26510,#26520,#26530);
#26550=CIRCLE('',#26540,0.3);
#26560=CARTESIAN_POINT('',(1.461205,-15.471698,6.2));
#26570=VERTEX_POINT('',#26560);
#26580=EDGE_CURVE('',#26480,#26570,#26550,.T.);
#26590=ORIENTED_EDGE('',*,*,#26580,.F.);
#26600=CARTESIAN_POINT('',(1.461205,-15.471698,0.466381153101082));
#26610=DIRECTION('',(0.,0.,-1.));
#26620=VECTOR('',#26610,1.);
#26630=LINE('',#26600,#26620);
#26640=EDGE_CURVE('',#26040,#26570,#26630,.T.);
#26650=ORIENTED_EDGE('',*,*,#26640,.T.);
#26660=EDGE_LOOP('',(#26650,#26590,#26500,#26420,#26330,#26250,#26160,
#26080));
#26670=FACE_BOUND('',#26660,.T.);
#26680=CARTESIAN_POINT('',(1.461205,0.,-6.3462469596844));
#26690=DIRECTION('',(-0.,-0.809016994374947,0.587785252292473));
#26700=VECTOR('',#26690,1.);
#26710=LINE('',#26680,#26700);
#26720=CARTESIAN_POINT('',(1.461205,-16.171698,5.40317938737483));
#26730=VERTEX_POINT('',#26720);
#26740=CARTESIAN_POINT('',(1.461205,-16.721698,5.80277777777779));
#26750=VERTEX_POINT('',#26740);
#26760=EDGE_CURVE('',#26730,#26750,#26710,.T.);
#26770=ORIENTED_EDGE('',*,*,#26760,.T.);
#26780=CARTESIAN_POINT('',(1.461205,-16.171698,10.));
#26790=DIRECTION('',(-0.,-7.40148683083437E-16,1.));
#26800=VECTOR('',#26790,1.);
#26810=LINE('',#26780,#26800);
#26820=CARTESIAN_POINT('',(1.461205,-16.171698,5.19682061262517));
#26830=VERTEX_POINT('',#26820);
#26840=EDGE_CURVE('',#26830,#26730,#26810,.T.);
#26850=ORIENTED_EDGE('',*,*,#26840,.T.);
#26860=CARTESIAN_POINT('',(1.461205,0.,16.9462469596844));
#26870=DIRECTION('',(0.,0.809016994374947,0.587785252292473));
#26880=VECTOR('',#26870,1.);
#26890=LINE('',#26860,#26880);
#26900=CARTESIAN_POINT('',(1.461205,-16.721698,4.79722222222221));
#26910=VERTEX_POINT('',#26900);
#26920=EDGE_CURVE('',#26910,#26830,#26890,.T.);
#26930=ORIENTED_EDGE('',*,*,#26920,.T.);
#26940=CARTESIAN_POINT('',(1.461205,-16.721698,2.96638115310108));
#26950=DIRECTION('',(0.,0.,-1.));
#26960=VECTOR('',#26950,1.);
#26970=LINE('',#26940,#26960);
#26980=CARTESIAN_POINT('',(1.461205,-16.721698,3.30277777777779));
#26990=VERTEX_POINT('',#26980);
#27000=EDGE_CURVE('',#26910,#26990,#26970,.T.);
#27010=ORIENTED_EDGE('',*,*,#27000,.F.);
#27020=CARTESIAN_POINT('',(1.461205,0.,-8.8462469596844));
#27030=DIRECTION('',(-0.,-0.809016994374947,0.587785252292473));
#27040=VECTOR('',#27030,1.);
#27050=LINE('',#27020,#27040);
#27060=CARTESIAN_POINT('',(1.461205,-16.171698,2.90317938737483));
#27070=VERTEX_POINT('',#27060);
#27080=EDGE_CURVE('',#27070,#26990,#27050,.T.);
#27090=ORIENTED_EDGE('',*,*,#27080,.T.);
#27100=CARTESIAN_POINT('',(1.461205,-16.171698,7.5));
#27110=DIRECTION('',(-0.,-7.40148683083437E-16,1.));
#27120=VECTOR('',#27110,1.);
#27130=LINE('',#27100,#27120);
#27140=CARTESIAN_POINT('',(1.461205,-16.171698,2.69682061262517));
#27150=VERTEX_POINT('',#27140);
#27160=EDGE_CURVE('',#27150,#27070,#27130,.T.);
#27170=ORIENTED_EDGE('',*,*,#27160,.T.);
#27180=CARTESIAN_POINT('',(1.461205,0.,14.4462469596844));
#27190=DIRECTION('',(0.,0.809016994374947,0.587785252292473));
#27200=VECTOR('',#27190,1.);
#27210=LINE('',#27180,#27200);
#27220=CARTESIAN_POINT('',(1.461205,-16.721698,2.29722222222221));
#27230=VERTEX_POINT('',#27220);
#27240=EDGE_CURVE('',#27230,#27150,#27210,.T.);
#27250=ORIENTED_EDGE('',*,*,#27240,.T.);
#27260=CARTESIAN_POINT('',(1.461205,-16.721698,0.466381153101082));
#27270=DIRECTION('',(0.,0.,-1.));
#27280=VECTOR('',#27270,1.);
#27290=LINE('',#27260,#27280);
#27300=EDGE_CURVE('',#27230,#16490,#27290,.T.);
#27310=ORIENTED_EDGE('',*,*,#27300,.F.);
#27320=ORIENTED_EDGE('',*,*,#16520,.F.);
#27330=ORIENTED_EDGE('',*,*,#22540,.F.);
#27340=ORIENTED_EDGE('',*,*,#22730,.F.);
#27350=ORIENTED_EDGE('',*,*,#23160,.F.);
#27360=ORIENTED_EDGE('',*,*,#10310,.F.);
#27370=ORIENTED_EDGE('',*,*,#18900,.F.);
#27380=CARTESIAN_POINT('',(1.461205,0.,-6.94563240321852));
#27390=DIRECTION('',(0.,0.809016994374947,-0.587785252292473));
#27400=VECTOR('',#27390,1.);
#27410=LINE('',#27380,#27400);
#27420=CARTESIAN_POINT('',(1.461205,-13.271698,2.69682061262517));
#27430=VERTEX_POINT('',#27420);
#27440=EDGE_CURVE('',#27430,#18830,#27410,.T.);
#27450=ORIENTED_EDGE('',*,*,#27440,.T.);
#27460=CARTESIAN_POINT('',(1.461205,-13.271698,7.5));
#27470=DIRECTION('',(0.,-7.40148683083437E-16,-1.));
#27480=VECTOR('',#27470,1.);
#27490=LINE('',#27460,#27480);
#27500=CARTESIAN_POINT('',(1.461205,-13.271698,2.90317938737483));
#27510=VERTEX_POINT('',#27500);
#27520=EDGE_CURVE('',#27510,#27430,#27490,.T.);
#27530=ORIENTED_EDGE('',*,*,#27520,.T.);
#27540=CARTESIAN_POINT('',(1.461205,0.,12.5456324032185));
#27550=DIRECTION('',(0.,-0.809016994374947,-0.587785252292473));
#27560=VECTOR('',#27550,1.);
#27570=LINE('',#27540,#27560);
#27580=EDGE_CURVE('',#18590,#27510,#27570,.T.);
#27590=ORIENTED_EDGE('',*,*,#27580,.T.);
#27600=ORIENTED_EDGE('',*,*,#18600,.F.);
#27610=CARTESIAN_POINT('',(1.461205,0.,-4.44563240321852));
#27620=DIRECTION('',(0.,0.809016994374947,-0.587785252292473));
#27630=VECTOR('',#27620,1.);
#27640=LINE('',#27610,#27630);
#27650=CARTESIAN_POINT('',(1.461205,-13.271698,5.19682061262517));
#27660=VERTEX_POINT('',#27650);
#27670=EDGE_CURVE('',#27660,#18510,#27640,.T.);
#27680=ORIENTED_EDGE('',*,*,#27670,.T.);
#27690=CARTESIAN_POINT('',(1.461205,-13.271698,10.));
#27700=DIRECTION('',(0.,-7.40148683083437E-16,-1.));
#27710=VECTOR('',#27700,1.);
#27720=LINE('',#27690,#27710);
#27730=CARTESIAN_POINT('',(1.461205,-13.271698,5.40317938737483));
#27740=VERTEX_POINT('',#27730);
#27750=EDGE_CURVE('',#27740,#27660,#27720,.T.);
#27760=ORIENTED_EDGE('',*,*,#27750,.T.);
#27770=CARTESIAN_POINT('',(1.461205,0.,15.0456324032185));
#27780=DIRECTION('',(0.,-0.809016994374947,-0.587785252292473));
#27790=VECTOR('',#27780,1.);
#27800=LINE('',#27770,#27790);
#27810=EDGE_CURVE('',#18270,#27740,#27800,.T.);
#27820=ORIENTED_EDGE('',*,*,#27810,.T.);
#27830=ORIENTED_EDGE('',*,*,#18280,.F.);
#27840=CARTESIAN_POINT('',(1.461205,0.,-5.47172084529161));
#27850=DIRECTION('',(-0.,-0.707106781186548,0.707106781186547));
#27860=VECTOR('',#27850,1.);
#27870=LINE('',#27840,#27860);
#27880=CARTESIAN_POINT('',(1.461205,-12.8443920610436,7.37267121575205))
;
#27890=VERTEX_POINT('',#27880);
#27900=EDGE_CURVE('',#18190,#27890,#27870,.T.);
#27910=ORIENTED_EDGE('',*,*,#27900,.F.);
#27920=CARTESIAN_POINT('',(1.461205,-12.5449213047034,8.32677669529664))
;
#27930=DIRECTION('',(1.,0.,0.));
#27940=DIRECTION('',(0.,0.,-1.));
#27950=AXIS2_PLACEMENT_3D('',#27920,#27930,#27940);
#27960=CIRCLE('',#27950,1.);
#27970=CARTESIAN_POINT('',(1.461205,-13.499026784248,8.02730593895641));
#27980=VERTEX_POINT('',#27970);
#27990=EDGE_CURVE('',#27980,#27890,#27960,.T.);
#28000=ORIENTED_EDGE('',*,*,#27990,.T.);
#28010=CARTESIAN_POINT('',(1.461205,0.,-5.47172084529161));
#28020=DIRECTION('',(-0.,-0.707106781186548,0.707106781186547));
#28030=VECTOR('',#28020,1.);
#28040=LINE('',#28010,#28030);
#28050=CARTESIAN_POINT('',(1.461205,-13.5717208452916,8.1));
#28060=VERTEX_POINT('',#28050);
#28070=EDGE_CURVE('',#27980,#28060,#28040,.T.);
#28080=ORIENTED_EDGE('',*,*,#28070,.F.);
#28090=CARTESIAN_POINT('',(1.461205,0.,8.1));
#28100=DIRECTION('',(0.,-1.,0.));
#28110=VECTOR('',#28100,1.);
#28120=LINE('',#28090,#28110);
#28130=CARTESIAN_POINT('',(1.461205,-16.6217018076936,8.1));
#28140=VERTEX_POINT('',#28130);
#28150=EDGE_CURVE('',#28060,#28140,#28120,.T.);
#28160=ORIENTED_EDGE('',*,*,#28150,.F.);
#28170=CARTESIAN_POINT('',(1.461205,-16.6216941921614,7.99999619216143))
;
#28180=DIRECTION('',(1.,0.,0.));
#28190=DIRECTION('',(0.,0.7071067811863,-0.707106781186795));
#28200=AXIS2_PLACEMENT_3D('',#28170,#28180,#28190);
#28210=ELLIPSE('',#28200,0.100007615532162,0.1);
#28220=CARTESIAN_POINT('',(1.461205,-16.721698,8.00000380769358));
#28230=VERTEX_POINT('',#28220);
#28240=EDGE_CURVE('',#28140,#28230,#28210,.T.);
#28250=ORIENTED_EDGE('',*,*,#28240,.F.);
#28260=CARTESIAN_POINT('',(1.461205,-16.721698,0.466381153101082));
#28270=DIRECTION('',(0.,0.,-1.));
#28280=VECTOR('',#28270,1.);
#28290=LINE('',#28260,#28280);
#28300=EDGE_CURVE('',#28230,#26750,#28290,.T.);
#28310=ORIENTED_EDGE('',*,*,#28300,.F.);
#28320=EDGE_LOOP('',(#28310,#28250,#28160,#28080,#28000,#27910,#27830,
#27820,#27760,#27680,#27600,#27590,#27530,#27450,#27370,#27360,#27350,
#27340,#27330,#27320,#27310,#27250,#27170,#27090,#27010,#26930,#26850,
#26770));
#28330=FACE_OUTER_BOUND('',#28320,.T.);
#28340=ADVANCED_FACE('',(#25270,#25970,#26670,#28330),#24570,.F.);
#28350=COLOUR_RGB('',0.313725501298904,0.313725501298904,
0.313725501298904);
#28360=FILL_AREA_STYLE_COLOUR('',#28350);
#28370=FILL_AREA_STYLE('',(#28360));
#28380=SURFACE_STYLE_FILL_AREA(#28370);
#28390=SURFACE_SIDE_STYLE('',(#28380));
#28400=SURFACE_STYLE_USAGE(.BOTH.,#28390);
#28410=PRESENTATION_STYLE_ASSIGNMENT((#28400));
#28420=CARTESIAN_POINT('',(1.261205,-15.421698,1.55));
#28430=DIRECTION('',(0.242535625036333,0.970142500145332,0.));
#28440=DIRECTION('',(0.970142500145332,-0.242535625036333,
1.07707454082876E-15));
#28450=AXIS2_PLACEMENT_3D('',#28420,#28430,#28440);
#28460=PLANE('',#28450);
#28470=CARTESIAN_POINT('',(1.461205,-15.471698,1.9));
#28480=DIRECTION('',(-0.970142500145332,0.242535625036333,
-1.07707454082876E-15));
#28490=VECTOR('',#28480,1.);
#28500=LINE('',#28470,#28490);
#28510=EDGE_CURVE('',#25340,#4760,#28500,.T.);
#28520=ORIENTED_EDGE('',*,*,#28510,.T.);
#28530=ORIENTED_EDGE('',*,*,#25940,.F.);
#28540=CARTESIAN_POINT('',(1.461205,-15.471698,1.2));
#28550=DIRECTION('',(-0.970142500145332,0.242535625036332,
5.38537270414381E-16));
#28560=VECTOR('',#28550,1.);
#28570=LINE('',#28540,#28560);
#28580=EDGE_CURVE('',#25870,#4230,#28570,.T.);
#28590=ORIENTED_EDGE('',*,*,#28580,.F.);
#28600=ORIENTED_EDGE('',*,*,#4830,.F.);
#28610=EDGE_LOOP('',(#28600,#28590,#28530,#28520));
#28620=FACE_OUTER_BOUND('',#28610,.T.);
#28630=ADVANCED_FACE('',(#28620),#28460,.F.);
#28640=COLOUR_RGB('',0.313725501298904,0.313725501298904,
0.313725501298904);
#28650=FILL_AREA_STYLE_COLOUR('',#28640);
#28660=FILL_AREA_STYLE('',(#28650));
#28670=SURFACE_STYLE_FILL_AREA(#28660);
#28680=SURFACE_SIDE_STYLE('',(#28670));
#28690=SURFACE_STYLE_USAGE(.BOTH.,#28680);
#28700=PRESENTATION_STYLE_ASSIGNMENT((#28690));
#28710=CARTESIAN_POINT('',(0.461205000000001,-12.221698,4.05));
#28720=DIRECTION('',(0.,1.,-0.));
#28730=DIRECTION('',(-1.,0.,0.));
#28740=AXIS2_PLACEMENT_3D('',#28710,#28720,#28730);
#28750=PLANE('',#28740);
#28760=CARTESIAN_POINT('',(-5.97759,-12.221698,2.8));
#28770=DIRECTION('',(-1.,0.,0.));
#28780=VECTOR('',#28770,1.);
#28790=LINE('',#28760,#28780);
#28800=CARTESIAN_POINT('',(-2.688795,-12.221698,2.8));
#28810=VERTEX_POINT('',#28800);
#28820=CARTESIAN_POINT('',(-3.038795,-12.221698,2.8));
#28830=VERTEX_POINT('',#28820);
#28840=EDGE_CURVE('',#28810,#28830,#28790,.T.);
#28850=ORIENTED_EDGE('',*,*,#28840,.F.);
#28860=CARTESIAN_POINT('',(-3.038795,-12.221698,7.5));
#28870=DIRECTION('',(0.,0.,-1.));
#28880=VECTOR('',#28870,1.);
#28890=LINE('',#28860,#28880);
#28900=EDGE_CURVE('',#28830,#7780,#28890,.T.);
#28910=ORIENTED_EDGE('',*,*,#28900,.F.);
#28920=ORIENTED_EDGE('',*,*,#7790,.F.);
#28930=ORIENTED_EDGE('',*,*,#1180,.T.);
#28940=ORIENTED_EDGE('',*,*,#23870,.F.);
#28950=CARTESIAN_POINT('',(3.961205,-12.221698,0.466381153101082));
#28960=DIRECTION('',(0.,0.,1.));
#28970=VECTOR('',#28960,1.);
#28980=LINE('',#28950,#28970);
#28990=CARTESIAN_POINT('',(3.961205,-12.221698,1.94999999999999));
#29000=VERTEX_POINT('',#28990);
#29010=EDGE_CURVE('',#23780,#29000,#28980,.T.);
#29020=ORIENTED_EDGE('',*,*,#29010,.F.);
#29030=CARTESIAN_POINT('',(-3.038795,-12.221698,-5.05));
#29040=DIRECTION('',(0.707106781186548,0.,0.707106781186548));
#29050=VECTOR('',#29040,1.);
#29060=LINE('',#29030,#29050);
#29070=CARTESIAN_POINT('',(4.461205,-12.221698,2.45));
#29080=VERTEX_POINT('',#29070);
#29090=EDGE_CURVE('',#29000,#29080,#29060,.T.);
#29100=ORIENTED_EDGE('',*,*,#29090,.F.);
#29110=CARTESIAN_POINT('',(4.461205,-12.221698,0.466381153101082));
#29120=DIRECTION('',(0.,0.,-1.));
#29130=VECTOR('',#29120,1.);
#29140=LINE('',#29110,#29130);
#29150=CARTESIAN_POINT('',(4.461205,-12.221698,3.15));
#29160=VERTEX_POINT('',#29150);
#29170=EDGE_CURVE('',#29160,#29080,#29140,.T.);
#29180=ORIENTED_EDGE('',*,*,#29170,.T.);
#29190=CARTESIAN_POINT('',(-3.038795,-12.221698,10.65));
#29200=DIRECTION('',(-0.707106781186548,0.,0.707106781186548));
#29210=VECTOR('',#29200,1.);
#29220=LINE('',#29190,#29210);
#29230=CARTESIAN_POINT('',(3.961205,-12.221698,3.65000000000001));
#29240=VERTEX_POINT('',#29230);
#29250=EDGE_CURVE('',#29160,#29240,#29220,.T.);
#29260=ORIENTED_EDGE('',*,*,#29250,.F.);
#29270=CARTESIAN_POINT('',(3.961205,-12.221698,2.96638115310108));
#29280=DIRECTION('',(0.,0.,1.));
#29290=VECTOR('',#29280,1.);
#29300=LINE('',#29270,#29290);
#29310=CARTESIAN_POINT('',(3.961205,-12.221698,4.45));
#29320=VERTEX_POINT('',#29310);
#29330=EDGE_CURVE('',#29240,#29320,#29300,.T.);
#29340=ORIENTED_EDGE('',*,*,#29330,.F.);
#29350=CARTESIAN_POINT('',(-3.038795,-12.221698,-2.55));
#29360=DIRECTION('',(0.707106781186548,0.,0.707106781186548));
#29370=VECTOR('',#29360,1.);
#29380=LINE('',#29350,#29370);
#29390=CARTESIAN_POINT('',(4.461205,-12.221698,4.95));
#29400=VERTEX_POINT('',#29390);
#29410=EDGE_CURVE('',#29320,#29400,#29380,.T.);
#29420=ORIENTED_EDGE('',*,*,#29410,.F.);
#29430=CARTESIAN_POINT('',(4.461205,-12.221698,2.96638115310108));
#29440=DIRECTION('',(0.,0.,-1.));
#29450=VECTOR('',#29440,1.);
#29460=LINE('',#29430,#29450);
#29470=CARTESIAN_POINT('',(4.461205,-12.221698,5.65));
#29480=VERTEX_POINT('',#29470);
#29490=EDGE_CURVE('',#29480,#29400,#29460,.T.);
#29500=ORIENTED_EDGE('',*,*,#29490,.T.);
#29510=CARTESIAN_POINT('',(-3.038795,-12.221698,13.15));
#29520=DIRECTION('',(-0.707106781186548,0.,0.707106781186548));
#29530=VECTOR('',#29520,1.);
#29540=LINE('',#29510,#29530);
#29550=CARTESIAN_POINT('',(3.961205,-12.221698,6.15000000000001));
#29560=VERTEX_POINT('',#29550);
#29570=EDGE_CURVE('',#29480,#29560,#29540,.T.);
#29580=ORIENTED_EDGE('',*,*,#29570,.F.);
#29590=CARTESIAN_POINT('',(3.961205,-12.221698,0.466381153101082));
#29600=DIRECTION('',(0.,0.,1.));
#29610=VECTOR('',#29600,1.);
#29620=LINE('',#29590,#29610);
#29630=CARTESIAN_POINT('',(3.961205,-12.221698,6.95));
#29640=VERTEX_POINT('',#29630);
#29650=EDGE_CURVE('',#29560,#29640,#29620,.T.);
#29660=ORIENTED_EDGE('',*,*,#29650,.F.);
#29670=CARTESIAN_POINT('',(-3.038795,-12.221698,-0.0500000000000025));
#29680=DIRECTION('',(0.707106781186548,0.,0.707106781186548));
#29690=VECTOR('',#29680,1.);
#29700=LINE('',#29670,#29690);
#29710=CARTESIAN_POINT('',(4.461205,-12.221698,7.45));
#29720=VERTEX_POINT('',#29710);
#29730=EDGE_CURVE('',#29640,#29720,#29700,.T.);
#29740=ORIENTED_EDGE('',*,*,#29730,.F.);
#29750=CARTESIAN_POINT('',(4.461205,-12.221698,7.5));
#29760=DIRECTION('',(0.,0.,-1.));
#29770=VECTOR('',#29760,1.);
#29780=LINE('',#29750,#29770);
#29790=CARTESIAN_POINT('',(4.461205,-12.221698,7.52573593128807));
#29800=VERTEX_POINT('',#29790);
#29810=EDGE_CURVE('',#29800,#29720,#29780,.T.);
#29820=ORIENTED_EDGE('',*,*,#29810,.T.);
#29830=CARTESIAN_POINT('',(-5.97759,-12.221698,7.52573593128807));
#29840=DIRECTION('',(1.,0.,0.));
#29850=VECTOR('',#29840,1.);
#29860=LINE('',#29830,#29850);
#29870=CARTESIAN_POINT('',(-3.038795,-12.221698,7.52573593128807));
#29880=VERTEX_POINT('',#29870);
#29890=EDGE_CURVE('',#29880,#29800,#29860,.T.);
#29900=ORIENTED_EDGE('',*,*,#29890,.T.);
#29910=CARTESIAN_POINT('',(-3.038795,-12.221698,7.5));
#29920=DIRECTION('',(0.,0.,-1.));
#29930=VECTOR('',#29920,1.);
#29940=LINE('',#29910,#29930);
#29950=CARTESIAN_POINT('',(-3.038795,-12.221698,5.3));
#29960=VERTEX_POINT('',#29950);
#29970=EDGE_CURVE('',#29880,#29960,#29940,.T.);
#29980=ORIENTED_EDGE('',*,*,#29970,.F.);
#29990=CARTESIAN_POINT('',(-5.97759,-12.221698,5.3));
#30000=DIRECTION('',(-1.,0.,0.));
#30010=VECTOR('',#30000,1.);
#30020=LINE('',#29990,#30010);
#30030=CARTESIAN_POINT('',(-2.688795,-12.221698,5.3));
#30040=VERTEX_POINT('',#30030);
#30050=EDGE_CURVE('',#30040,#29960,#30020,.T.);
#30060=ORIENTED_EDGE('',*,*,#30050,.T.);
#30070=CARTESIAN_POINT('',(-2.688795,-12.221698,10.));
#30080=DIRECTION('',(0.,0.,-1.));
#30090=VECTOR('',#30080,1.);
#30100=LINE('',#30070,#30090);
#30110=EDGE_CURVE('',#30040,#28810,#30100,.T.);
#30120=ORIENTED_EDGE('',*,*,#30110,.F.);
#30130=EDGE_LOOP('',(#30120,#30060,#29980,#29900,#29820,#29740,#29660,
#29580,#29500,#29420,#29340,#29260,#29180,#29100,#29020,#28940,#28930,
#28920,#28910,#28850));
#30140=FACE_OUTER_BOUND('',#30130,.T.);
#30150=ADVANCED_FACE('',(#30140),#28750,.T.);
#30160=COLOUR_RGB('',0.313725501298904,0.313725501298904,
0.313725501298904);
#30170=FILL_AREA_STYLE_COLOUR('',#30160);
#30180=FILL_AREA_STYLE('',(#30170));
#30190=SURFACE_STYLE_FILL_AREA(#30180);
#30200=SURFACE_SIDE_STYLE('',(#30190));
#30210=SURFACE_STYLE_USAGE(.BOTH.,#30200);
#30220=PRESENTATION_STYLE_ASSIGNMENT((#30210));
#30230=CARTESIAN_POINT('',(-2.688795,-12.221698,2.8));
#30240=DIRECTION('',(0.,0.,-1.));
#30250=DIRECTION('',(1.,0.,0.));
#30260=AXIS2_PLACEMENT_3D('',#30230,#30240,#30250);
#30270=PLANE('',#30260);
#30280=CARTESIAN_POINT('',(-3.038795,0.,2.8));
#30290=DIRECTION('',(0.,-1.,0.));
#30300=VECTOR('',#30290,1.);
#30310=LINE('',#30280,#30300);
#30320=EDGE_CURVE('',#28830,#18980,#30310,.T.);
#30330=ORIENTED_EDGE('',*,*,#30320,.T.);
#30340=ORIENTED_EDGE('',*,*,#28840,.T.);
#30350=CARTESIAN_POINT('',(-2.688795,0.,2.8));
#30360=DIRECTION('',(0.,-1.,0.));
#30370=VECTOR('',#30360,1.);
#30380=LINE('',#30350,#30370);
#30390=EDGE_CURVE('',#28810,#17930,#30380,.T.);
#30400=ORIENTED_EDGE('',*,*,#30390,.F.);
#30410=ORIENTED_EDGE('',*,*,#19050,.T.);
#30420=EDGE_LOOP('',(#30410,#30400,#30340,#30330));
#30430=FACE_OUTER_BOUND('',#30420,.T.);
#30440=ADVANCED_FACE('',(#30430),#30270,.F.);
#30450=COLOUR_RGB('',0.313725501298904,0.313725501298904,
0.313725501298904);
#30460=FILL_AREA_STYLE_COLOUR('',#30450);
#30470=FILL_AREA_STYLE('',(#30460));
#30480=SURFACE_STYLE_FILL_AREA(#30470);
#30490=SURFACE_SIDE_STYLE('',(#30480));
#30500=SURFACE_STYLE_USAGE(.BOTH.,#30490);
#30510=PRESENTATION_STYLE_ASSIGNMENT((#30500));
#30520=CARTESIAN_POINT('',(4.46111742304759,-16.7417690316463,5.65));
#30530=DIRECTION('',(-0.00872653549837393,-0.999961923064171,0.));
#30540=DIRECTION('',(0.,0.,1.));
#30550=AXIS2_PLACEMENT_3D('',#30520,#30530,#30540);
#30560=PLANE('',#30550);
#30570=CARTESIAN_POINT('',(3.96120500000001,-16.7374063620234,7.5));
#30580=DIRECTION('',(0.,0.,-1.));
#30590=VECTOR('',#30580,1.);
#30600=LINE('',#30570,#30590);
#30610=CARTESIAN_POINT('',(3.96120500000001,-16.7374063620234,
0.850000000000001));
#30620=VERTEX_POINT('',#30610);
#30630=EDGE_CURVE('',#20640,#30620,#30600,.T.);
#30640=ORIENTED_EDGE('',*,*,#30630,.F.);
#30650=CARTESIAN_POINT('',(-5.97759,-16.6506718120589,0.850000000000001)
);
#30660=DIRECTION('',(0.999961923064171,-0.00872653549837393,-0.));
#30670=VECTOR('',#30660,1.);
#30680=LINE('',#30650,#30670);
#30690=CARTESIAN_POINT('',(3.461205,-16.733042928128,0.850000000000001))
;
#30700=VERTEX_POINT('',#30690);
#30710=EDGE_CURVE('',#30700,#30620,#30680,.T.);
#30720=ORIENTED_EDGE('',*,*,#30710,.T.);
#30730=CARTESIAN_POINT('',(3.461205,-16.733042928128,7.5));
#30740=DIRECTION('',(0.,0.,-1.));
#30750=VECTOR('',#30740,1.);
#30760=LINE('',#30730,#30750);
#30770=CARTESIAN_POINT('',(3.461205,-16.733042928128,2.25));
#30780=VERTEX_POINT('',#30770);
#30790=EDGE_CURVE('',#30780,#30700,#30760,.T.);
#30800=ORIENTED_EDGE('',*,*,#30790,.T.);
#30810=CARTESIAN_POINT('',(-5.97759,-16.6506718120589,2.25));
#30820=DIRECTION('',(-0.999961923064171,0.00872653549837393,0.));
#30830=VECTOR('',#30820,1.);
#30840=LINE('',#30810,#30830);
#30850=CARTESIAN_POINT('',(3.961205,-16.7374063620234,2.25));
#30860=VERTEX_POINT('',#30850);
#30870=EDGE_CURVE('',#30860,#30780,#30840,.T.);
#30880=ORIENTED_EDGE('',*,*,#30870,.T.);
#30890=CARTESIAN_POINT('',(3.961205,-16.7374063620234,7.5));
#30900=DIRECTION('',(0.,0.,1.));
#30910=VECTOR('',#30900,1.);
#30920=LINE('',#30890,#30910);
#30930=CARTESIAN_POINT('',(3.961205,-16.7374063620234,1.85));
#30940=VERTEX_POINT('',#30930);
#30950=EDGE_CURVE('',#30940,#30860,#30920,.T.);
#30960=ORIENTED_EDGE('',*,*,#30950,.T.);
#30970=CARTESIAN_POINT('',(-5.97759,-16.6506718120589,1.85));
#30980=DIRECTION('',(-0.999961923064171,0.00872653549837393,0.));
#30990=VECTOR('',#30980,1.);
#31000=LINE('',#30970,#30990);
#31010=CARTESIAN_POINT('',(3.561205,-16.7339156149071,1.85));
#31020=VERTEX_POINT('',#31010);
#31030=EDGE_CURVE('',#30940,#31020,#31000,.T.);
#31040=ORIENTED_EDGE('',*,*,#31030,.F.);
#31050=CARTESIAN_POINT('',(3.561205,-16.7339156149071,7.5));
#31060=DIRECTION('',(0.,0.,1.));
#31070=VECTOR('',#31060,1.);
#31080=LINE('',#31050,#31070);
#31090=EDGE_CURVE('',#20720,#31020,#31080,.T.);
#31100=ORIENTED_EDGE('',*,*,#31090,.T.);
#31110=ORIENTED_EDGE('',*,*,#20730,.T.);
#31120=EDGE_LOOP('',(#31110,#31100,#31040,#30960,#30880,#30800,#30720,
#30640));
#31130=FACE_OUTER_BOUND('',#31120,.T.);
#31140=ADVANCED_FACE('',(#31130),#30560,.T.);
#31150=COLOUR_RGB('',0.313725501298904,0.313725501298904,
0.313725501298904);
#31160=FILL_AREA_STYLE_COLOUR('',#31150);
#31170=FILL_AREA_STYLE('',(#31160));
#31180=SURFACE_STYLE_FILL_AREA(#31170);
#31190=SURFACE_SIDE_STYLE('',(#31180));
#31200=SURFACE_STYLE_USAGE(.BOTH.,#31190);
#31210=PRESENTATION_STYLE_ASSIGNMENT((#31200));
#31220=CARTESIAN_POINT('',(3.886205,-13.846698,1.4));
#31230=DIRECTION('',(0.707106781186548,-0.707106781186548,0.));
#31240=DIRECTION('',(0.707106781186548,0.707106781186548,0.));
#31250=AXIS2_PLACEMENT_3D('',#31220,#31230,#31240);
#31260=PLANE('',#31250);
#31270=CARTESIAN_POINT('',(17.7329029999997,0.,1.85));
#31280=DIRECTION('',(0.707106781186539,0.707106781186556,0.));
#31290=VECTOR('',#31280,1.);
#31300=LINE('',#31270,#31290);
#31310=CARTESIAN_POINT('',(3.961205,-13.771698,1.85));
#31320=VERTEX_POINT('',#31310);
#31330=EDGE_CURVE('',#12150,#31320,#31300,.T.);
#31340=ORIENTED_EDGE('',*,*,#31330,.F.);
#31350=CARTESIAN_POINT('',(3.961205,-13.771698,1.4));
#31360=DIRECTION('',(0.,0.,1.));
#31370=VECTOR('',#31360,1.);
#31380=LINE('',#31350,#31370);
#31390=EDGE_CURVE('',#20560,#31320,#31380,.T.);
#31400=ORIENTED_EDGE('',*,*,#31390,.T.);
#31410=ORIENTED_EDGE('',*,*,#20570,.T.);
#31420=ORIENTED_EDGE('',*,*,#12220,.F.);
#31430=EDGE_LOOP('',(#31420,#31410,#31400,#31340));
#31440=FACE_OUTER_BOUND('',#31430,.T.);
#31450=ADVANCED_FACE('',(#31440),#31260,.T.);
#31460=COLOUR_RGB('',0.313725501298904,0.313725501298904,
0.313725501298904);
#31470=FILL_AREA_STYLE_COLOUR('',#31460);
#31480=FILL_AREA_STYLE('',(#31470));
#31490=SURFACE_STYLE_FILL_AREA(#31480);
#31500=SURFACE_SIDE_STYLE('',(#31490));
#31510=SURFACE_STYLE_USAGE(.BOTH.,#31500);
#31520=PRESENTATION_STYLE_ASSIGNMENT((#31510));
#31530=CARTESIAN_POINT('',(1.261205,-14.021698,1.55));
#31540=DIRECTION('',(0.242535625036333,-0.970142500145332,0.));
#31550=DIRECTION('',(0.970142500145332,0.242535625036333,
1.07707454082876E-15));
#31560=AXIS2_PLACEMENT_3D('',#31530,#31540,#31550);
#31570=PLANE('',#31560);
#31580=CARTESIAN_POINT('',(1.461205,-13.971698,1.2));
#31590=DIRECTION('',(-0.970142500145332,-0.242535625036333,
-1.07707454082876E-15));
#31600=VECTOR('',#31590,1.);
#31610=LINE('',#31580,#31600);
#31620=EDGE_CURVE('',#25610,#4420,#31610,.T.);
#31630=ORIENTED_EDGE('',*,*,#31620,.T.);
#31640=ORIENTED_EDGE('',*,*,#25620,.F.);
#31650=CARTESIAN_POINT('',(1.061205,-14.071698,1.9));
#31660=DIRECTION('',(0.970142500145332,0.242535625036333,
1.07707454082876E-15));
#31670=VECTOR('',#31660,1.);
#31680=LINE('',#31650,#31670);
#31690=EDGE_CURVE('',#4500,#25530,#31680,.T.);
#31700=ORIENTED_EDGE('',*,*,#31690,.T.);
#31710=ORIENTED_EDGE('',*,*,#4510,.F.);
#31720=EDGE_LOOP('',(#31710,#31700,#31640,#31630));
#31730=FACE_OUTER_BOUND('',#31720,.T.);
#31740=ADVANCED_FACE('',(#31730),#31570,.F.);
#31750=COLOUR_RGB('',0.313725501298904,0.313725501298904,
0.313725501298904);
#31760=FILL_AREA_STYLE_COLOUR('',#31750);
#31770=FILL_AREA_STYLE('',(#31760));
#31780=SURFACE_STYLE_FILL_AREA(#31770);
#31790=SURFACE_SIDE_STYLE('',(#31780));
#31800=SURFACE_STYLE_USAGE(.BOTH.,#31790);
#31810=PRESENTATION_STYLE_ASSIGNMENT((#31800));
#31820=CARTESIAN_POINT('',(1.461205,-14.271698,1.2));
#31830=DIRECTION('',(1.,0.,0.));
#31840=DIRECTION('',(0.,1.,0.));
#31850=AXIS2_PLACEMENT_3D('',#31820,#31830,#31840);
#31860=CONICAL_SURFACE('',#31850,0.3,0.244978663126864);
#31870=ORIENTED_EDGE('',*,*,#31620,.F.);
#31880=ORIENTED_EDGE('',*,*,#4430,.T.);
#31890=CARTESIAN_POINT('',(1.461205,-14.271698,0.9));
#31900=DIRECTION('',(-0.970142500145332,0.,0.242535625036333));
#31910=VECTOR('',#31900,1.);
#31920=LINE('',#31890,#31910);
#31930=EDGE_CURVE('',#25700,#4330,#31920,.T.);
#31940=ORIENTED_EDGE('',*,*,#31930,.T.);
#31950=ORIENTED_EDGE('',*,*,#25710,.T.);
#31960=EDGE_LOOP('',(#31950,#31940,#31880,#31870));
#31970=FACE_OUTER_BOUND('',#31960,.T.);
#31980=ADVANCED_FACE('',(#31970),#31860,.T.);
#31990=COLOUR_RGB('',0.313725501298904,0.313725501298904,
0.313725501298904);
#32000=FILL_AREA_STYLE_COLOUR('',#31990);
#32010=FILL_AREA_STYLE('',(#32000));
#32020=SURFACE_STYLE_FILL_AREA(#32010);
#32030=SURFACE_SIDE_STYLE('',(#32020));
#32040=SURFACE_STYLE_USAGE(.BOTH.,#32030);
#32050=PRESENTATION_STYLE_ASSIGNMENT((#32040));
#32060=CARTESIAN_POINT('',(1.261205,-14.721698,0.95));
#32070=DIRECTION('',(0.242535625036332,-0.,0.970142500145332));
#32080=DIRECTION('',(0.970142500145332,0.,-0.242535625036332));
#32090=AXIS2_PLACEMENT_3D('',#32060,#32070,#32080);
#32100=PLANE('',#32090);
#32110=CARTESIAN_POINT('',(1.061205,-15.171698,1.));
#32120=DIRECTION('',(0.970142500145332,0.,-0.242535625036333));
#32130=VECTOR('',#32120,1.);
#32140=LINE('',#32110,#32130);
#32150=EDGE_CURVE('',#4250,#25780,#32140,.T.);
#32160=ORIENTED_EDGE('',*,*,#32150,.F.);
#32170=ORIENTED_EDGE('',*,*,#25790,.F.);
#32180=ORIENTED_EDGE('',*,*,#31930,.F.);
#32190=ORIENTED_EDGE('',*,*,#4340,.F.);
#32200=EDGE_LOOP('',(#32190,#32180,#32170,#32160));
#32210=FACE_OUTER_BOUND('',#32200,.T.);
#32220=ADVANCED_FACE('',(#32210),#32100,.F.);
#32230=COLOUR_RGB('',0.313725501298904,0.313725501298904,
0.313725501298904);
#32240=FILL_AREA_STYLE_COLOUR('',#32230);
#32250=FILL_AREA_STYLE('',(#32240));
#32260=SURFACE_STYLE_FILL_AREA(#32250);
#32270=SURFACE_SIDE_STYLE('',(#32260));
#32280=SURFACE_STYLE_USAGE(.BOTH.,#32270);
#32290=PRESENTATION_STYLE_ASSIGNMENT((#32280));
#32300=CARTESIAN_POINT('',(1.461205,-15.171698,1.2));
#32310=DIRECTION('',(1.,0.,0.));
#32320=DIRECTION('',(0.,1.,0.));
#32330=AXIS2_PLACEMENT_3D('',#32300,#32310,#32320);
#32340=CONICAL_SURFACE('',#32330,0.3,0.244978663126864);
#32350=ORIENTED_EDGE('',*,*,#32150,.T.);
#32360=ORIENTED_EDGE('',*,*,#4260,.T.);
#32370=ORIENTED_EDGE('',*,*,#28580,.T.);
#32380=ORIENTED_EDGE('',*,*,#25880,.T.);
#32390=EDGE_LOOP('',(#32380,#32370,#32360,#32350));
#32400=FACE_OUTER_BOUND('',#32390,.T.);
#32410=ADVANCED_FACE('',(#32400),#32340,.T.);
#32420=COLOUR_RGB('',0.313725501298904,0.313725501298904,
0.313725501298904);
#32430=FILL_AREA_STYLE_COLOUR('',#32420);
#32440=FILL_AREA_STYLE('',(#32430));
#32450=SURFACE_STYLE_FILL_AREA(#32440);
#32460=SURFACE_SIDE_STYLE('',(#32450));
#32470=SURFACE_STYLE_USAGE(.BOTH.,#32460);
#32480=PRESENTATION_STYLE_ASSIGNMENT((#32470));
#32490=CARTESIAN_POINT('',(-3.038795,-15.133830034356,-0.294635452529208
));
#32500=DIRECTION('',(-1.,0.,0.));
#32510=DIRECTION('',(0.,0.,1.));
#32520=AXIS2_PLACEMENT_3D('',#32490,#32500,#32510);
#32530=PLANE('',#32520);
#32540=ORIENTED_EDGE('',*,*,#7880,.F.);
#32550=ORIENTED_EDGE('',*,*,#28900,.T.);
#32560=ORIENTED_EDGE('',*,*,#30320,.F.);
#32570=ORIENTED_EDGE('',*,*,#18990,.T.);
#32580=ORIENTED_EDGE('',*,*,#10630,.T.);
#32590=ORIENTED_EDGE('',*,*,#23240,.F.);
#32600=ORIENTED_EDGE('',*,*,#22820,.T.);
#32610=ORIENTED_EDGE('',*,*,#22400,.F.);
#32620=ORIENTED_EDGE('',*,*,#16690,.F.);
#32630=CARTESIAN_POINT('',(-3.038795,-16.7609689050584,7.5));
#32640=DIRECTION('',(0.,0.,1.));
#32650=VECTOR('',#32640,1.);
#32660=LINE('',#32630,#32650);
#32670=EDGE_CURVE('',#16590,#24180,#32660,.T.);
#32680=ORIENTED_EDGE('',*,*,#32670,.F.);
#32690=ORIENTED_EDGE('',*,*,#24410,.T.);
#32700=CARTESIAN_POINT('',(-3.038795,-17.221698,1.33426019762895));
#32710=DIRECTION('',(0.,0.,1.));
#32720=VECTOR('',#32710,1.);
#32730=LINE('',#32700,#32720);
#32740=CARTESIAN_POINT('',(-3.038795,-17.221698,-0.249999999999995));
#32750=VERTEX_POINT('',#32740);
#32760=EDGE_CURVE('',#32750,#24340,#32730,.T.);
#32770=ORIENTED_EDGE('',*,*,#32760,.T.);
#32780=CARTESIAN_POINT('',(-3.038795,-16.921698,-0.250000000000002));
#32790=DIRECTION('',(1.,0.,0.));
#32800=DIRECTION('',(0.,1.,0.));
#32810=AXIS2_PLACEMENT_3D('',#32780,#32790,#32800);
#32820=CIRCLE('',#32810,0.3);
#32830=EDGE_CURVE('',#32750,#1550,#32820,.T.);
#32840=ORIENTED_EDGE('',*,*,#32830,.F.);
#32850=ORIENTED_EDGE('',*,*,#1580,.F.);
#32860=ORIENTED_EDGE('',*,*,#21700,.F.);
#32870=ORIENTED_EDGE('',*,*,#8660,.F.);
#32880=EDGE_LOOP('',(#32870,#32860,#32850,#32840,#32770,#32690,#32680,
#32620,#32610,#32600,#32590,#32580,#32570,#32560,#32550,#32540));
#32890=FACE_OUTER_BOUND('',#32880,.T.);
#32900=ADVANCED_FACE('',(#32890),#32530,.T.);
#32910=COLOUR_RGB('',0.313725501298904,0.313725501298904,
0.313725501298904);
#32920=FILL_AREA_STYLE_COLOUR('',#32910);
#32930=FILL_AREA_STYLE('',(#32920));
#32940=SURFACE_STYLE_FILL_AREA(#32930);
#32950=SURFACE_SIDE_STYLE('',(#32940));
#32960=SURFACE_STYLE_USAGE(.BOTH.,#32950);
#32970=PRESENTATION_STYLE_ASSIGNMENT((#32960));
#32980=CARTESIAN_POINT('',(-3.03862365378877,-16.7609674097427,8.15));
#32990=DIRECTION('',(-0.00872653549837393,0.999961923064171,0.));
#33000=DIRECTION('',(0.,0.,-1.));
#33010=AXIS2_PLACEMENT_3D('',#32980,#32990,#33000);
#33020=PLANE('',#33010);
#33030=ORIENTED_EDGE('',*,*,#27300,.T.);
#33040=CARTESIAN_POINT('',(-5.97759,-16.7866153804876,2.33029927969513))
;
#33050=DIRECTION('',(-0.999952038386574,-0.00872644923609939,
0.00444634796951386));
#33060=VECTOR('',#33050,1.);
#33070=LINE('',#33040,#33060);
#33080=CARTESIAN_POINT('',(-2.538795,-16.756605471163,2.31500846715727))
;
#33090=VERTEX_POINT('',#33080);
#33100=EDGE_CURVE('',#27230,#33090,#33070,.T.);
#33110=ORIENTED_EDGE('',*,*,#33100,.F.);
#33120=CARTESIAN_POINT('',(-2.538795,-16.756605471163,7.5));
#33130=DIRECTION('',(0.,0.,1.));
#33140=VECTOR('',#33130,1.);
#33150=LINE('',#33120,#33140);
#33160=CARTESIAN_POINT('',(-2.538795,-16.756605471163,3.28499153284273))
;
#33170=VERTEX_POINT('',#33160);
#33180=EDGE_CURVE('',#33090,#33170,#33150,.T.);
#33190=ORIENTED_EDGE('',*,*,#33180,.F.);
#33200=CARTESIAN_POINT('',(-5.97759,-16.7866153804876,3.26970072030486))
;
#33210=DIRECTION('',(0.999952038386574,0.00872644923609939,
0.00444634796951385));
#33220=VECTOR('',#33210,1.);
#33230=LINE('',#33200,#33220);
#33240=EDGE_CURVE('',#33170,#26990,#33230,.T.);
#33250=ORIENTED_EDGE('',*,*,#33240,.F.);
#33260=ORIENTED_EDGE('',*,*,#27000,.T.);
#33270=CARTESIAN_POINT('',(-5.97759,-16.7866153804876,4.83029927969513))
;
#33280=DIRECTION('',(-0.999952038386574,-0.00872644923609939,
0.00444634796951386));
#33290=VECTOR('',#33280,1.);
#33300=LINE('',#33270,#33290);
#33310=CARTESIAN_POINT('',(-2.538795,-16.756605471163,4.81500846715727))
;
#33320=VERTEX_POINT('',#33310);
#33330=EDGE_CURVE('',#26910,#33320,#33300,.T.);
#33340=ORIENTED_EDGE('',*,*,#33330,.F.);
#33350=CARTESIAN_POINT('',(-2.538795,-16.756605471163,10.));
#33360=DIRECTION('',(0.,0.,1.));
#33370=VECTOR('',#33360,1.);
#33380=LINE('',#33350,#33370);
#33390=CARTESIAN_POINT('',(-2.538795,-16.756605471163,5.78499153284273))
;
#33400=VERTEX_POINT('',#33390);
#33410=EDGE_CURVE('',#33320,#33400,#33380,.T.);
#33420=ORIENTED_EDGE('',*,*,#33410,.F.);
#33430=CARTESIAN_POINT('',(-5.97759,-16.7866153804876,5.76970072030487))
;
#33440=DIRECTION('',(0.999952038386574,0.00872644923609939,
0.00444634796951385));
#33450=VECTOR('',#33440,1.);
#33460=LINE('',#33430,#33450);
#33470=EDGE_CURVE('',#33400,#26750,#33460,.T.);
#33480=ORIENTED_EDGE('',*,*,#33470,.F.);
#33490=ORIENTED_EDGE('',*,*,#28300,.T.);
#33500=CARTESIAN_POINT('',(-5.97671734645016,-16.7866077649554,
8.06491357264898));
#33510=DIRECTION('',(-0.99992385047757,-0.00872620324394422,
0.00872620324394422));
#33520=VECTOR('',#33510,1.);
#33530=LINE('',#33500,#33520);
#33540=CARTESIAN_POINT('',(-3.038795,-16.7609689050584,8.039274712752));
#33550=VERTEX_POINT('',#33540);
#33560=EDGE_CURVE('',#28230,#33550,#33530,.T.);
#33570=ORIENTED_EDGE('',*,*,#33560,.F.);
#33580=CARTESIAN_POINT('',(-3.038795,-16.7609689050584,7.5));
#33590=DIRECTION('',(0.,0.,1.));
#33600=VECTOR('',#33590,1.);
#33610=LINE('',#33580,#33600);
#33620=CARTESIAN_POINT('',(-3.038795,-16.7609689050584,5.3));
#33630=VERTEX_POINT('',#33620);
#33640=EDGE_CURVE('',#33630,#33550,#33610,.T.);
#33650=ORIENTED_EDGE('',*,*,#33640,.T.);
#33660=CARTESIAN_POINT('',(-5.97759,-16.7866153804876,5.3));
#33670=DIRECTION('',(-0.999961923064171,-0.00872653549837393,0.));
#33680=VECTOR('',#33670,1.);
#33690=LINE('',#33660,#33680);
#33700=CARTESIAN_POINT('',(-2.688795,-16.7579145013317,5.3));
#33710=VERTEX_POINT('',#33700);
#33720=EDGE_CURVE('',#33710,#33630,#33690,.T.);
#33730=ORIENTED_EDGE('',*,*,#33720,.T.);
#33740=CARTESIAN_POINT('',(-2.688795,-16.7579145013317,10.));
#33750=DIRECTION('',(0.,0.,-1.));
#33760=VECTOR('',#33750,1.);
#33770=LINE('',#33740,#33760);
#33780=EDGE_CURVE('',#33710,#24160,#33770,.T.);
#33790=ORIENTED_EDGE('',*,*,#33780,.F.);
#33800=ORIENTED_EDGE('',*,*,#24190,.F.);
#33810=ORIENTED_EDGE('',*,*,#32670,.T.);
#33820=ORIENTED_EDGE('',*,*,#16600,.T.);
#33830=EDGE_LOOP('',(#33820,#33810,#33800,#33790,#33730,#33650,#33570,
#33490,#33480,#33420,#33340,#33260,#33250,#33190,#33110,#33030));
#33840=FACE_OUTER_BOUND('',#33830,.T.);
#33850=ADVANCED_FACE('',(#33840),#33020,.T.);
#33860=COLOUR_RGB('',0.313725501298904,0.313725501298904,
0.313725501298904);
#33870=FILL_AREA_STYLE_COLOUR('',#33860);
#33880=FILL_AREA_STYLE('',(#33870));
#33890=SURFACE_STYLE_FILL_AREA(#33880);
#33900=SURFACE_SIDE_STYLE('',(#33890));
#33910=SURFACE_STYLE_USAGE(.BOTH.,#33900);
#33920=PRESENTATION_STYLE_ASSIGNMENT((#33910));
#33930=CARTESIAN_POINT('',(3.96120500000001,0.,-0.0657083620233667));
#33940=DIRECTION('',(0.,1.,0.));
#33950=VECTOR('',#33940,1.);
#33960=LINE('',#33930,#33950);
#33970=CARTESIAN_POINT('',(3.96120500000001,-16.7374063620234,
-0.0657083620233667));
#33980=VERTEX_POINT('',#33970);
#33990=CARTESIAN_POINT('',(3.96120500000001,-15.521698,
-0.0657083620233667));
#34000=VERTEX_POINT('',#33990);
#34010=EDGE_CURVE('',#33980,#34000,#33960,.T.);
#34020=ORIENTED_EDGE('',*,*,#34010,.F.);
#34030=CARTESIAN_POINT('',(-11.560493,0.,0.0697474443107211));
#34040=DIRECTION('',(0.707093318572324,-0.707093318572324,
-0.00617070990690961));
#34050=VECTOR('',#34040,1.);
#34060=LINE('',#34030,#34050);
#34070=CARTESIAN_POINT('',(4.461205,-16.021698,-0.0700717959187465));
#34080=VERTEX_POINT('',#34070);
#34090=EDGE_CURVE('',#34000,#34080,#34060,.T.);
#34100=ORIENTED_EDGE('',*,*,#34090,.F.);
#34110=CARTESIAN_POINT('',(4.461205,0.,-0.0700717959187456));
#34120=DIRECTION('',(0.,1.,0.));
#34130=VECTOR('',#34120,1.);
#34140=LINE('',#34110,#34130);
#34150=CARTESIAN_POINT('',(4.461205,-16.7417697959187,
-0.0700717959187456));
#34160=VERTEX_POINT('',#34150);
#34170=EDGE_CURVE('',#34160,#34080,#34140,.T.);
#34180=ORIENTED_EDGE('',*,*,#34170,.T.);
#34190=CARTESIAN_POINT('',(-5.97759,-16.6506718120589,0.0210261879410885
));
#34200=DIRECTION('',(-0.99992385047757,0.00872620324394422,
0.00872620324394422));
#34210=VECTOR('',#34200,1.);
#34220=LINE('',#34190,#34210);
#34230=EDGE_CURVE('',#34160,#33980,#34220,.T.);
#34240=ORIENTED_EDGE('',*,*,#34230,.F.);
#34250=EDGE_LOOP('',(#34240,#34180,#34100,#34020));
#34260=FACE_OUTER_BOUND('',#34250,.T.);
#34270=ADVANCED_FACE('',(#34260),#9840,.F.);
#34280=COLOUR_RGB('',0.313725501298904,0.313725501298904,
0.313725501298904);
#34290=FILL_AREA_STYLE_COLOUR('',#34280);
#34300=FILL_AREA_STYLE('',(#34290));
#34310=SURFACE_STYLE_FILL_AREA(#34300);
#34320=SURFACE_SIDE_STYLE('',(#34310));
#34330=SURFACE_STYLE_USAGE(.BOTH.,#34320);
#34340=PRESENTATION_STYLE_ASSIGNMENT((#34330));
#34350=CARTESIAN_POINT('',(-3.038795,-17.221698,8.35));
#34360=DIRECTION('',(0.,-1.,0.));
#34370=DIRECTION('',(0.,0.,-1.));
#34380=AXIS2_PLACEMENT_3D('',#34350,#34360,#34370);
#34390=PLANE('',#34380);
#34400=CARTESIAN_POINT('',(-5.97759,-17.221698,0.850000000000001));
#34410=DIRECTION('',(-1.,0.,0.));
#34420=VECTOR('',#34410,1.);
#34430=LINE('',#34400,#34420);
#34440=CARTESIAN_POINT('',(4.261205,-17.221698,0.850000000000001));
#34450=VERTEX_POINT('',#34440);
#34460=CARTESIAN_POINT('',(3.461205,-17.221698,0.850000000000001));
#34470=VERTEX_POINT('',#34460);
#34480=EDGE_CURVE('',#34450,#34470,#34430,.T.);
#34490=ORIENTED_EDGE('',*,*,#34480,.T.);
#34500=CARTESIAN_POINT('',(-2.38879499999997,-17.221698,7.5));
#34510=DIRECTION('',(-0.707106781186546,0.,0.707106781186549));
#34520=VECTOR('',#34510,1.);
#34530=LINE('',#34500,#34520);
#34540=CARTESIAN_POINT('',(4.461205,-17.221698,0.65));
#34550=VERTEX_POINT('',#34540);
#34560=EDGE_CURVE('',#34550,#34450,#34530,.T.);
#34570=ORIENTED_EDGE('',*,*,#34560,.T.);
#34580=CARTESIAN_POINT('',(4.461205,-17.221698,7.5));
#34590=DIRECTION('',(0.,0.,1.));
#34600=VECTOR('',#34590,1.);
#34610=LINE('',#34580,#34600);
#34620=CARTESIAN_POINT('',(4.461205,-17.221698,-0.249999999999995));
#34630=VERTEX_POINT('',#34620);
#34640=EDGE_CURVE('',#34630,#34550,#34610,.T.);
#34650=ORIENTED_EDGE('',*,*,#34640,.T.);
#34660=CARTESIAN_POINT('',(-3.03880499999999,-17.221698,
-0.249999999999995));
#34670=DIRECTION('',(1.,0.,0.));
#34680=VECTOR('',#34670,1.);
#34690=LINE('',#34660,#34680);
#34700=EDGE_CURVE('',#32750,#34630,#34690,.T.);
#34710=ORIENTED_EDGE('',*,*,#34700,.T.);
#34720=ORIENTED_EDGE('',*,*,#32760,.F.);
#34730=ORIENTED_EDGE('',*,*,#24350,.F.);
#34740=CARTESIAN_POINT('',(-2.688795,-17.221698,10.));
#34750=DIRECTION('',(0.,0.,1.));
#34760=VECTOR('',#34750,1.);
#34770=LINE('',#34740,#34760);
#34780=CARTESIAN_POINT('',(-2.688795,-17.221698,5.3));
#34790=VERTEX_POINT('',#34780);
#34800=EDGE_CURVE('',#24260,#34790,#34770,.T.);
#34810=ORIENTED_EDGE('',*,*,#34800,.F.);
#34820=CARTESIAN_POINT('',(-5.97759,-17.221698,5.3));
#34830=DIRECTION('',(1.,0.,0.));
#34840=VECTOR('',#34830,1.);
#34850=LINE('',#34820,#34840);
#34860=CARTESIAN_POINT('',(-3.038795,-17.221698,5.3));
#34870=VERTEX_POINT('',#34860);
#34880=EDGE_CURVE('',#34870,#34790,#34850,.T.);
#34890=ORIENTED_EDGE('',*,*,#34880,.T.);
#34900=CARTESIAN_POINT('',(-3.038795,-17.221698,1.33426019762895));
#34910=DIRECTION('',(0.,0.,1.));
#34920=VECTOR('',#34910,1.);
#34930=LINE('',#34900,#34920);
#34940=CARTESIAN_POINT('',(-3.038795,-17.221698,8.34999999999999));
#34950=VERTEX_POINT('',#34940);
#34960=EDGE_CURVE('',#34870,#34950,#34930,.T.);
#34970=ORIENTED_EDGE('',*,*,#34960,.F.);
#34980=CARTESIAN_POINT('',(4.461205,-17.221698,8.34999999999999));
#34990=DIRECTION('',(1.,0.,0.));
#35000=VECTOR('',#34990,1.);
#35010=LINE('',#34980,#35000);
#35020=CARTESIAN_POINT('',(4.461205,-17.221698,8.35));
#35030=VERTEX_POINT('',#35020);
#35040=EDGE_CURVE('',#34950,#35030,#35010,.T.);
#35050=ORIENTED_EDGE('',*,*,#35040,.F.);
#35060=CARTESIAN_POINT('',(4.461205,-17.221698,7.5));
#35070=DIRECTION('',(0.,0.,-1.));
#35080=VECTOR('',#35070,1.);
#35090=LINE('',#35060,#35080);
#35100=CARTESIAN_POINT('',(4.461205,-17.221698,7.45));
#35110=VERTEX_POINT('',#35100);
#35120=EDGE_CURVE('',#35030,#35110,#35090,.T.);
#35130=ORIENTED_EDGE('',*,*,#35120,.F.);
#35140=CARTESIAN_POINT('',(4.511205,-17.221698,7.5));
#35150=DIRECTION('',(-0.707106781186546,0.,-0.707106781186549));
#35160=VECTOR('',#35150,1.);
#35170=LINE('',#35140,#35160);
#35180=CARTESIAN_POINT('',(4.261205,-17.221698,7.25));
#35190=VERTEX_POINT('',#35180);
#35200=EDGE_CURVE('',#35110,#35190,#35170,.T.);
#35210=ORIENTED_EDGE('',*,*,#35200,.F.);
#35220=CARTESIAN_POINT('',(-5.97759,-17.221698,7.25));
#35230=DIRECTION('',(-1.,0.,0.));
#35240=VECTOR('',#35230,1.);
#35250=LINE('',#35220,#35240);
#35260=CARTESIAN_POINT('',(3.461205,-17.221698,7.25));
#35270=VERTEX_POINT('',#35260);
#35280=EDGE_CURVE('',#35190,#35270,#35250,.T.);
#35290=ORIENTED_EDGE('',*,*,#35280,.F.);
#35300=CARTESIAN_POINT('',(3.461205,-17.221698,7.5));
#35310=DIRECTION('',(0.,0.,1.));
#35320=VECTOR('',#35310,1.);
#35330=LINE('',#35300,#35320);
#35340=CARTESIAN_POINT('',(3.461205,-17.221698,5.85));
#35350=VERTEX_POINT('',#35340);
#35360=EDGE_CURVE('',#35350,#35270,#35330,.T.);
#35370=ORIENTED_EDGE('',*,*,#35360,.T.);
#35380=CARTESIAN_POINT('',(-5.97759,-17.221698,5.85));
#35390=DIRECTION('',(-1.,0.,0.));
#35400=VECTOR('',#35390,1.);
#35410=LINE('',#35380,#35400);
#35420=CARTESIAN_POINT('',(4.261205,-17.221698,5.85));
#35430=VERTEX_POINT('',#35420);
#35440=EDGE_CURVE('',#35430,#35350,#35410,.T.);
#35450=ORIENTED_EDGE('',*,*,#35440,.T.);
#35460=CARTESIAN_POINT('',(0.111205000000001,-17.221698,10.));
#35470=DIRECTION('',(-0.707106781186548,0.,0.707106781186548));
#35480=VECTOR('',#35470,1.);
#35490=LINE('',#35460,#35480);
#35500=CARTESIAN_POINT('',(4.461205,-17.221698,5.65));
#35510=VERTEX_POINT('',#35500);
#35520=EDGE_CURVE('',#35510,#35430,#35490,.T.);
#35530=ORIENTED_EDGE('',*,*,#35520,.T.);
#35540=CARTESIAN_POINT('',(4.461205,-17.221698,10.));
#35550=DIRECTION('',(0.,0.,1.));
#35560=VECTOR('',#35550,1.);
#35570=LINE('',#35540,#35560);
#35580=CARTESIAN_POINT('',(4.461205,-17.221698,4.95));
#35590=VERTEX_POINT('',#35580);
#35600=EDGE_CURVE('',#35590,#35510,#35570,.T.);
#35610=ORIENTED_EDGE('',*,*,#35600,.T.);
#35620=CARTESIAN_POINT('',(9.51120499999998,-17.221698,10.));
#35630=DIRECTION('',(-0.707106781186546,0.,-0.707106781186549));
#35640=VECTOR('',#35630,1.);
#35650=LINE('',#35620,#35640);
#35660=CARTESIAN_POINT('',(4.261205,-17.221698,4.75));
#35670=VERTEX_POINT('',#35660);
#35680=EDGE_CURVE('',#35590,#35670,#35650,.T.);
#35690=ORIENTED_EDGE('',*,*,#35680,.F.);
#35700=CARTESIAN_POINT('',(-5.97759,-17.221698,4.75));
#35710=DIRECTION('',(-1.,0.,0.));
#35720=VECTOR('',#35710,1.);
#35730=LINE('',#35700,#35720);
#35740=CARTESIAN_POINT('',(3.461205,-17.221698,4.75));
#35750=VERTEX_POINT('',#35740);
#35760=EDGE_CURVE('',#35670,#35750,#35730,.T.);
#35770=ORIENTED_EDGE('',*,*,#35760,.F.);
#35780=CARTESIAN_POINT('',(3.461205,-17.221698,10.));
#35790=DIRECTION('',(0.,0.,1.));
#35800=VECTOR('',#35790,1.);
#35810=LINE('',#35780,#35800);
#35820=CARTESIAN_POINT('',(3.461205,-17.221698,3.35));
#35830=VERTEX_POINT('',#35820);
#35840=EDGE_CURVE('',#35830,#35750,#35810,.T.);
#35850=ORIENTED_EDGE('',*,*,#35840,.T.);
#35860=CARTESIAN_POINT('',(-5.97759,-17.221698,3.35));
#35870=DIRECTION('',(-1.,0.,0.));
#35880=VECTOR('',#35870,1.);
#35890=LINE('',#35860,#35880);
#35900=CARTESIAN_POINT('',(4.261205,-17.221698,3.35));
#35910=VERTEX_POINT('',#35900);
#35920=EDGE_CURVE('',#35910,#35830,#35890,.T.);
#35930=ORIENTED_EDGE('',*,*,#35920,.T.);
#35940=CARTESIAN_POINT('',(0.111205000000001,-17.221698,7.5));
#35950=DIRECTION('',(-0.707106781186548,0.,0.707106781186548));
#35960=VECTOR('',#35950,1.);
#35970=LINE('',#35940,#35960);
#35980=CARTESIAN_POINT('',(4.461205,-17.221698,3.15));
#35990=VERTEX_POINT('',#35980);
#36000=EDGE_CURVE('',#35990,#35910,#35970,.T.);
#36010=ORIENTED_EDGE('',*,*,#36000,.T.);
#36020=CARTESIAN_POINT('',(4.461205,-17.221698,7.5));
#36030=DIRECTION('',(0.,0.,1.));
#36040=VECTOR('',#36030,1.);
#36050=LINE('',#36020,#36040);
#36060=CARTESIAN_POINT('',(4.461205,-17.221698,2.45));
#36070=VERTEX_POINT('',#36060);
#36080=EDGE_CURVE('',#36070,#35990,#36050,.T.);
#36090=ORIENTED_EDGE('',*,*,#36080,.T.);
#36100=CARTESIAN_POINT('',(9.51120499999998,-17.221698,7.5));
#36110=DIRECTION('',(-0.707106781186546,0.,-0.707106781186549));
#36120=VECTOR('',#36110,1.);
#36130=LINE('',#36100,#36120);
#36140=CARTESIAN_POINT('',(4.261205,-17.221698,2.25));
#36150=VERTEX_POINT('',#36140);
#36160=EDGE_CURVE('',#36070,#36150,#36130,.T.);
#36170=ORIENTED_EDGE('',*,*,#36160,.F.);
#36180=CARTESIAN_POINT('',(-5.97759,-17.221698,2.25));
#36190=DIRECTION('',(-1.,0.,0.));
#36200=VECTOR('',#36190,1.);
#36210=LINE('',#36180,#36200);
#36220=CARTESIAN_POINT('',(3.461205,-17.221698,2.25));
#36230=VERTEX_POINT('',#36220);
#36240=EDGE_CURVE('',#36150,#36230,#36210,.T.);
#36250=ORIENTED_EDGE('',*,*,#36240,.F.);
#36260=CARTESIAN_POINT('',(3.461205,-17.221698,7.5));
#36270=DIRECTION('',(0.,0.,-1.));
#36280=VECTOR('',#36270,1.);
#36290=LINE('',#36260,#36280);
#36300=EDGE_CURVE('',#36230,#34470,#36290,.T.);
#36310=ORIENTED_EDGE('',*,*,#36300,.F.);
#36320=EDGE_LOOP('',(#36310,#36250,#36170,#36090,#36010,#35930,#35850,
#35770,#35690,#35610,#35530,#35450,#35370,#35290,#35210,#35130,#35050,
#34970,#34890,#34810,#34730,#34720,#34710,#34650,#34570,#34490));
#36330=FACE_OUTER_BOUND('',#36320,.T.);
#36340=ADVANCED_FACE('',(#36330),#34390,.T.);
#36350=COLOUR_RGB('',0.313725501298904,0.313725501298904,
0.313725501298904);
#36360=FILL_AREA_STYLE_COLOUR('',#36350);
#36370=FILL_AREA_STYLE('',(#36360));
#36380=SURFACE_STYLE_FILL_AREA(#36370);
#36390=SURFACE_SIDE_STYLE('',(#36380));
#36400=SURFACE_STYLE_USAGE(.BOTH.,#36390);
#36410=PRESENTATION_STYLE_ASSIGNMENT((#36400));
#36420=CARTESIAN_POINT('',(5.2112074,-14.321698,1.46180339887499));
#36430=DIRECTION('',(0.,1.,0.));
#36440=DIRECTION('',(0.,0.,1.));
#36450=AXIS2_PLACEMENT_3D('',#36420,#36430,#36440);
#36460=PLANE('',#36450);
#36470=ORIENTED_EDGE('',*,*,#20410,.F.);
#36480=ORIENTED_EDGE('',*,*,#3990,.T.);
#36490=CARTESIAN_POINT('',(-5.97759,-14.321698,1.85));
#36500=DIRECTION('',(-1.,0.,0.));
#36510=VECTOR('',#36500,1.);
#36520=LINE('',#36490,#36510);
#36530=CARTESIAN_POINT('',(1.761205,-14.321698,1.85));
#36540=VERTEX_POINT('',#36530);
#36550=EDGE_CURVE('',#36540,#3880,#36520,.T.);
#36560=ORIENTED_EDGE('',*,*,#36550,.T.);
#36570=CARTESIAN_POINT('',(1.761205,-14.321698,7.5));
#36580=DIRECTION('',(0.,0.,1.));
#36590=VECTOR('',#36580,1.);
#36600=LINE('',#36570,#36590);
#36610=EDGE_CURVE('',#20400,#36540,#36600,.T.);
#36620=ORIENTED_EDGE('',*,*,#36610,.T.);
#36630=EDGE_LOOP('',(#36620,#36560,#36480,#36470));
#36640=FACE_OUTER_BOUND('',#36630,.T.);
#36650=ADVANCED_FACE('',(#36640),#36460,.F.);
#36660=COLOUR_RGB('',0.313725501298904,0.313725501298904,
0.313725501298904);
#36670=FILL_AREA_STYLE_COLOUR('',#36660);
#36680=FILL_AREA_STYLE('',(#36670));
#36690=SURFACE_STYLE_FILL_AREA(#36680);
#36700=SURFACE_SIDE_STYLE('',(#36690));
#36710=SURFACE_STYLE_USAGE(.BOTH.,#36700);
#36720=PRESENTATION_STYLE_ASSIGNMENT((#36710));
#36730=CARTESIAN_POINT('',(2.8493642198263,-15.521698,3.6419976));
#36740=DIRECTION('',(-0.,1.,0.));
#36750=DIRECTION('',(1.,0.,0.));
#36760=AXIS2_PLACEMENT_3D('',#36730,#36740,#36750);
#36770=PLANE('',#36760);
#36780=CARTESIAN_POINT('',(-5.97759,-15.521698,1.85));
#36790=DIRECTION('',(1.,0.,0.));
#36800=VECTOR('',#36790,1.);
#36810=LINE('',#36780,#36800);
#36820=CARTESIAN_POINT('',(3.411205,-15.521698,1.85));
#36830=VERTEX_POINT('',#36820);
#36840=EDGE_CURVE('',#8260,#36830,#36810,.T.);
#36850=ORIENTED_EDGE('',*,*,#36840,.T.);
#36860=ORIENTED_EDGE('',*,*,#8270,.T.);
#36870=ORIENTED_EDGE('',*,*,#20950,.F.);
#36880=CARTESIAN_POINT('',(3.411205,-15.521698,1.4));
#36890=DIRECTION('',(0.,0.,-1.));
#36900=VECTOR('',#36890,1.);
#36910=LINE('',#36880,#36900);
#36920=EDGE_CURVE('',#36830,#20880,#36910,.T.);
#36930=ORIENTED_EDGE('',*,*,#36920,.T.);
#36940=EDGE_LOOP('',(#36930,#36870,#36860,#36850));
#36950=FACE_OUTER_BOUND('',#36940,.T.);
#36960=ADVANCED_FACE('',(#36950),#36770,.T.);
#36970=COLOUR_RGB('',0.313725501298904,0.313725501298904,
0.313725501298904);
#36980=FILL_AREA_STYLE_COLOUR('',#36970);
#36990=FILL_AREA_STYLE('',(#36980));
#37000=SURFACE_STYLE_FILL_AREA(#36990);
#37010=SURFACE_SIDE_STYLE('',(#37000));
#37020=SURFACE_STYLE_USAGE(.BOTH.,#37010);
#37030=PRESENTATION_STYLE_ASSIGNMENT((#37020));
#37040=CARTESIAN_POINT('',(3.486205,-15.596698,1.4));
#37050=DIRECTION('',(-0.707106781186548,-0.707106781186548,-0.));
#37060=DIRECTION('',(-0.707106781186548,0.707106781186548,0.));
#37070=AXIS2_PLACEMENT_3D('',#37040,#37050,#37060);
#37080=PLANE('',#37070);
#37090=CARTESIAN_POINT('',(-12.110493,0.,1.85));
#37100=DIRECTION('',(0.707106781186548,-0.707106781186548,-0.));
#37110=VECTOR('',#37100,1.);
#37120=LINE('',#37090,#37110);
#37130=CARTESIAN_POINT('',(3.561205,-15.671698,1.85));
#37140=VERTEX_POINT('',#37130);
#37150=EDGE_CURVE('',#36830,#37140,#37120,.T.);
#37160=ORIENTED_EDGE('',*,*,#37150,.T.);
#37170=ORIENTED_EDGE('',*,*,#36920,.F.);
#37180=ORIENTED_EDGE('',*,*,#20890,.F.);
#37190=CARTESIAN_POINT('',(3.561205,-15.671698,1.4));
#37200=DIRECTION('',(0.,0.,-1.));
#37210=VECTOR('',#37200,1.);
#37220=LINE('',#37190,#37210);
#37230=EDGE_CURVE('',#37140,#20800,#37220,.T.);
#37240=ORIENTED_EDGE('',*,*,#37230,.T.);
#37250=EDGE_LOOP('',(#37240,#37180,#37170,#37160));
#37260=FACE_OUTER_BOUND('',#37250,.T.);
#37270=ADVANCED_FACE('',(#37260),#37080,.F.);
#37280=COLOUR_RGB('',0.313725501298904,0.313725501298904,
0.313725501298904);
#37290=FILL_AREA_STYLE_COLOUR('',#37280);
#37300=FILL_AREA_STYLE('',(#37290));
#37310=SURFACE_STYLE_FILL_AREA(#37300);
#37320=SURFACE_SIDE_STYLE('',(#37310));
#37330=SURFACE_STYLE_USAGE(.BOTH.,#37320);
#37340=PRESENTATION_STYLE_ASSIGNMENT((#37330));
#37350=CARTESIAN_POINT('',(1.961205,-14.121698,1.85));
#37360=DIRECTION('',(-0.707106781186546,0.707106781186549,0.));
#37370=DIRECTION('',(-0.707106781186549,-0.707106781186546,0.));
#37380=AXIS2_PLACEMENT_3D('',#37350,#37360,#37370);
#37390=PLANE('',#37380);
#37400=ORIENTED_EDGE('',*,*,#36610,.F.);
#37410=CARTESIAN_POINT('',(-5.97759,-22.060493,1.85));
#37420=DIRECTION('',(-0.707106781186549,-0.707106781186546,0.));
#37430=VECTOR('',#37420,1.);
#37440=LINE('',#37410,#37430);
#37450=EDGE_CURVE('',#17550,#36540,#37440,.T.);
#37460=ORIENTED_EDGE('',*,*,#37450,.T.);
#37470=ORIENTED_EDGE('',*,*,#17710,.T.);
#37480=ORIENTED_EDGE('',*,*,#20470,.F.);
#37490=EDGE_LOOP('',(#37480,#37470,#37460,#37400));
#37500=FACE_OUTER_BOUND('',#37490,.T.);
#37510=ADVANCED_FACE('',(#37500),#37390,.F.);
#37520=COLOUR_RGB('',0.313725501298904,0.313725501298904,
0.313725501298904);
#37530=FILL_AREA_STYLE_COLOUR('',#37520);
#37540=FILL_AREA_STYLE('',(#37530));
#37550=SURFACE_STYLE_FILL_AREA(#37540);
#37560=SURFACE_SIDE_STYLE('',(#37550));
#37570=SURFACE_STYLE_USAGE(.BOTH.,#37560);
#37580=PRESENTATION_STYLE_ASSIGNMENT((#37570));
#37590=CARTESIAN_POINT('',(-5.97759,-16.921698,-0.25));
#37600=DIRECTION('',(-1.,0.,0.));
#37610=DIRECTION('',(0.,-1.,0.));
#37620=AXIS2_PLACEMENT_3D('',#37590,#37600,#37610);
#37630=CYLINDRICAL_SURFACE('',#37620,0.3);
#37640=ORIENTED_EDGE('',*,*,#32830,.T.);
#37650=ORIENTED_EDGE('',*,*,#34700,.F.);
#37660=CARTESIAN_POINT('',(4.461205,-16.921698,-0.25));
#37670=DIRECTION('',(-1.,0.,0.));
#37680=DIRECTION('',(0.,-1.,0.));
#37690=AXIS2_PLACEMENT_3D('',#37660,#37670,#37680);
#37700=CIRCLE('',#37690,0.3);
#37710=EDGE_CURVE('',#1650,#34630,#37700,.T.);
#37720=ORIENTED_EDGE('',*,*,#37710,.T.);
#37730=ORIENTED_EDGE('',*,*,#1660,.F.);
#37740=EDGE_LOOP('',(#37730,#37720,#37650,#37640));
#37750=FACE_OUTER_BOUND('',#37740,.T.);
#37760=ADVANCED_FACE('',(#37750),#37630,.T.);
#37770=COLOUR_RGB('',0.313725501298904,0.313725501298904,
0.313725501298904);
#37780=FILL_AREA_STYLE_COLOUR('',#37770);
#37790=FILL_AREA_STYLE('',(#37780));
#37800=SURFACE_STYLE_FILL_AREA(#37790);
#37810=SURFACE_SIDE_STYLE('',(#37800));
#37820=SURFACE_STYLE_USAGE(.BOTH.,#37810);
#37830=PRESENTATION_STYLE_ASSIGNMENT((#37820));
#37840=CARTESIAN_POINT('',(4.461205,-16.021698,-2.7300024));
#37850=DIRECTION('',(-0.707106781186548,-0.707106781186548,-0.));
#37860=DIRECTION('',(-0.707106781186548,0.707106781186548,0.));
#37870=AXIS2_PLACEMENT_3D('',#37840,#37850,#37860);
#37880=PLANE('',#37870);
#37890=CARTESIAN_POINT('',(4.461205,-16.021698,7.5));
#37900=DIRECTION('',(0.,0.,-1.));
#37910=VECTOR('',#37900,1.);
#37920=LINE('',#37890,#37910);
#37930=EDGE_CURVE('',#34080,#1730,#37920,.T.);
#37940=ORIENTED_EDGE('',*,*,#37930,.T.);
#37950=ORIENTED_EDGE('',*,*,#34090,.T.);
#37960=CARTESIAN_POINT('',(3.96120500000001,-15.521698,-2.7300024));
#37970=DIRECTION('',(0.,0.,1.));
#37980=VECTOR('',#37970,1.);
#37990=LINE('',#37960,#37980);
#38000=EDGE_CURVE('',#1810,#34000,#37990,.T.);
#38010=ORIENTED_EDGE('',*,*,#38000,.T.);
#38020=ORIENTED_EDGE('',*,*,#1820,.T.);
#38030=EDGE_LOOP('',(#38020,#38010,#37950,#37940));
#38040=FACE_OUTER_BOUND('',#38030,.T.);
#38050=ADVANCED_FACE('',(#38040),#37880,.F.);
#38060=COLOUR_RGB('',0.313725501298904,0.313725501298904,
0.313725501298904);
#38070=FILL_AREA_STYLE_COLOUR('',#38060);
#38080=FILL_AREA_STYLE('',(#38070));
#38090=SURFACE_STYLE_FILL_AREA(#38080);
#38100=SURFACE_SIDE_STYLE('',(#38090));
#38110=SURFACE_STYLE_USAGE(.BOTH.,#38100);
#38120=PRESENTATION_STYLE_ASSIGNMENT((#38110));
#38130=CARTESIAN_POINT('',(3.96120500000001,-15.521698,-2.7300024));
#38140=DIRECTION('',(-1.,0.,0.));
#38150=DIRECTION('',(0.,1.,0.));
#38160=AXIS2_PLACEMENT_3D('',#38130,#38140,#38150);
#38170=PLANE('',#38160);
#38180=ORIENTED_EDGE('',*,*,#34010,.T.);
#38190=CARTESIAN_POINT('',(3.96120500000001,-16.7374063620234,7.5));
#38200=DIRECTION('',(0.,0.,1.));
#38210=VECTOR('',#38200,1.);
#38220=LINE('',#38190,#38210);
#38230=EDGE_CURVE('',#33980,#30620,#38220,.T.);
#38240=ORIENTED_EDGE('',*,*,#38230,.F.);
#38250=ORIENTED_EDGE('',*,*,#30630,.T.);
#38260=ORIENTED_EDGE('',*,*,#20650,.F.);
#38270=ORIENTED_EDGE('',*,*,#31390,.F.);
#38280=CARTESIAN_POINT('',(3.961205,0.,1.85));
#38290=DIRECTION('',(0.,-1.,0.));
#38300=VECTOR('',#38290,1.);
#38310=LINE('',#38280,#38300);
#38320=EDGE_CURVE('',#31320,#30940,#38310,.T.);
#38330=ORIENTED_EDGE('',*,*,#38320,.F.);
#38340=ORIENTED_EDGE('',*,*,#30950,.F.);
#38350=CARTESIAN_POINT('',(3.961205,-16.7374063620234,7.5));
#38360=DIRECTION('',(0.,0.,-1.));
#38370=VECTOR('',#38360,1.);
#38380=LINE('',#38350,#38370);
#38390=CARTESIAN_POINT('',(3.961205,-16.7374063620234,3.35));
#38400=VERTEX_POINT('',#38390);
#38410=EDGE_CURVE('',#38400,#30860,#38380,.T.);
#38420=ORIENTED_EDGE('',*,*,#38410,.T.);
#38430=CARTESIAN_POINT('',(3.961205,-16.7374063620234,3.75));
#38440=VERTEX_POINT('',#38430);
#38450=EDGE_CURVE('',#38400,#38440,#30920,.T.);
#38460=ORIENTED_EDGE('',*,*,#38450,.F.);
#38470=CARTESIAN_POINT('',(3.961205,0.,3.75));
#38480=DIRECTION('',(0.,1.,0.));
#38490=VECTOR('',#38480,1.);
#38500=LINE('',#38470,#38490);
#38510=CARTESIAN_POINT('',(3.961205,-13.771698,3.75));
#38520=VERTEX_POINT('',#38510);
#38530=EDGE_CURVE('',#38440,#38520,#38500,.T.);
#38540=ORIENTED_EDGE('',*,*,#38530,.F.);
#38550=CARTESIAN_POINT('',(3.961205,-13.771698,4.2));
#38560=DIRECTION('',(0.,0.,1.));
#38570=VECTOR('',#38560,1.);
#38580=LINE('',#38550,#38570);
#38590=CARTESIAN_POINT('',(3.961205,-13.771698,4.35));
#38600=VERTEX_POINT('',#38590);
#38610=EDGE_CURVE('',#38520,#38600,#38580,.T.);
#38620=ORIENTED_EDGE('',*,*,#38610,.F.);
#38630=CARTESIAN_POINT('',(3.961205,0.,4.35));
#38640=DIRECTION('',(0.,-1.,0.));
#38650=VECTOR('',#38640,1.);
#38660=LINE('',#38630,#38650);
#38670=CARTESIAN_POINT('',(3.961205,-16.7374063620234,4.35));
#38680=VERTEX_POINT('',#38670);
#38690=EDGE_CURVE('',#38600,#38680,#38660,.T.);
#38700=ORIENTED_EDGE('',*,*,#38690,.F.);
#38710=CARTESIAN_POINT('',(3.961205,-16.7374063620234,10.));
#38720=DIRECTION('',(0.,0.,1.));
#38730=VECTOR('',#38720,1.);
#38740=LINE('',#38710,#38730);
#38750=CARTESIAN_POINT('',(3.961205,-16.7374063620234,4.75));
#38760=VERTEX_POINT('',#38750);
#38770=EDGE_CURVE('',#38680,#38760,#38740,.T.);
#38780=ORIENTED_EDGE('',*,*,#38770,.F.);
#38790=CARTESIAN_POINT('',(3.961205,-16.7374063620234,10.));
#38800=DIRECTION('',(0.,0.,-1.));
#38810=VECTOR('',#38800,1.);
#38820=LINE('',#38790,#38810);
#38830=CARTESIAN_POINT('',(3.961205,-16.7374063620234,5.85));
#38840=VERTEX_POINT('',#38830);
#38850=EDGE_CURVE('',#38840,#38760,#38820,.T.);
#38860=ORIENTED_EDGE('',*,*,#38850,.T.);
#38870=CARTESIAN_POINT('',(3.961205,-16.7374063620234,6.25));
#38880=VERTEX_POINT('',#38870);
#38890=EDGE_CURVE('',#38840,#38880,#38740,.T.);
#38900=ORIENTED_EDGE('',*,*,#38890,.F.);
#38910=CARTESIAN_POINT('',(3.961205,0.,6.25));
#38920=DIRECTION('',(0.,1.,0.));
#38930=VECTOR('',#38920,1.);
#38940=LINE('',#38910,#38930);
#38950=CARTESIAN_POINT('',(3.961205,-13.771698,6.25));
#38960=VERTEX_POINT('',#38950);
#38970=EDGE_CURVE('',#38880,#38960,#38940,.T.);
#38980=ORIENTED_EDGE('',*,*,#38970,.F.);
#38990=CARTESIAN_POINT('',(3.961205,-13.771698,6.7));
#39000=DIRECTION('',(0.,0.,-1.));
#39010=VECTOR('',#39000,1.);
#39020=LINE('',#38990,#39010);
#39030=CARTESIAN_POINT('',(3.961205,-13.771698,6.85));
#39040=VERTEX_POINT('',#39030);
#39050=EDGE_CURVE('',#39040,#38960,#39020,.T.);
#39060=ORIENTED_EDGE('',*,*,#39050,.T.);
#39070=CARTESIAN_POINT('',(3.961205,0.,6.85));
#39080=DIRECTION('',(0.,1.,0.));
#39090=VECTOR('',#39080,1.);
#39100=LINE('',#39070,#39090);
#39110=CARTESIAN_POINT('',(3.961205,-16.7374063620234,6.85));
#39120=VERTEX_POINT('',#39110);
#39130=EDGE_CURVE('',#39120,#39040,#39100,.T.);
#39140=ORIENTED_EDGE('',*,*,#39130,.T.);
#39150=CARTESIAN_POINT('',(3.961205,-16.7374063620234,7.5));
#39160=DIRECTION('',(0.,0.,-1.));
#39170=VECTOR('',#39160,1.);
#39180=LINE('',#39150,#39170);
#39190=CARTESIAN_POINT('',(3.961205,-16.7374063620234,7.25));
#39200=VERTEX_POINT('',#39190);
#39210=EDGE_CURVE('',#39200,#39120,#39180,.T.);
#39220=ORIENTED_EDGE('',*,*,#39210,.T.);
#39230=CARTESIAN_POINT('',(3.961205,-16.7374063620234,7.5));
#39240=DIRECTION('',(0.,0.,-1.));
#39250=VECTOR('',#39240,1.);
#39260=LINE('',#39230,#39250);
#39270=CARTESIAN_POINT('',(3.961205,-16.7374063620234,8.16570836202336))
;
#39280=VERTEX_POINT('',#39270);
#39290=EDGE_CURVE('',#39280,#39200,#39260,.T.);
#39300=ORIENTED_EDGE('',*,*,#39290,.T.);
#39310=CARTESIAN_POINT('',(3.961205,0.,8.16570836202336));
#39320=DIRECTION('',(0.,-1.,0.));
#39330=VECTOR('',#39320,1.);
#39340=LINE('',#39310,#39330);
#39350=CARTESIAN_POINT('',(3.961205,-15.521698,8.16570836202336));
#39360=VERTEX_POINT('',#39350);
#39370=EDGE_CURVE('',#39360,#39280,#39340,.T.);
#39380=ORIENTED_EDGE('',*,*,#39370,.T.);
#39390=CARTESIAN_POINT('',(3.96120500000001,-15.521698,-2.7300024));
#39400=DIRECTION('',(0.,0.,1.));
#39410=VECTOR('',#39400,1.);
#39420=LINE('',#39390,#39410);
#39430=CARTESIAN_POINT('',(3.961205,-15.521698,8.65));
#39440=VERTEX_POINT('',#39430);
#39450=EDGE_CURVE('',#39360,#39440,#39420,.T.);
#39460=ORIENTED_EDGE('',*,*,#39450,.F.);
#39470=CARTESIAN_POINT('',(3.96120500000001,0.,8.65));
#39480=DIRECTION('',(0.,-1.,0.));
#39490=VECTOR('',#39480,1.);
#39500=LINE('',#39470,#39490);
#39510=CARTESIAN_POINT('',(3.961205,-13.921698,8.65));
#39520=VERTEX_POINT('',#39510);
#39530=EDGE_CURVE('',#39520,#39440,#39500,.T.);
#39540=ORIENTED_EDGE('',*,*,#39530,.T.);
#39550=CARTESIAN_POINT('',(3.96120500000001,-13.921698,-2.7300024));
#39560=DIRECTION('',(0.,0.,1.));
#39570=VECTOR('',#39560,1.);
#39580=LINE('',#39550,#39570);
#39590=CARTESIAN_POINT('',(3.961205,-13.921698,8.16570836202336));
#39600=VERTEX_POINT('',#39590);
#39610=EDGE_CURVE('',#39600,#39520,#39580,.T.);
#39620=ORIENTED_EDGE('',*,*,#39610,.T.);
#39630=CARTESIAN_POINT('',(3.961205,0.,8.16570836202336));
#39640=DIRECTION('',(0.,-1.,0.));
#39650=VECTOR('',#39640,1.);
#39660=LINE('',#39630,#39650);
#39670=CARTESIAN_POINT('',(3.961205,-13.4222981645938,8.16570836202336))
;
#39680=VERTEX_POINT('',#39670);
#39690=EDGE_CURVE('',#39680,#39600,#39660,.T.);
#39700=ORIENTED_EDGE('',*,*,#39690,.T.);
#39710=CARTESIAN_POINT('',(3.961205,-12.7565898025704,7.5));
#39720=DIRECTION('',(-0.,-0.707106781186547,0.707106781186548));
#39730=VECTOR('',#39720,1.);
#39740=LINE('',#39710,#39730);
#39750=CARTESIAN_POINT('',(3.961205,-12.7059896379766,7.44939983540619))
;
#39760=VERTEX_POINT('',#39750);
#39770=EDGE_CURVE('',#39760,#39680,#39740,.T.);
#39780=ORIENTED_EDGE('',*,*,#39770,.T.);
#39790=CARTESIAN_POINT('',(3.961205,-12.7059896379766,7.5));
#39800=DIRECTION('',(0.,0.,1.));
#39810=VECTOR('',#39800,1.);
#39820=LINE('',#39790,#39810);
#39830=CARTESIAN_POINT('',(3.961205,-12.7059896379766,6.95));
#39840=VERTEX_POINT('',#39830);
#39850=EDGE_CURVE('',#39840,#39760,#39820,.T.);
#39860=ORIENTED_EDGE('',*,*,#39850,.T.);
#39870=CARTESIAN_POINT('',(3.961205,-12.221698,6.95));
#39880=DIRECTION('',(0.,-1.,0.));
#39890=VECTOR('',#39880,1.);
#39900=LINE('',#39870,#39890);
#39910=EDGE_CURVE('',#29640,#39840,#39900,.T.);
#39920=ORIENTED_EDGE('',*,*,#39910,.T.);
#39930=ORIENTED_EDGE('',*,*,#29650,.T.);
#39940=CARTESIAN_POINT('',(3.961205,-12.221698,6.15));
#39950=DIRECTION('',(0.,-1.,0.));
#39960=VECTOR('',#39950,1.);
#39970=LINE('',#39940,#39960);
#39980=CARTESIAN_POINT('',(3.961205,-12.7059896379766,6.15000000000001))
;
#39990=VERTEX_POINT('',#39980);
#40000=EDGE_CURVE('',#29560,#39990,#39970,.T.);
#40010=ORIENTED_EDGE('',*,*,#40000,.F.);
#40020=CARTESIAN_POINT('',(3.961205,-12.7059896379766,10.));
#40030=DIRECTION('',(0.,0.,-1.));
#40040=VECTOR('',#40030,1.);
#40050=LINE('',#40020,#40040);
#40060=CARTESIAN_POINT('',(3.961205,-12.7059896379766,4.45));
#40070=VERTEX_POINT('',#40060);
#40080=EDGE_CURVE('',#39990,#40070,#40050,.T.);
#40090=ORIENTED_EDGE('',*,*,#40080,.F.);
#40100=CARTESIAN_POINT('',(3.961205,-12.221698,4.45));
#40110=DIRECTION('',(0.,-1.,0.));
#40120=VECTOR('',#40110,1.);
#40130=LINE('',#40100,#40120);
#40140=EDGE_CURVE('',#29320,#40070,#40130,.T.);
#40150=ORIENTED_EDGE('',*,*,#40140,.T.);
#40160=ORIENTED_EDGE('',*,*,#29330,.T.);
#40170=CARTESIAN_POINT('',(3.961205,-12.221698,3.65));
#40180=DIRECTION('',(0.,-1.,0.));
#40190=VECTOR('',#40180,1.);
#40200=LINE('',#40170,#40190);
#40210=CARTESIAN_POINT('',(3.961205,-12.7059896379766,3.65000000000001))
;
#40220=VERTEX_POINT('',#40210);
#40230=EDGE_CURVE('',#29240,#40220,#40200,.T.);
#40240=ORIENTED_EDGE('',*,*,#40230,.F.);
#40250=CARTESIAN_POINT('',(3.961205,-12.7059896379766,7.5));
#40260=DIRECTION('',(0.,0.,-1.));
#40270=VECTOR('',#40260,1.);
#40280=LINE('',#40250,#40270);
#40290=CARTESIAN_POINT('',(3.961205,-12.7059896379766,1.95));
#40300=VERTEX_POINT('',#40290);
#40310=EDGE_CURVE('',#40220,#40300,#40280,.T.);
#40320=ORIENTED_EDGE('',*,*,#40310,.F.);
#40330=CARTESIAN_POINT('',(3.961205,-12.221698,1.95));
#40340=DIRECTION('',(0.,-1.,0.));
#40350=VECTOR('',#40340,1.);
#40360=LINE('',#40330,#40350);
#40370=EDGE_CURVE('',#29000,#40300,#40360,.T.);
#40380=ORIENTED_EDGE('',*,*,#40370,.T.);
#40390=ORIENTED_EDGE('',*,*,#29010,.T.);
#40400=ORIENTED_EDGE('',*,*,#23810,.F.);
#40410=CARTESIAN_POINT('',(3.961205,-12.7059896379766,7.5));
#40420=DIRECTION('',(0.,0.,-1.));
#40430=VECTOR('',#40420,1.);
#40440=LINE('',#40410,#40430);
#40450=EDGE_CURVE('',#23800,#23470,#40440,.T.);
#40460=ORIENTED_EDGE('',*,*,#40450,.F.);
#40470=ORIENTED_EDGE('',*,*,#23560,.F.);
#40480=ORIENTED_EDGE('',*,*,#10000,.T.);
#40490=CARTESIAN_POINT('',(3.96120500000001,-13.921698,-2.7300024));
#40500=DIRECTION('',(0.,0.,1.));
#40510=VECTOR('',#40500,1.);
#40520=LINE('',#40490,#40510);
#40530=EDGE_CURVE('',#1890,#9910,#40520,.T.);
#40540=ORIENTED_EDGE('',*,*,#40530,.T.);
#40550=ORIENTED_EDGE('',*,*,#1900,.T.);
#40560=ORIENTED_EDGE('',*,*,#38000,.F.);
#40570=EDGE_LOOP('',(#40560,#40550,#40540,#40480,#40470,#40460,#40400,
#40390,#40380,#40320,#40240,#40160,#40150,#40090,#40010,#39930,#39920,
#39860,#39780,#39700,#39620,#39540,#39460,#39380,#39300,#39220,#39140,
#39060,#38980,#38900,#38860,#38780,#38700,#38620,#38540,#38460,#38420,
#38340,#38330,#38270,#38260,#38250,#38240,#38180));
#40580=FACE_OUTER_BOUND('',#40570,.T.);
#40590=ADVANCED_FACE('',(#40580),#38170,.F.);
#40600=COLOUR_RGB('',0.313725501298904,0.313725501298904,
0.313725501298904);
#40610=FILL_AREA_STYLE_COLOUR('',#40600);
#40620=FILL_AREA_STYLE('',(#40610));
#40630=SURFACE_STYLE_FILL_AREA(#40620);
#40640=SURFACE_SIDE_STYLE('',(#40630));
#40650=SURFACE_STYLE_USAGE(.BOTH.,#40640);
#40660=PRESENTATION_STYLE_ASSIGNMENT((#40650));
#40670=CARTESIAN_POINT('',(3.96120500000001,-13.921698,-2.7300024));
#40680=DIRECTION('',(-0.707106781186548,0.707106781186548,0.));
#40690=DIRECTION('',(0.707106781186548,0.707106781186548,0.));
#40700=AXIS2_PLACEMENT_3D('',#40670,#40680,#40690);
#40710=PLANE('',#40700);
#40720=ORIENTED_EDGE('',*,*,#780,.T.);
#40730=ORIENTED_EDGE('',*,*,#1960,.T.);
#40740=ORIENTED_EDGE('',*,*,#40530,.F.);
#40750=ORIENTED_EDGE('',*,*,#9920,.T.);
#40760=EDGE_LOOP('',(#40750,#40740,#40730,#40720));
#40770=FACE_OUTER_BOUND('',#40760,.T.);
#40780=ADVANCED_FACE('',(#40770),#40710,.F.);
#40790=COLOUR_RGB('',0.313725501298904,0.313725501298904,
0.313725501298904);
#40800=FILL_AREA_STYLE_COLOUR('',#40790);
#40810=FILL_AREA_STYLE('',(#40800));
#40820=SURFACE_STYLE_FILL_AREA(#40810);
#40830=SURFACE_SIDE_STYLE('',(#40820));
#40840=SURFACE_STYLE_USAGE(.BOTH.,#40830);
#40850=PRESENTATION_STYLE_ASSIGNMENT((#40840));
#40860=CARTESIAN_POINT('',(4.461205,0.,0.65));
#40870=DIRECTION('',(0.,-1.,0.));
#40880=VECTOR('',#40870,1.);
#40890=LINE('',#40860,#40880);
#40900=CARTESIAN_POINT('',(4.461205,-16.7417697959187,0.65));
#40910=VERTEX_POINT('',#40900);
#40920=EDGE_CURVE('',#40910,#34550,#40890,.T.);
#40930=ORIENTED_EDGE('',*,*,#40920,.T.);
#40940=CARTESIAN_POINT('',(4.461205,-16.7417697959187,0.466381153101082)
);
#40950=DIRECTION('',(0.,0.,1.));
#40960=VECTOR('',#40950,1.);
#40970=LINE('',#40940,#40960);
#40980=EDGE_CURVE('',#34160,#40910,#40970,.T.);
#40990=ORIENTED_EDGE('',*,*,#40980,.T.);
#41000=ORIENTED_EDGE('',*,*,#34170,.F.);
#41010=ORIENTED_EDGE('',*,*,#37930,.F.);
#41020=ORIENTED_EDGE('',*,*,#1740,.F.);
#41030=ORIENTED_EDGE('',*,*,#37710,.F.);
#41040=ORIENTED_EDGE('',*,*,#34640,.F.);
#41050=EDGE_LOOP('',(#41040,#41030,#41020,#41010,#41000,#40990,#40930));
#41060=FACE_OUTER_BOUND('',#41050,.T.);
#41070=ADVANCED_FACE('',(#41060),#520,.T.);
#41080=COLOUR_RGB('',0.313725501298904,0.313725501298904,
0.313725501298904);
#41090=FILL_AREA_STYLE_COLOUR('',#41080);
#41100=FILL_AREA_STYLE('',(#41090));
#41110=SURFACE_STYLE_FILL_AREA(#41100);
#41120=SURFACE_SIDE_STYLE('',(#41110));
#41130=SURFACE_STYLE_USAGE(.BOTH.,#41120);
#41140=PRESENTATION_STYLE_ASSIGNMENT((#41130));
#41150=CARTESIAN_POINT('',(3.461205,-15.0266542941568,0.336582971683026)
);
#41160=DIRECTION('',(1.,0.,0.));
#41170=DIRECTION('',(0.,1.,0.));
#41180=AXIS2_PLACEMENT_3D('',#41150,#41160,#41170);
#41190=PLANE('',#41180);
#41200=ORIENTED_EDGE('',*,*,#36300,.T.);
#41210=CARTESIAN_POINT('',(3.461205,0.,2.25));
#41220=DIRECTION('',(0.,1.,0.));
#41230=VECTOR('',#41220,1.);
#41240=LINE('',#41210,#41230);
#41250=EDGE_CURVE('',#36230,#30780,#41240,.T.);
#41260=ORIENTED_EDGE('',*,*,#41250,.F.);
#41270=ORIENTED_EDGE('',*,*,#30790,.F.);
#41280=CARTESIAN_POINT('',(3.461205,0.,0.850000000000001));
#41290=DIRECTION('',(0.,1.,0.));
#41300=VECTOR('',#41290,1.);
#41310=LINE('',#41280,#41300);
#41320=EDGE_CURVE('',#34470,#30700,#41310,.T.);
#41330=ORIENTED_EDGE('',*,*,#41320,.T.);
#41340=EDGE_LOOP('',(#41330,#41270,#41260,#41200));
#41350=FACE_OUTER_BOUND('',#41340,.T.);
#41360=ADVANCED_FACE('',(#41350),#41190,.T.);
#41370=COLOUR_RGB('',0.313725501298904,0.313725501298904,
0.313725501298904);
#41380=FILL_AREA_STYLE_COLOUR('',#41370);
#41390=FILL_AREA_STYLE('',(#41380));
#41400=SURFACE_STYLE_FILL_AREA(#41390);
#41410=SURFACE_SIDE_STYLE('',(#41400));
#41420=SURFACE_STYLE_USAGE(.BOTH.,#41410);
#41430=PRESENTATION_STYLE_ASSIGNMENT((#41420));
#41440=CARTESIAN_POINT('',(4.46111742304759,-16.7417690316463,8.15));
#41450=DIRECTION('',(-0.00872653549837393,-0.999961923064171,0.));
#41460=DIRECTION('',(0.,0.,1.));
#41470=AXIS2_PLACEMENT_3D('',#41440,#41450,#41460);
#41480=PLANE('',#41470);
#41490=ORIENTED_EDGE('',*,*,#34230,.T.);
#41500=ORIENTED_EDGE('',*,*,#40980,.F.);
#41510=CARTESIAN_POINT('',(-2.38879499999997,-16.681990751552,7.5));
#41520=DIRECTION('',(-0.707093318572323,0.00617070990690958,
0.707093318572326));
#41530=VECTOR('',#41520,1.);
#41540=LINE('',#41510,#41530);
#41550=CARTESIAN_POINT('',(4.261205,-16.7400244223606,0.850000000000001)
);
#41560=VERTEX_POINT('',#41550);
#41570=EDGE_CURVE('',#40910,#41560,#41540,.T.);
#41580=ORIENTED_EDGE('',*,*,#41570,.F.);
#41590=CARTESIAN_POINT('',(-5.97759,-16.6506718120589,0.850000000000001)
);
#41600=DIRECTION('',(-0.999961923064171,0.00872653549837393,0.));
#41610=VECTOR('',#41600,1.);
#41620=LINE('',#41590,#41610);
#41630=EDGE_CURVE('',#41560,#30620,#41620,.T.);
#41640=ORIENTED_EDGE('',*,*,#41630,.F.);
#41650=ORIENTED_EDGE('',*,*,#38230,.T.);
#41660=EDGE_LOOP('',(#41650,#41640,#41580,#41500,#41490));
#41670=FACE_OUTER_BOUND('',#41660,.T.);
#41680=ADVANCED_FACE('',(#41670),#41480,.F.);
#41690=COLOUR_RGB('',0.313725501298904,0.313725501298904,
0.313725501298904);
#41700=FILL_AREA_STYLE_COLOUR('',#41690);
#41710=FILL_AREA_STYLE('',(#41700));
#41720=SURFACE_STYLE_FILL_AREA(#41710);
#41730=SURFACE_SIDE_STYLE('',(#41720));
#41740=SURFACE_STYLE_USAGE(.BOTH.,#41730);
#41750=PRESENTATION_STYLE_ASSIGNMENT((#41740));
#41760=CARTESIAN_POINT('',(3.561205,-16.2702261374238,6.85));
#41770=DIRECTION('',(-1.,0.,0.));
#41780=DIRECTION('',(0.,1.,0.));
#41790=AXIS2_PLACEMENT_3D('',#41760,#41770,#41780);
#41800=PLANE('',#41790);
#41810=ORIENTED_EDGE('',*,*,#20810,.F.);
#41820=ORIENTED_EDGE('',*,*,#31090,.F.);
#41830=CARTESIAN_POINT('',(3.561205,0.,1.85));
#41840=DIRECTION('',(0.,1.,0.));
#41850=VECTOR('',#41840,1.);
#41860=LINE('',#41830,#41850);
#41870=EDGE_CURVE('',#31020,#37140,#41860,.T.);
#41880=ORIENTED_EDGE('',*,*,#41870,.F.);
#41890=ORIENTED_EDGE('',*,*,#37230,.F.);
#41900=EDGE_LOOP('',(#41890,#41880,#41820,#41810));
#41910=FACE_OUTER_BOUND('',#41900,.T.);
#41920=ADVANCED_FACE('',(#41910),#41800,.F.);
#41930=COLOUR_RGB('',0.313725501298904,0.313725501298904,
0.313725501298904);
#41940=FILL_AREA_STYLE_COLOUR('',#41930);
#41950=FILL_AREA_STYLE('',(#41940));
#41960=SURFACE_STYLE_FILL_AREA(#41950);
#41970=SURFACE_SIDE_STYLE('',(#41960));
#41980=SURFACE_STYLE_USAGE(.BOTH.,#41970);
#41990=PRESENTATION_STYLE_ASSIGNMENT((#41980));
#42000=CARTESIAN_POINT('',(4.361205,-16.8317338979594,0.750000000000001)
);
#42010=DIRECTION('',(-0.707106781186549,-0.,-0.707106781186546));
#42020=DIRECTION('',(0.707106781186546,0.,-0.707106781186549));
#42030=AXIS2_PLACEMENT_3D('',#42000,#42010,#42020);
#42040=PLANE('',#42030);
#42050=CARTESIAN_POINT('',(4.261205,0.,0.850000000000001));
#42060=DIRECTION('',(0.,-1.,0.));
#42070=VECTOR('',#42060,1.);
#42080=LINE('',#42050,#42070);
#42090=EDGE_CURVE('',#41560,#34450,#42080,.T.);
#42100=ORIENTED_EDGE('',*,*,#42090,.T.);
#42110=ORIENTED_EDGE('',*,*,#41570,.T.);
#42120=ORIENTED_EDGE('',*,*,#40920,.F.);
#42130=ORIENTED_EDGE('',*,*,#34560,.F.);
#42140=EDGE_LOOP('',(#42130,#42120,#42110,#42100));
#42150=FACE_OUTER_BOUND('',#42140,.T.);
#42160=ADVANCED_FACE('',(#42150),#42040,.F.);
#42170=COLOUR_RGB('',0.313725501298904,0.313725501298904,
0.313725501298904);
#42180=FILL_AREA_STYLE_COLOUR('',#42170);
#42190=FILL_AREA_STYLE('',(#42180));
#42200=SURFACE_STYLE_FILL_AREA(#42190);
#42210=SURFACE_SIDE_STYLE('',(#42200));
#42220=SURFACE_STYLE_USAGE(.BOTH.,#42210);
#42230=PRESENTATION_STYLE_ASSIGNMENT((#42220));
#42240=CARTESIAN_POINT('',(1.761205,-15.121698,1.85));
#42250=DIRECTION('',(-0.707106781186546,-0.707106781186549,0.));
#42260=DIRECTION('',(0.707106781186549,-0.707106781186546,-0.));
#42270=AXIS2_PLACEMENT_3D('',#42240,#42250,#42260);
#42280=PLANE('',#42270);
#42290=ORIENTED_EDGE('',*,*,#21020,.F.);
#42300=ORIENTED_EDGE('',*,*,#8410,.T.);
#42310=CARTESIAN_POINT('',(-5.97759,-7.38290300000003,1.85));
#42320=DIRECTION('',(-0.707106781186549,0.707106781186546,0.));
#42330=VECTOR('',#42320,1.);
#42340=LINE('',#42310,#42330);
#42350=EDGE_CURVE('',#8340,#5430,#42340,.T.);
#42360=ORIENTED_EDGE('',*,*,#42350,.F.);
#42370=ORIENTED_EDGE('',*,*,#5460,.F.);
#42380=EDGE_LOOP('',(#42370,#42360,#42300,#42290));
#42390=FACE_OUTER_BOUND('',#42380,.T.);
#42400=ADVANCED_FACE('',(#42390),#42280,.F.);
#42410=COLOUR_RGB('',0.313725501298904,0.313725501298904,
0.313725501298904);
#42420=FILL_AREA_STYLE_COLOUR('',#42410);
#42430=FILL_AREA_STYLE('',(#42420));
#42440=SURFACE_STYLE_FILL_AREA(#42430);
#42450=SURFACE_SIDE_STYLE('',(#42440));
#42460=SURFACE_STYLE_USAGE(.BOTH.,#42450);
#42470=PRESENTATION_STYLE_ASSIGNMENT((#42460));
#42480=CARTESIAN_POINT('',(2.161205,-16.921698,0.850000000000001));
#42490=DIRECTION('',(0.,0.,-1.));
#42500=DIRECTION('',(-1.,0.,0.));
#42510=AXIS2_PLACEMENT_3D('',#42480,#42490,#42500);
#42520=PLANE('',#42510);
#42530=ORIENTED_EDGE('',*,*,#41320,.F.);
#42540=ORIENTED_EDGE('',*,*,#30710,.F.);
#42550=ORIENTED_EDGE('',*,*,#41630,.T.);
#42560=ORIENTED_EDGE('',*,*,#42090,.F.);
#42570=ORIENTED_EDGE('',*,*,#34480,.F.);
#42580=EDGE_LOOP('',(#42570,#42560,#42550,#42540,#42530));
#42590=FACE_OUTER_BOUND('',#42580,.T.);
#42600=ADVANCED_FACE('',(#42590),#42520,.F.);
#42610=COLOUR_RGB('',0.313725501298904,0.313725501298904,
0.313725501298904);
#42620=FILL_AREA_STYLE_COLOUR('',#42610);
#42630=FILL_AREA_STYLE('',(#42620));
#42640=SURFACE_STYLE_FILL_AREA(#42630);
#42650=SURFACE_SIDE_STYLE('',(#42640));
#42660=SURFACE_STYLE_USAGE(.BOTH.,#42650);
#42670=PRESENTATION_STYLE_ASSIGNMENT((#42660));
#42680=CARTESIAN_POINT('',(4.46111742304759,-12.7016269683537,
0.357106781186547));
#42690=DIRECTION('',(-0.00872653549837393,0.999961923064171,0.));
#42700=DIRECTION('',(0.,0.,-1.));
#42710=AXIS2_PLACEMENT_3D('',#42680,#42690,#42700);
#42720=PLANE('',#42710);
#42730=ORIENTED_EDGE('',*,*,#40450,.T.);
#42740=ORIENTED_EDGE('',*,*,#23940,.T.);
#42750=ORIENTED_EDGE('',*,*,#1020,.F.);
#42760=ORIENTED_EDGE('',*,*,#23480,.F.);
#42770=EDGE_LOOP('',(#42760,#42750,#42740,#42730));
#42780=FACE_OUTER_BOUND('',#42770,.T.);
#42790=ADVANCED_FACE('',(#42780),#42720,.F.);
#42800=COLOUR_RGB('',0.313725501298904,0.313725501298904,
0.313725501298904);
#42810=FILL_AREA_STYLE_COLOUR('',#42800);
#42820=FILL_AREA_STYLE('',(#42810));
#42830=SURFACE_STYLE_FILL_AREA(#42820);
#42840=SURFACE_SIDE_STYLE('',(#42830));
#42850=SURFACE_STYLE_USAGE(.BOTH.,#42840);
#42860=PRESENTATION_STYLE_ASSIGNMENT((#42850));
#42870=CARTESIAN_POINT('',(1.461205,-14.271698,4.4));
#42880=DIRECTION('',(1.,0.,0.));
#42890=DIRECTION('',(0.,1.,0.));
#42900=AXIS2_PLACEMENT_3D('',#42870,#42880,#42890);
#42910=CONICAL_SURFACE('',#42900,0.3,0.244978663126864);
#42920=CARTESIAN_POINT('',(1.461205,-14.271698,4.7));
#42930=DIRECTION('',(-0.970142500145332,0.,-0.242535625036334));
#42940=VECTOR('',#42930,1.);
#42950=LINE('',#42920,#42940);
#42960=CARTESIAN_POINT('',(1.061205,-14.271698,4.6));
#42970=VERTEX_POINT('',#42960);
#42980=EDGE_CURVE('',#25080,#42970,#42950,.T.);
#42990=ORIENTED_EDGE('',*,*,#42980,.F.);
#43000=CARTESIAN_POINT('',(1.061205,-14.271698,4.4));
#43010=DIRECTION('',(1.,0.,0.));
#43020=DIRECTION('',(0.,1.,0.));
#43030=AXIS2_PLACEMENT_3D('',#43000,#43010,#43020);
#43040=CIRCLE('',#43030,0.2);
#43050=CARTESIAN_POINT('',(1.061205,-14.071698,4.4));
#43060=VERTEX_POINT('',#43050);
#43070=EDGE_CURVE('',#43060,#42970,#43040,.T.);
#43080=ORIENTED_EDGE('',*,*,#43070,.T.);
#43090=CARTESIAN_POINT('',(1.061205,-14.071698,4.4));
#43100=DIRECTION('',(0.970142500145332,0.242535625036333,
1.07707454082876E-15));
#43110=VECTOR('',#43100,1.);
#43120=LINE('',#43090,#43110);
#43130=EDGE_CURVE('',#43060,#25170,#43120,.T.);
#43140=ORIENTED_EDGE('',*,*,#43130,.F.);
#43150=ORIENTED_EDGE('',*,*,#25180,.T.);
#43160=EDGE_LOOP('',(#43150,#43140,#43080,#42990));
#43170=FACE_OUTER_BOUND('',#43160,.T.);
#43180=ADVANCED_FACE('',(#43170),#42910,.T.);
#43190=COLOUR_RGB('',0.313725501298904,0.313725501298904,
0.313725501298904);
#43200=FILL_AREA_STYLE_COLOUR('',#43190);
#43210=FILL_AREA_STYLE('',(#43200));
#43220=SURFACE_STYLE_FILL_AREA(#43210);
#43230=SURFACE_SIDE_STYLE('',(#43220));
#43240=SURFACE_STYLE_USAGE(.BOTH.,#43230);
#43250=PRESENTATION_STYLE_ASSIGNMENT((#43240));
#43260=CARTESIAN_POINT('',(1.761205,-15.121698,4.35));
#43270=DIRECTION('',(-0.707106781186546,-0.707106781186549,0.));
#43280=DIRECTION('',(0.707106781186549,-0.707106781186546,-0.));
#43290=AXIS2_PLACEMENT_3D('',#43260,#43270,#43280);
#43300=PLANE('',#43290);
#43310=CARTESIAN_POINT('',(1.761205,-15.121698,10.));
#43320=DIRECTION('',(0.,0.,-1.));
#43330=VECTOR('',#43320,1.);
#43340=LINE('',#43310,#43330);
#43350=CARTESIAN_POINT('',(1.76120500000001,-15.121698,4.35));
#43360=VERTEX_POINT('',#43350);
#43370=CARTESIAN_POINT('',(1.76120500000001,-15.121698,3.75));
#43380=VERTEX_POINT('',#43370);
#43390=EDGE_CURVE('',#43360,#43380,#43340,.T.);
#43400=ORIENTED_EDGE('',*,*,#43390,.F.);
#43410=CARTESIAN_POINT('',(-5.97759,-7.38290300000003,3.75));
#43420=DIRECTION('',(-0.707106781186549,0.707106781186546,0.));
#43430=VECTOR('',#43420,1.);
#43440=LINE('',#43410,#43430);
#43450=CARTESIAN_POINT('',(1.961205,-15.321698,3.75));
#43460=VERTEX_POINT('',#43450);
#43470=EDGE_CURVE('',#43460,#43380,#43440,.T.);
#43480=ORIENTED_EDGE('',*,*,#43470,.T.);
#43490=CARTESIAN_POINT('',(1.961205,-15.321698,2.96638115310108));
#43500=DIRECTION('',(0.,0.,-1.));
#43510=VECTOR('',#43500,1.);
#43520=LINE('',#43490,#43510);
#43530=CARTESIAN_POINT('',(1.961205,-15.321698,4.35));
#43540=VERTEX_POINT('',#43530);
#43550=EDGE_CURVE('',#43540,#43460,#43520,.T.);
#43560=ORIENTED_EDGE('',*,*,#43550,.T.);
#43570=CARTESIAN_POINT('',(-5.97759,-7.38290300000003,4.35));
#43580=DIRECTION('',(-0.707106781186549,0.707106781186546,0.));
#43590=VECTOR('',#43580,1.);
#43600=LINE('',#43570,#43590);
#43610=EDGE_CURVE('',#43540,#43360,#43600,.T.);
#43620=ORIENTED_EDGE('',*,*,#43610,.F.);
#43630=EDGE_LOOP('',(#43620,#43560,#43480,#43400));
#43640=FACE_OUTER_BOUND('',#43630,.T.);
#43650=ADVANCED_FACE('',(#43640),#43300,.F.);
#43660=COLOUR_RGB('',0.313725501298904,0.313725501298904,
0.313725501298904);
#43670=FILL_AREA_STYLE_COLOUR('',#43660);
#43680=FILL_AREA_STYLE('',(#43670));
#43690=SURFACE_STYLE_FILL_AREA(#43680);
#43700=SURFACE_SIDE_STYLE('',(#43690));
#43710=SURFACE_STYLE_USAGE(.BOTH.,#43700);
#43720=PRESENTATION_STYLE_ASSIGNMENT((#43710));
#43730=CARTESIAN_POINT('',(1.461205,0.,15.0456324032185));
#43740=DIRECTION('',(-0.00872653549837393,-0.587762871231141,
0.808986189486768));
#43750=DIRECTION('',(0.,-0.809016994374947,-0.587785252292473));
#43760=AXIS2_PLACEMENT_3D('',#43730,#43740,#43750);
#43770=PLANE('',#43760);
#43780=CARTESIAN_POINT('',(-5.97759,-13.2067806195124,5.37010232990191))
;
#43790=DIRECTION('',(0.999952038386574,-0.00872644923609938,
0.00444634796951386));
#43800=VECTOR('',#43790,1.);
#43810=LINE('',#43780,#43800);
#43820=CARTESIAN_POINT('',(-2.538795,-13.236790528837,5.38539314243977))
;
#43830=VERTEX_POINT('',#43820);
#43840=EDGE_CURVE('',#43830,#27740,#43810,.T.);
#43850=ORIENTED_EDGE('',*,*,#43840,.T.);
#43860=CARTESIAN_POINT('',(-2.538795,0.,15.0024843959384));
#43870=DIRECTION('',(0.,-0.809016994374947,-0.587785252292473));
#43880=VECTOR('',#43870,1.);
#43890=LINE('',#43860,#43880);
#43900=EDGE_CURVE('',#18350,#43830,#43890,.T.);
#43910=ORIENTED_EDGE('',*,*,#43900,.T.);
#43920=ORIENTED_EDGE('',*,*,#18360,.T.);
#43930=ORIENTED_EDGE('',*,*,#27810,.F.);
#43940=EDGE_LOOP('',(#43930,#43920,#43910,#43850));
#43950=FACE_OUTER_BOUND('',#43940,.T.);
#43960=ADVANCED_FACE('',(#43950),#43770,.T.);
#43970=COLOUR_RGB('',0.313725501298904,0.313725501298904,
0.313725501298904);
#43980=FILL_AREA_STYLE_COLOUR('',#43970);
#43990=FILL_AREA_STYLE('',(#43980));
#44000=SURFACE_STYLE_FILL_AREA(#43990);
#44010=SURFACE_SIDE_STYLE('',(#44000));
#44020=SURFACE_STYLE_USAGE(.BOTH.,#44010);
#44030=PRESENTATION_STYLE_ASSIGNMENT((#44020));
#44040=CARTESIAN_POINT('',(1.461205,-13.271698,10.));
#44050=DIRECTION('',(-0.00872653549837393,-0.999961923064171,
7.40120500489528E-16));
#44060=DIRECTION('',(0.,-7.40148683083437E-16,-1.));
#44070=AXIS2_PLACEMENT_3D('',#44040,#44050,#44060);
#44080=PLANE('',#44070);
#44090=CARTESIAN_POINT('',(-5.97759,-13.2067806195124,5.2298976700981));
#44100=DIRECTION('',(0.999952038386574,-0.00872644923609939,
-0.00444634796951385));
#44110=VECTOR('',#44100,1.);
#44120=LINE('',#44090,#44110);
#44130=CARTESIAN_POINT('',(-2.538795,-13.236790528837,5.21460685756023))
;
#44140=VERTEX_POINT('',#44130);
#44150=EDGE_CURVE('',#44140,#27660,#44120,.T.);
#44160=ORIENTED_EDGE('',*,*,#44150,.T.);
#44170=CARTESIAN_POINT('',(-2.538795,-13.236790528837,10.));
#44180=DIRECTION('',(0.,-7.40148683083437E-16,-1.));
#44190=VECTOR('',#44180,1.);
#44200=LINE('',#44170,#44190);
#44210=EDGE_CURVE('',#43830,#44140,#44200,.T.);
#44220=ORIENTED_EDGE('',*,*,#44210,.T.);
#44230=ORIENTED_EDGE('',*,*,#43840,.F.);
#44240=ORIENTED_EDGE('',*,*,#27750,.F.);
#44250=EDGE_LOOP('',(#44240,#44230,#44220,#44160));
#44260=FACE_OUTER_BOUND('',#44250,.T.);
#44270=ADVANCED_FACE('',(#44260),#44080,.T.);
#44280=COLOUR_RGB('',0.313725501298904,0.313725501298904,
0.313725501298904);
#44290=FILL_AREA_STYLE_COLOUR('',#44280);
#44300=FILL_AREA_STYLE('',(#44290));
#44310=SURFACE_STYLE_FILL_AREA(#44300);
#44320=SURFACE_SIDE_STYLE('',(#44310));
#44330=SURFACE_STYLE_USAGE(.BOTH.,#44320);
#44340=PRESENTATION_STYLE_ASSIGNMENT((#44330));
#44350=CARTESIAN_POINT('',(4.361205,-16.921698,7.25));
#44360=DIRECTION('',(0.,0.,1.));
#44370=DIRECTION('',(1.,0.,0.));
#44380=AXIS2_PLACEMENT_3D('',#44350,#44360,#44370);
#44390=PLANE('',#44380);
#44400=ORIENTED_EDGE('',*,*,#35280,.T.);
#44410=CARTESIAN_POINT('',(4.261205,0.,7.25));
#44420=DIRECTION('',(0.,-1.,0.));
#44430=VECTOR('',#44420,1.);
#44440=LINE('',#44410,#44430);
#44450=CARTESIAN_POINT('',(4.261205,-16.7400244223606,7.25));
#44460=VERTEX_POINT('',#44450);
#44470=EDGE_CURVE('',#44460,#35190,#44440,.T.);
#44480=ORIENTED_EDGE('',*,*,#44470,.T.);
#44490=CARTESIAN_POINT('',(-5.97759,-16.6506718120589,7.25));
#44500=DIRECTION('',(0.999961923064171,-0.00872653549837393,-0.));
#44510=VECTOR('',#44500,1.);
#44520=LINE('',#44490,#44510);
#44530=EDGE_CURVE('',#39200,#44460,#44520,.T.);
#44540=ORIENTED_EDGE('',*,*,#44530,.T.);
#44550=CARTESIAN_POINT('',(-5.97759,-16.6506718120589,7.25));
#44560=DIRECTION('',(-0.999961923064171,0.00872653549837393,0.));
#44570=VECTOR('',#44560,1.);
#44580=LINE('',#44550,#44570);
#44590=CARTESIAN_POINT('',(3.461205,-16.733042928128,7.25));
#44600=VERTEX_POINT('',#44590);
#44610=EDGE_CURVE('',#39200,#44600,#44580,.T.);
#44620=ORIENTED_EDGE('',*,*,#44610,.F.);
#44630=CARTESIAN_POINT('',(3.461205,0.,7.25));
#44640=DIRECTION('',(0.,1.,0.));
#44650=VECTOR('',#44640,1.);
#44660=LINE('',#44630,#44650);
#44670=EDGE_CURVE('',#35270,#44600,#44660,.T.);
#44680=ORIENTED_EDGE('',*,*,#44670,.T.);
#44690=EDGE_LOOP('',(#44680,#44620,#44540,#44480,#44400));
#44700=FACE_OUTER_BOUND('',#44690,.T.);
#44710=ADVANCED_FACE('',(#44700),#44390,.F.);
#44720=COLOUR_RGB('',0.313725501298904,0.313725501298904,
0.313725501298904);
#44730=FILL_AREA_STYLE_COLOUR('',#44720);
#44740=FILL_AREA_STYLE('',(#44730));
#44750=SURFACE_STYLE_FILL_AREA(#44740);
#44760=SURFACE_SIDE_STYLE('',(#44750));
#44770=SURFACE_STYLE_USAGE(.BOTH.,#44760);
#44780=PRESENTATION_STYLE_ASSIGNMENT((#44770));
#44790=CARTESIAN_POINT('',(1.461205,0.,16.9462469596844));
#44800=DIRECTION('',(-0.00872653549837393,0.587762871231141,
-0.808986189486768));
#44810=DIRECTION('',(0.,0.809016994374947,0.587785252292473));
#44820=AXIS2_PLACEMENT_3D('',#44790,#44800,#44810);
#44830=PLANE('',#44820);
#44840=CARTESIAN_POINT('',(-5.97759,-16.2366153804875,5.22989767009809))
;
#44850=DIRECTION('',(-0.999952038386574,-0.00872644923609939,
0.00444634796951385));
#44860=VECTOR('',#44850,1.);
#44870=LINE('',#44840,#44860);
#44880=CARTESIAN_POINT('',(-2.538795,-16.206605471163,5.21460685756023))
;
#44890=VERTEX_POINT('',#44880);
#44900=EDGE_CURVE('',#26830,#44890,#44870,.T.);
#44910=ORIENTED_EDGE('',*,*,#44900,.F.);
#44920=CARTESIAN_POINT('',(-2.538795,0.,16.9893949669645));
#44930=DIRECTION('',(0.,0.809016994374947,0.587785252292473));
#44940=VECTOR('',#44930,1.);
#44950=LINE('',#44920,#44940);
#44960=EDGE_CURVE('',#33320,#44890,#44950,.T.);
#44970=ORIENTED_EDGE('',*,*,#44960,.T.);
#44980=ORIENTED_EDGE('',*,*,#33330,.T.);
#44990=ORIENTED_EDGE('',*,*,#26920,.F.);
#45000=EDGE_LOOP('',(#44990,#44980,#44970,#44910));
#45010=FACE_OUTER_BOUND('',#45000,.T.);
#45020=ADVANCED_FACE('',(#45010),#44830,.T.);
#45030=COLOUR_RGB('',0.313725501298904,0.313725501298904,
0.313725501298904);
#45040=FILL_AREA_STYLE_COLOUR('',#45030);
#45050=FILL_AREA_STYLE('',(#45040));
#45060=SURFACE_STYLE_FILL_AREA(#45050);
#45070=SURFACE_SIDE_STYLE('',(#45060));
#45080=SURFACE_STYLE_USAGE(.BOTH.,#45070);
#45090=PRESENTATION_STYLE_ASSIGNMENT((#45080));
#45100=CARTESIAN_POINT('',(1.461205,-15.171698,4.4));
#45110=DIRECTION('',(1.,0.,0.));
#45120=DIRECTION('',(0.,1.,0.));
#45130=AXIS2_PLACEMENT_3D('',#45100,#45110,#45120);
#45140=CONICAL_SURFACE('',#45130,0.3,0.244978663126864);
#45150=CARTESIAN_POINT('',(1.461205,-15.471698,4.4));
#45160=DIRECTION('',(-0.970142500145332,0.242535625036333,
-1.07707454082876E-15));
#45170=VECTOR('',#45160,1.);
#45180=LINE('',#45150,#45170);
#45190=CARTESIAN_POINT('',(1.061205,-15.371698,4.4));
#45200=VERTEX_POINT('',#45190);
#45210=EDGE_CURVE('',#24910,#45200,#45180,.T.);
#45220=ORIENTED_EDGE('',*,*,#45210,.F.);
#45230=CARTESIAN_POINT('',(1.061205,-15.171698,4.4));
#45240=DIRECTION('',(1.,0.,0.));
#45250=DIRECTION('',(0.,1.,0.));
#45260=AXIS2_PLACEMENT_3D('',#45230,#45240,#45250);
#45270=CIRCLE('',#45260,0.2);
#45280=CARTESIAN_POINT('',(1.061205,-15.171698,4.6));
#45290=VERTEX_POINT('',#45280);
#45300=EDGE_CURVE('',#45290,#45200,#45270,.T.);
#45310=ORIENTED_EDGE('',*,*,#45300,.T.);
#45320=CARTESIAN_POINT('',(1.061205,-15.171698,4.6));
#45330=DIRECTION('',(0.970142500145332,0.,0.242535625036334));
#45340=VECTOR('',#45330,1.);
#45350=LINE('',#45320,#45340);
#45360=EDGE_CURVE('',#45290,#25000,#45350,.T.);
#45370=ORIENTED_EDGE('',*,*,#45360,.F.);
#45380=ORIENTED_EDGE('',*,*,#25010,.T.);
#45390=EDGE_LOOP('',(#45380,#45370,#45310,#45220));
#45400=FACE_OUTER_BOUND('',#45390,.T.);
#45410=ADVANCED_FACE('',(#45400),#45140,.T.);
#45420=COLOUR_RGB('',0.313725501298904,0.313725501298904,
0.313725501298904);
#45430=FILL_AREA_STYLE_COLOUR('',#45420);
#45440=FILL_AREA_STYLE('',(#45430));
#45450=SURFACE_STYLE_FILL_AREA(#45440);
#45460=SURFACE_SIDE_STYLE('',(#45450));
#45470=SURFACE_STYLE_USAGE(.BOTH.,#45460);
#45480=PRESENTATION_STYLE_ASSIGNMENT((#45470));
#45490=CARTESIAN_POINT('',(1.461205,0.,-8.8462469596844));
#45500=DIRECTION('',(-0.00872653549837393,0.587762871231141,
0.808986189486768));
#45510=DIRECTION('',(-0.,-0.809016994374947,0.587785252292473));
#45520=AXIS2_PLACEMENT_3D('',#45490,#45500,#45510);
#45530=PLANE('',#45520);
#45540=ORIENTED_EDGE('',*,*,#33240,.T.);
#45550=CARTESIAN_POINT('',(-2.538795,0.,-8.88939496696452));
#45560=DIRECTION('',(-0.,-0.809016994374947,0.587785252292473));
#45570=VECTOR('',#45560,1.);
#45580=LINE('',#45550,#45570);
#45590=CARTESIAN_POINT('',(-2.538795,-16.206605471163,2.88539314243977))
;
#45600=VERTEX_POINT('',#45590);
#45610=EDGE_CURVE('',#45600,#33170,#45580,.T.);
#45620=ORIENTED_EDGE('',*,*,#45610,.T.);
#45630=CARTESIAN_POINT('',(-5.97759,-16.2366153804875,2.87010232990191))
;
#45640=DIRECTION('',(-0.999952038386574,-0.00872644923609938,
-0.00444634796951386));
#45650=VECTOR('',#45640,1.);
#45660=LINE('',#45630,#45650);
#45670=EDGE_CURVE('',#27070,#45600,#45660,.T.);
#45680=ORIENTED_EDGE('',*,*,#45670,.T.);
#45690=ORIENTED_EDGE('',*,*,#27080,.F.);
#45700=EDGE_LOOP('',(#45690,#45680,#45620,#45540));
#45710=FACE_OUTER_BOUND('',#45700,.T.);
#45720=ADVANCED_FACE('',(#45710),#45530,.T.);
#45730=COLOUR_RGB('',0.313725501298904,0.313725501298904,
0.313725501298904);
#45740=FILL_AREA_STYLE_COLOUR('',#45730);
#45750=FILL_AREA_STYLE('',(#45740));
#45760=SURFACE_STYLE_FILL_AREA(#45750);
#45770=SURFACE_SIDE_STYLE('',(#45760));
#45780=SURFACE_STYLE_USAGE(.BOTH.,#45770);
#45790=PRESENTATION_STYLE_ASSIGNMENT((#45780));
#45800=CARTESIAN_POINT('',(1.261205,-14.721698,2.15));
#45810=DIRECTION('',(0.242535625036334,0.,-0.970142500145332));
#45820=DIRECTION('',(0.970142500145332,0.,0.242535625036334));
#45830=AXIS2_PLACEMENT_3D('',#45800,#45810,#45820);
#45840=PLANE('',#45830);
#45850=CARTESIAN_POINT('',(1.461205,-14.271698,2.2));
#45860=DIRECTION('',(-0.970142500145332,0.,-0.242535625036334));
#45870=VECTOR('',#45860,1.);
#45880=LINE('',#45850,#45870);
#45890=EDGE_CURVE('',#25440,#4590,#45880,.T.);
#45900=ORIENTED_EDGE('',*,*,#45890,.T.);
#45910=ORIENTED_EDGE('',*,*,#25450,.F.);
#45920=CARTESIAN_POINT('',(1.061205,-15.171698,2.1));
#45930=DIRECTION('',(0.970142500145332,0.,0.242535625036334));
#45940=VECTOR('',#45930,1.);
#45950=LINE('',#45920,#45940);
#45960=EDGE_CURVE('',#4670,#25360,#45950,.T.);
#45970=ORIENTED_EDGE('',*,*,#45960,.T.);
#45980=ORIENTED_EDGE('',*,*,#4680,.F.);
#45990=EDGE_LOOP('',(#45980,#45970,#45910,#45900));
#46000=FACE_OUTER_BOUND('',#45990,.T.);
#46010=ADVANCED_FACE('',(#46000),#45840,.F.);
#46020=COLOUR_RGB('',0.313725501298904,0.313725501298904,
0.313725501298904);
#46030=FILL_AREA_STYLE_COLOUR('',#46020);
#46040=FILL_AREA_STYLE('',(#46030));
#46050=SURFACE_STYLE_FILL_AREA(#46040);
#46060=SURFACE_SIDE_STYLE('',(#46050));
#46070=SURFACE_STYLE_USAGE(.BOTH.,#46060);
#46080=PRESENTATION_STYLE_ASSIGNMENT((#46070));
#46090=CARTESIAN_POINT('',(1.461205,-15.171698,3.7));
#46100=DIRECTION('',(1.,0.,0.));
#46110=DIRECTION('',(0.,1.,0.));
#46120=AXIS2_PLACEMENT_3D('',#46090,#46100,#46110);
#46130=CONICAL_SURFACE('',#46120,0.3,0.244978663126864);
#46140=CARTESIAN_POINT('',(1.461205,-15.171698,3.4));
#46150=DIRECTION('',(-0.970142500145332,0.,0.242535625036333));
#46160=VECTOR('',#46150,1.);
#46170=LINE('',#46140,#46160);
#46180=CARTESIAN_POINT('',(1.061205,-15.171698,3.5));
#46190=VERTEX_POINT('',#46180);
#46200=EDGE_CURVE('',#24740,#46190,#46170,.T.);
#46210=ORIENTED_EDGE('',*,*,#46200,.F.);
#46220=CARTESIAN_POINT('',(1.061205,-15.171698,3.7));
#46230=DIRECTION('',(1.,0.,0.));
#46240=DIRECTION('',(0.,1.,0.));
#46250=AXIS2_PLACEMENT_3D('',#46220,#46230,#46240);
#46260=CIRCLE('',#46250,0.2);
#46270=CARTESIAN_POINT('',(1.061205,-15.371698,3.7));
#46280=VERTEX_POINT('',#46270);
#46290=EDGE_CURVE('',#46280,#46190,#46260,.T.);
#46300=ORIENTED_EDGE('',*,*,#46290,.T.);
#46310=CARTESIAN_POINT('',(1.061205,-15.371698,3.7));
#46320=DIRECTION('',(0.970142500145332,-0.242535625036333,-0.));
#46330=VECTOR('',#46320,1.);
#46340=LINE('',#46310,#46330);
#46350=EDGE_CURVE('',#46280,#24830,#46340,.T.);
#46360=ORIENTED_EDGE('',*,*,#46350,.F.);
#46370=ORIENTED_EDGE('',*,*,#24840,.T.);
#46380=EDGE_LOOP('',(#46370,#46360,#46300,#46210));
#46390=FACE_OUTER_BOUND('',#46380,.T.);
#46400=ADVANCED_FACE('',(#46390),#46130,.T.);
#46410=COLOUR_RGB('',0.313725501298904,0.313725501298904,
0.313725501298904);
#46420=FILL_AREA_STYLE_COLOUR('',#46410);
#46430=FILL_AREA_STYLE('',(#46420));
#46440=SURFACE_STYLE_FILL_AREA(#46430);
#46450=SURFACE_SIDE_STYLE('',(#46440));
#46460=SURFACE_STYLE_USAGE(.BOTH.,#46450);
#46470=PRESENTATION_STYLE_ASSIGNMENT((#46460));
#46480=CARTESIAN_POINT('',(1.261205,-14.721698,3.45));
#46490=DIRECTION('',(0.242535625036333,-0.,0.970142500145332));
#46500=DIRECTION('',(0.970142500145332,0.,-0.242535625036333));
#46510=AXIS2_PLACEMENT_3D('',#46480,#46490,#46500);
#46520=PLANE('',#46510);
#46530=ORIENTED_EDGE('',*,*,#46200,.T.);
#46540=ORIENTED_EDGE('',*,*,#24750,.F.);
#46550=CARTESIAN_POINT('',(1.061205,-14.271698,3.5));
#46560=DIRECTION('',(0.970142500145332,0.,-0.242535625036333));
#46570=VECTOR('',#46560,1.);
#46580=LINE('',#46550,#46570);
#46590=CARTESIAN_POINT('',(1.061205,-14.271698,3.5));
#46600=VERTEX_POINT('',#46590);
#46610=EDGE_CURVE('',#46600,#24660,#46580,.T.);
#46620=ORIENTED_EDGE('',*,*,#46610,.T.);
#46630=CARTESIAN_POINT('',(1.061205,0.,3.5));
#46640=DIRECTION('',(0.,-1.,0.));
#46650=VECTOR('',#46640,1.);
#46660=LINE('',#46630,#46650);
#46670=EDGE_CURVE('',#46600,#46190,#46660,.T.);
#46680=ORIENTED_EDGE('',*,*,#46670,.F.);
#46690=EDGE_LOOP('',(#46680,#46620,#46540,#46530));
#46700=FACE_OUTER_BOUND('',#46690,.T.);
#46710=ADVANCED_FACE('',(#46700),#46520,.F.);
#46720=COLOUR_RGB('',0.313725501298904,0.313725501298904,
0.313725501298904);
#46730=FILL_AREA_STYLE_COLOUR('',#46720);
#46740=FILL_AREA_STYLE('',(#46730));
#46750=SURFACE_STYLE_FILL_AREA(#46740);
#46760=SURFACE_SIDE_STYLE('',(#46750));
#46770=SURFACE_STYLE_USAGE(.BOTH.,#46760);
#46780=PRESENTATION_STYLE_ASSIGNMENT((#46770));
#46790=CARTESIAN_POINT('',(3.461205,-15.0266542941568,2.83658297168303))
;
#46800=DIRECTION('',(1.,0.,0.));
#46810=DIRECTION('',(0.,1.,0.));
#46820=AXIS2_PLACEMENT_3D('',#46790,#46800,#46810);
#46830=PLANE('',#46820);
#46840=CARTESIAN_POINT('',(3.461205,0.,4.75));
#46850=DIRECTION('',(0.,1.,0.));
#46860=VECTOR('',#46850,1.);
#46870=LINE('',#46840,#46860);
#46880=CARTESIAN_POINT('',(3.461205,-16.733042928128,4.75));
#46890=VERTEX_POINT('',#46880);
#46900=EDGE_CURVE('',#35750,#46890,#46870,.T.);
#46910=ORIENTED_EDGE('',*,*,#46900,.F.);
#46920=CARTESIAN_POINT('',(3.461205,-16.733042928128,10.));
#46930=DIRECTION('',(0.,0.,1.));
#46940=VECTOR('',#46930,1.);
#46950=LINE('',#46920,#46940);
#46960=CARTESIAN_POINT('',(3.461205,-16.733042928128,3.35));
#46970=VERTEX_POINT('',#46960);
#46980=EDGE_CURVE('',#46970,#46890,#46950,.T.);
#46990=ORIENTED_EDGE('',*,*,#46980,.T.);
#47000=CARTESIAN_POINT('',(3.461205,0.,3.35));
#47010=DIRECTION('',(0.,1.,0.));
#47020=VECTOR('',#47010,1.);
#47030=LINE('',#47000,#47020);
#47040=EDGE_CURVE('',#35830,#46970,#47030,.T.);
#47050=ORIENTED_EDGE('',*,*,#47040,.T.);
#47060=ORIENTED_EDGE('',*,*,#35840,.F.);
#47070=EDGE_LOOP('',(#47060,#47050,#46990,#46910));
#47080=FACE_OUTER_BOUND('',#47070,.T.);
#47090=ADVANCED_FACE('',(#47080),#46830,.T.);
#47100=COLOUR_RGB('',0.313725501298904,0.313725501298904,
0.313725501298904);
#47110=FILL_AREA_STYLE_COLOUR('',#47100);
#47120=FILL_AREA_STYLE('',(#47110));
#47130=SURFACE_STYLE_FILL_AREA(#47120);
#47140=SURFACE_SIDE_STYLE('',(#47130));
#47150=SURFACE_STYLE_USAGE(.BOTH.,#47140);
#47160=PRESENTATION_STYLE_ASSIGNMENT((#47150));
#47170=CARTESIAN_POINT('',(1.461205,-14.271698,3.7));
#47180=DIRECTION('',(1.,0.,0.));
#47190=DIRECTION('',(0.,1.,0.));
#47200=AXIS2_PLACEMENT_3D('',#47170,#47180,#47190);
#47210=CONICAL_SURFACE('',#47200,0.3,0.244978663126864);
#47220=CARTESIAN_POINT('',(1.461205,-13.971698,3.7));
#47230=DIRECTION('',(-0.970142500145332,-0.242535625036333,0.));
#47240=VECTOR('',#47230,1.);
#47250=LINE('',#47220,#47240);
#47260=CARTESIAN_POINT('',(1.061205,-14.071698,3.7));
#47270=VERTEX_POINT('',#47260);
#47280=EDGE_CURVE('',#24640,#47270,#47250,.T.);
#47290=ORIENTED_EDGE('',*,*,#47280,.F.);
#47300=CARTESIAN_POINT('',(1.061205,-14.271698,3.7));
#47310=DIRECTION('',(1.,0.,0.));
#47320=DIRECTION('',(0.,1.,0.));
#47330=AXIS2_PLACEMENT_3D('',#47300,#47310,#47320);
#47340=CIRCLE('',#47330,0.2);
#47350=EDGE_CURVE('',#46600,#47270,#47340,.T.);
#47360=ORIENTED_EDGE('',*,*,#47350,.T.);
#47370=ORIENTED_EDGE('',*,*,#46610,.F.);
#47380=ORIENTED_EDGE('',*,*,#24670,.T.);
#47390=EDGE_LOOP('',(#47380,#47370,#47360,#47290));
#47400=FACE_OUTER_BOUND('',#47390,.T.);
#47410=ADVANCED_FACE('',(#47400),#47210,.T.);
#47420=COLOUR_RGB('',0.313725501298904,0.313725501298904,
0.313725501298904);
#47430=FILL_AREA_STYLE_COLOUR('',#47420);
#47440=FILL_AREA_STYLE('',(#47430));
#47450=SURFACE_STYLE_FILL_AREA(#47440);
#47460=SURFACE_SIDE_STYLE('',(#47450));
#47470=SURFACE_STYLE_USAGE(.BOTH.,#47460);
#47480=PRESENTATION_STYLE_ASSIGNMENT((#47470));
#47490=CARTESIAN_POINT('',(5.2112074,-15.121698,4.13819660112501));
#47500=DIRECTION('',(0.,-1.,0.));
#47510=DIRECTION('',(0.,0.,-1.));
#47520=AXIS2_PLACEMENT_3D('',#47490,#47500,#47510);
#47530=PLANE('',#47520);
#47540=CARTESIAN_POINT('',(-5.97759,-15.121698,4.35));
#47550=DIRECTION('',(1.,0.,0.));
#47560=VECTOR('',#47550,1.);
#47570=LINE('',#47540,#47560);
#47580=CARTESIAN_POINT('',(1.061205,-15.121698,4.35));
#47590=VERTEX_POINT('',#47580);
#47600=EDGE_CURVE('',#47590,#43360,#47570,.T.);
#47610=ORIENTED_EDGE('',*,*,#47600,.T.);
#47620=CARTESIAN_POINT('',(1.061205,-15.121698,10.));
#47630=DIRECTION('',(0.,0.,1.));
#47640=VECTOR('',#47630,1.);
#47650=LINE('',#47620,#47640);
#47660=CARTESIAN_POINT('',(1.061205,-15.121698,3.75));
#47670=VERTEX_POINT('',#47660);
#47680=EDGE_CURVE('',#47670,#47590,#47650,.T.);
#47690=ORIENTED_EDGE('',*,*,#47680,.T.);
#47700=CARTESIAN_POINT('',(-5.97759,-15.121698,3.75));
#47710=DIRECTION('',(1.,0.,0.));
#47720=VECTOR('',#47710,1.);
#47730=LINE('',#47700,#47720);
#47740=EDGE_CURVE('',#47670,#43380,#47730,.T.);
#47750=ORIENTED_EDGE('',*,*,#47740,.F.);
#47760=ORIENTED_EDGE('',*,*,#43390,.T.);
#47770=EDGE_LOOP('',(#47760,#47750,#47690,#47610));
#47780=FACE_OUTER_BOUND('',#47770,.T.);
#47790=ADVANCED_FACE('',(#47780),#47530,.F.);
#47800=COLOUR_RGB('',0.313725501298904,0.313725501298904,
0.313725501298904);
#47810=FILL_AREA_STYLE_COLOUR('',#47800);
#47820=FILL_AREA_STYLE('',(#47810));
#47830=SURFACE_STYLE_FILL_AREA(#47820);
#47840=SURFACE_SIDE_STYLE('',(#47830));
#47850=SURFACE_STYLE_USAGE(.BOTH.,#47840);
#47860=PRESENTATION_STYLE_ASSIGNMENT((#47850));
#47870=CARTESIAN_POINT('',(1.461205,-14.271698,1.9));
#47880=DIRECTION('',(1.,0.,0.));
#47890=DIRECTION('',(0.,1.,0.));
#47900=AXIS2_PLACEMENT_3D('',#47870,#47880,#47890);
#47910=CONICAL_SURFACE('',#47900,0.3,0.244978663126864);
#47920=ORIENTED_EDGE('',*,*,#45890,.F.);
#47930=ORIENTED_EDGE('',*,*,#4600,.T.);
#47940=ORIENTED_EDGE('',*,*,#31690,.F.);
#47950=ORIENTED_EDGE('',*,*,#25540,.T.);
#47960=EDGE_LOOP('',(#47950,#47940,#47930,#47920));
#47970=FACE_OUTER_BOUND('',#47960,.T.);
#47980=ADVANCED_FACE('',(#47970),#47910,.T.);
#47990=COLOUR_RGB('',0.313725501298904,0.313725501298904,
0.313725501298904);
#48000=FILL_AREA_STYLE_COLOUR('',#47990);
#48010=FILL_AREA_STYLE('',(#48000));
#48020=SURFACE_STYLE_FILL_AREA(#48010);
#48030=SURFACE_SIDE_STYLE('',(#48020));
#48040=SURFACE_STYLE_USAGE(.BOTH.,#48030);
#48050=PRESENTATION_STYLE_ASSIGNMENT((#48040));
#48060=CARTESIAN_POINT('',(-2.538795,-13.7232170966653,1.62555440047842)
);
#48070=DIRECTION('',(1.,0.,0.));
#48080=DIRECTION('',(0.,1.,0.));
#48090=AXIS2_PLACEMENT_3D('',#48060,#48070,#48080);
#48100=PLANE('',#48090);
#48110=CARTESIAN_POINT('',(-2.538795,0.,14.4893949669645));
#48120=DIRECTION('',(0.,0.809016994374947,0.587785252292473));
#48130=VECTOR('',#48120,1.);
#48140=LINE('',#48110,#48130);
#48150=CARTESIAN_POINT('',(-2.538795,-16.206605471163,2.71460685756023))
;
#48160=VERTEX_POINT('',#48150);
#48170=EDGE_CURVE('',#33090,#48160,#48140,.T.);
#48180=ORIENTED_EDGE('',*,*,#48170,.F.);
#48190=CARTESIAN_POINT('',(-2.538795,-16.206605471163,7.5));
#48200=DIRECTION('',(-0.,-7.40148683083437E-16,1.));
#48210=VECTOR('',#48200,1.);
#48220=LINE('',#48190,#48210);
#48230=EDGE_CURVE('',#48160,#45600,#48220,.T.);
#48240=ORIENTED_EDGE('',*,*,#48230,.F.);
#48250=ORIENTED_EDGE('',*,*,#45610,.F.);
#48260=ORIENTED_EDGE('',*,*,#33180,.T.);
#48270=EDGE_LOOP('',(#48260,#48250,#48240,#48180));
#48280=FACE_OUTER_BOUND('',#48270,.T.);
#48290=ADVANCED_FACE('',(#48280),#48100,.F.);
#48300=COLOUR_RGB('',0.313725501298904,0.313725501298904,
0.313725501298904);
#48310=FILL_AREA_STYLE_COLOUR('',#48300);
#48320=FILL_AREA_STYLE('',(#48310));
#48330=SURFACE_STYLE_FILL_AREA(#48320);
#48340=SURFACE_SIDE_STYLE('',(#48330));
#48350=SURFACE_STYLE_USAGE(.BOTH.,#48340);
#48360=PRESENTATION_STYLE_ASSIGNMENT((#48350));
#48370=CARTESIAN_POINT('',(-2.538795,-13.7232170966653,1.62555440047842)
);
#48380=DIRECTION('',(1.,0.,0.));
#48390=DIRECTION('',(0.,1.,0.));
#48400=AXIS2_PLACEMENT_3D('',#48370,#48380,#48390);
#48410=PLANE('',#48400);
#48420=CARTESIAN_POINT('',(-2.538795,0.,12.5024843959384));
#48430=DIRECTION('',(0.,-0.809016994374947,-0.587785252292473));
#48440=VECTOR('',#48430,1.);
#48450=LINE('',#48420,#48440);
#48460=CARTESIAN_POINT('',(-2.538795,-13.236790528837,2.88539314243977))
;
#48470=VERTEX_POINT('',#48460);
#48480=EDGE_CURVE('',#18670,#48470,#48450,.T.);
#48490=ORIENTED_EDGE('',*,*,#48480,.F.);
#48500=CARTESIAN_POINT('',(-2.538795,-13.236790528837,7.5));
#48510=DIRECTION('',(0.,-7.40148683083437E-16,-1.));
#48520=VECTOR('',#48510,1.);
#48530=LINE('',#48500,#48520);
#48540=CARTESIAN_POINT('',(-2.538795,-13.236790528837,2.71460685756023))
;
#48550=VERTEX_POINT('',#48540);
#48560=EDGE_CURVE('',#48470,#48550,#48530,.T.);
#48570=ORIENTED_EDGE('',*,*,#48560,.F.);
#48580=CARTESIAN_POINT('',(-2.538795,0.,-6.9024843959384));
#48590=DIRECTION('',(0.,0.809016994374947,-0.587785252292473));
#48600=VECTOR('',#48590,1.);
#48610=LINE('',#48580,#48600);
#48620=EDGE_CURVE('',#48550,#18750,#48610,.T.);
#48630=ORIENTED_EDGE('',*,*,#48620,.F.);
#48640=ORIENTED_EDGE('',*,*,#18760,.T.);
#48650=EDGE_LOOP('',(#48640,#48630,#48570,#48490));
#48660=FACE_OUTER_BOUND('',#48650,.T.);
#48670=ADVANCED_FACE('',(#48660),#48410,.F.);
#48680=COLOUR_RGB('',0.313725501298904,0.313725501298904,
0.313725501298904);
#48690=FILL_AREA_STYLE_COLOUR('',#48680);
#48700=FILL_AREA_STYLE('',(#48690));
#48710=SURFACE_STYLE_FILL_AREA(#48700);
#48720=SURFACE_SIDE_STYLE('',(#48710));
#48730=SURFACE_STYLE_USAGE(.BOTH.,#48720);
#48740=PRESENTATION_STYLE_ASSIGNMENT((#48730));
#48750=CARTESIAN_POINT('',(1.461205,-13.271698,7.5));
#48760=DIRECTION('',(-0.00872653549837393,-0.999961923064171,
7.40120500489528E-16));
#48770=DIRECTION('',(0.,-7.40148683083437E-16,-1.));
#48780=AXIS2_PLACEMENT_3D('',#48750,#48760,#48770);
#48790=PLANE('',#48780);
#48800=CARTESIAN_POINT('',(-5.97759,-13.2067806195124,2.7298976700981));
#48810=DIRECTION('',(0.999952038386574,-0.00872644923609939,
-0.00444634796951385));
#48820=VECTOR('',#48810,1.);
#48830=LINE('',#48800,#48820);
#48840=EDGE_CURVE('',#48550,#27430,#48830,.T.);
#48850=ORIENTED_EDGE('',*,*,#48840,.T.);
#48860=ORIENTED_EDGE('',*,*,#48560,.T.);
#48870=CARTESIAN_POINT('',(-5.97759,-13.2067806195124,2.87010232990191))
;
#48880=DIRECTION('',(0.999952038386574,-0.00872644923609938,
0.00444634796951386));
#48890=VECTOR('',#48880,1.);
#48900=LINE('',#48870,#48890);
#48910=EDGE_CURVE('',#48470,#27510,#48900,.T.);
#48920=ORIENTED_EDGE('',*,*,#48910,.F.);
#48930=ORIENTED_EDGE('',*,*,#27520,.F.);
#48940=EDGE_LOOP('',(#48930,#48920,#48860,#48850));
#48950=FACE_OUTER_BOUND('',#48940,.T.);
#48960=ADVANCED_FACE('',(#48950),#48790,.T.);
#48970=COLOUR_RGB('',0.313725501298904,0.313725501298904,
0.313725501298904);
#48980=FILL_AREA_STYLE_COLOUR('',#48970);
#48990=FILL_AREA_STYLE('',(#48980));
#49000=SURFACE_STYLE_FILL_AREA(#48990);
#49010=SURFACE_SIDE_STYLE('',(#49000));
#49020=SURFACE_STYLE_USAGE(.BOTH.,#49010);
#49030=PRESENTATION_STYLE_ASSIGNMENT((#49020));
#49040=CARTESIAN_POINT('',(1.461205,0.,12.5456324032185));
#49050=DIRECTION('',(-0.00872653549837393,-0.587762871231141,
0.808986189486768));
#49060=DIRECTION('',(0.,-0.809016994374947,-0.587785252292473));
#49070=AXIS2_PLACEMENT_3D('',#49040,#49050,#49060);
#49080=PLANE('',#49070);
#49090=ORIENTED_EDGE('',*,*,#48910,.T.);
#49100=ORIENTED_EDGE('',*,*,#48480,.T.);
#49110=ORIENTED_EDGE('',*,*,#18680,.T.);
#49120=ORIENTED_EDGE('',*,*,#27580,.F.);
#49130=EDGE_LOOP('',(#49120,#49110,#49100,#49090));
#49140=FACE_OUTER_BOUND('',#49130,.T.);
#49150=ADVANCED_FACE('',(#49140),#49080,.T.);
#49160=COLOUR_RGB('',0.313725501298904,0.313725501298904,
0.313725501298904);
#49170=FILL_AREA_STYLE_COLOUR('',#49160);
#49180=FILL_AREA_STYLE('',(#49170));
#49190=SURFACE_STYLE_FILL_AREA(#49180);
#49200=SURFACE_SIDE_STYLE('',(#49190));
#49210=SURFACE_STYLE_USAGE(.BOTH.,#49200);
#49220=PRESENTATION_STYLE_ASSIGNMENT((#49210));
#49230=CARTESIAN_POINT('',(1.461205,-16.171698,7.5));
#49240=DIRECTION('',(-0.00872653549837393,0.999961923064171,
7.40120500489528E-16));
#49250=DIRECTION('',(-0.,-7.40148683083437E-16,1.));
#49260=AXIS2_PLACEMENT_3D('',#49230,#49240,#49250);
#49270=PLANE('',#49260);
#49280=ORIENTED_EDGE('',*,*,#45670,.F.);
#49290=ORIENTED_EDGE('',*,*,#48230,.T.);
#49300=CARTESIAN_POINT('',(-5.97759,-16.2366153804875,2.72989767009809))
;
#49310=DIRECTION('',(-0.999952038386574,-0.00872644923609939,
0.00444634796951385));
#49320=VECTOR('',#49310,1.);
#49330=LINE('',#49300,#49320);
#49340=EDGE_CURVE('',#27150,#48160,#49330,.T.);
#49350=ORIENTED_EDGE('',*,*,#49340,.T.);
#49360=ORIENTED_EDGE('',*,*,#27160,.F.);
#49370=EDGE_LOOP('',(#49360,#49350,#49290,#49280));
#49380=FACE_OUTER_BOUND('',#49370,.T.);
#49390=ADVANCED_FACE('',(#49380),#49270,.T.);
#49400=COLOUR_RGB('',0.313725501298904,0.313725501298904,
0.313725501298904);
#49410=FILL_AREA_STYLE_COLOUR('',#49400);
#49420=FILL_AREA_STYLE('',(#49410));
#49430=SURFACE_STYLE_FILL_AREA(#49420);
#49440=SURFACE_SIDE_STYLE('',(#49430));
#49450=SURFACE_STYLE_USAGE(.BOTH.,#49440);
#49460=PRESENTATION_STYLE_ASSIGNMENT((#49450));
#49470=CARTESIAN_POINT('',(1.261205,-14.021698,4.05));
#49480=DIRECTION('',(0.242535625036333,-0.970142500145332,0.));
#49490=DIRECTION('',(0.970142500145332,0.242535625036333,
1.07707454082876E-15));
#49500=AXIS2_PLACEMENT_3D('',#49470,#49480,#49490);
#49510=PLANE('',#49500);
#49520=ORIENTED_EDGE('',*,*,#47280,.T.);
#49530=ORIENTED_EDGE('',*,*,#25240,.F.);
#49540=ORIENTED_EDGE('',*,*,#43130,.T.);
#49550=CARTESIAN_POINT('',(1.061205,-14.071698,10.));
#49560=DIRECTION('',(0.,0.,-1.));
#49570=VECTOR('',#49560,1.);
#49580=LINE('',#49550,#49570);
#49590=EDGE_CURVE('',#43060,#47270,#49580,.T.);
#49600=ORIENTED_EDGE('',*,*,#49590,.F.);
#49610=EDGE_LOOP('',(#49600,#49540,#49530,#49520));
#49620=FACE_OUTER_BOUND('',#49610,.T.);
#49630=ADVANCED_FACE('',(#49620),#49510,.F.);
#49640=COLOUR_RGB('',0.313725501298904,0.313725501298904,
0.313725501298904);
#49650=FILL_AREA_STYLE_COLOUR('',#49640);
#49660=FILL_AREA_STYLE('',(#49650));
#49670=SURFACE_STYLE_FILL_AREA(#49660);
#49680=SURFACE_SIDE_STYLE('',(#49670));
#49690=SURFACE_STYLE_USAGE(.BOTH.,#49680);
#49700=PRESENTATION_STYLE_ASSIGNMENT((#49690));
#49710=CARTESIAN_POINT('',(4.46120500000001,-12.221698,3.15));
#49720=DIRECTION('',(-0.707106781186548,-0.,-0.707106781186548));
#49730=DIRECTION('',(0.707106781186548,0.,-0.707106781186548));
#49740=AXIS2_PLACEMENT_3D('',#49710,#49720,#49730);
#49750=PLANE('',#49740);
#49760=ORIENTED_EDGE('',*,*,#40230,.T.);
#49770=ORIENTED_EDGE('',*,*,#29250,.T.);
#49780=CARTESIAN_POINT('',(4.461205,-12.4934046674904,3.15000000000001))
;
#49790=DIRECTION('',(0.,-1.,0.));
#49800=VECTOR('',#49790,1.);
#49810=LINE('',#49780,#49800);
#49820=CARTESIAN_POINT('',(4.461205,-12.7016262040813,3.15));
#49830=VERTEX_POINT('',#49820);
#49840=EDGE_CURVE('',#29160,#49830,#49810,.T.);
#49850=ORIENTED_EDGE('',*,*,#49840,.F.);
#49860=CARTESIAN_POINT('',(-3.038795,-12.7670777125119,10.65));
#49870=DIRECTION('',(-0.707093318572324,-0.00617070990690961,
0.707093318572324));
#49880=VECTOR('',#49870,1.);
#49890=LINE('',#49860,#49880);
#49900=EDGE_CURVE('',#49830,#40220,#49890,.T.);
#49910=ORIENTED_EDGE('',*,*,#49900,.F.);
#49920=EDGE_LOOP('',(#49910,#49850,#49770,#49760));
#49930=FACE_OUTER_BOUND('',#49920,.T.);
#49940=ADVANCED_FACE('',(#49930),#49750,.F.);
#49950=COLOUR_RGB('',0.313725501298904,0.313725501298904,
0.313725501298904);
#49960=FILL_AREA_STYLE_COLOUR('',#49950);
#49970=FILL_AREA_STYLE('',(#49960));
#49980=SURFACE_STYLE_FILL_AREA(#49970);
#49990=SURFACE_SIDE_STYLE('',(#49980));
#50000=SURFACE_STYLE_USAGE(.BOTH.,#49990);
#50010=PRESENTATION_STYLE_ASSIGNMENT((#50000));
#50020=CARTESIAN_POINT('',(4.46111742304759,-12.7016269683537,
0.357106781186547));
#50030=DIRECTION('',(-0.00872653549837393,0.999961923064171,0.));
#50040=DIRECTION('',(0.,0.,-1.));
#50050=AXIS2_PLACEMENT_3D('',#50020,#50030,#50040);
#50060=PLANE('',#50050);
#50070=ORIENTED_EDGE('',*,*,#49900,.T.);
#50080=CARTESIAN_POINT('',(4.461205,-12.7016262040813,0.466381153101082)
);
#50090=DIRECTION('',(0.,0.,-1.));
#50100=VECTOR('',#50090,1.);
#50110=LINE('',#50080,#50100);
#50120=CARTESIAN_POINT('',(4.461205,-12.7016262040813,2.45));
#50130=VERTEX_POINT('',#50120);
#50140=EDGE_CURVE('',#49830,#50130,#50110,.T.);
#50150=ORIENTED_EDGE('',*,*,#50140,.F.);
#50160=CARTESIAN_POINT('',(-3.038795,-12.7670777125119,-5.05));
#50170=DIRECTION('',(0.707093318572324,0.00617070990690961,
0.707093318572324));
#50180=VECTOR('',#50170,1.);
#50190=LINE('',#50160,#50180);
#50200=EDGE_CURVE('',#40300,#50130,#50190,.T.);
#50210=ORIENTED_EDGE('',*,*,#50200,.T.);
#50220=ORIENTED_EDGE('',*,*,#40310,.T.);
#50230=EDGE_LOOP('',(#50220,#50210,#50150,#50070));
#50240=FACE_OUTER_BOUND('',#50230,.T.);
#50250=ADVANCED_FACE('',(#50240),#50060,.F.);
#50260=COLOUR_RGB('',0.313725501298904,0.313725501298904,
0.313725501298904);
#50270=FILL_AREA_STYLE_COLOUR('',#50260);
#50280=FILL_AREA_STYLE('',(#50270));
#50290=SURFACE_STYLE_FILL_AREA(#50280);
#50300=SURFACE_SIDE_STYLE('',(#50290));
#50310=SURFACE_STYLE_USAGE(.BOTH.,#50300);
#50320=PRESENTATION_STYLE_ASSIGNMENT((#50310));
#50330=CARTESIAN_POINT('',(3.961205,-12.221698,1.95));
#50340=DIRECTION('',(-0.707106781186548,0.,0.707106781186548));
#50350=DIRECTION('',(-0.707106781186548,0.,-0.707106781186548));
#50360=AXIS2_PLACEMENT_3D('',#50330,#50340,#50350);
#50370=PLANE('',#50360);
#50380=CARTESIAN_POINT('',(4.461205,-12.4934046674904,2.45));
#50390=DIRECTION('',(0.,1.,0.));
#50400=VECTOR('',#50390,1.);
#50410=LINE('',#50380,#50400);
#50420=EDGE_CURVE('',#50130,#29080,#50410,.T.);
#50430=ORIENTED_EDGE('',*,*,#50420,.F.);
#50440=ORIENTED_EDGE('',*,*,#29090,.T.);
#50450=ORIENTED_EDGE('',*,*,#40370,.F.);
#50460=ORIENTED_EDGE('',*,*,#50200,.F.);
#50470=EDGE_LOOP('',(#50460,#50450,#50440,#50430));
#50480=FACE_OUTER_BOUND('',#50470,.T.);
#50490=ADVANCED_FACE('',(#50480),#50370,.F.);
#50500=COLOUR_RGB('',0.313725501298904,0.313725501298904,
0.313725501298904);
#50510=FILL_AREA_STYLE_COLOUR('',#50500);
#50520=FILL_AREA_STYLE('',(#50510));
#50530=SURFACE_STYLE_FILL_AREA(#50520);
#50540=SURFACE_SIDE_STYLE('',(#50530));
#50550=SURFACE_STYLE_USAGE(.BOTH.,#50540);
#50560=PRESENTATION_STYLE_ASSIGNMENT((#50550));
#50570=CARTESIAN_POINT('',(4.461205,-15.7347326612075,0.330773311356566)
);
#50580=DIRECTION('',(1.,0.,0.));
#50590=DIRECTION('',(0.,1.,0.));
#50600=AXIS2_PLACEMENT_3D('',#50570,#50580,#50590);
#50610=PLANE('',#50600);
#50620=ORIENTED_EDGE('',*,*,#29170,.F.);
#50630=ORIENTED_EDGE('',*,*,#50420,.T.);
#50640=ORIENTED_EDGE('',*,*,#50140,.T.);
#50650=ORIENTED_EDGE('',*,*,#49840,.T.);
#50660=EDGE_LOOP('',(#50650,#50640,#50630,#50620));
#50670=FACE_OUTER_BOUND('',#50660,.T.);
#50680=ADVANCED_FACE('',(#50670),#50610,.T.);
#50690=COLOUR_RGB('',0.313725501298904,0.313725501298904,
0.313725501298904);
#50700=FILL_AREA_STYLE_COLOUR('',#50690);
#50710=FILL_AREA_STYLE('',(#50700));
#50720=SURFACE_STYLE_FILL_AREA(#50710);
#50730=SURFACE_SIDE_STYLE('',(#50720));
#50740=SURFACE_STYLE_USAGE(.BOTH.,#50730);
#50750=PRESENTATION_STYLE_ASSIGNMENT((#50740));
#50760=CARTESIAN_POINT('',(-2.538795,-13.7232170966653,4.12555440047842)
);
#50770=DIRECTION('',(1.,0.,0.));
#50780=DIRECTION('',(0.,1.,0.));
#50790=AXIS2_PLACEMENT_3D('',#50760,#50770,#50780);
#50800=PLANE('',#50790);
#50810=ORIENTED_EDGE('',*,*,#43900,.F.);
#50820=ORIENTED_EDGE('',*,*,#44210,.F.);
#50830=CARTESIAN_POINT('',(-2.538795,0.,-4.4024843959384));
#50840=DIRECTION('',(0.,0.809016994374947,-0.587785252292473));
#50850=VECTOR('',#50840,1.);
#50860=LINE('',#50830,#50850);
#50870=EDGE_CURVE('',#44140,#18430,#50860,.T.);
#50880=ORIENTED_EDGE('',*,*,#50870,.F.);
#50890=ORIENTED_EDGE('',*,*,#18440,.T.);
#50900=EDGE_LOOP('',(#50890,#50880,#50820,#50810));
#50910=FACE_OUTER_BOUND('',#50900,.T.);
#50920=ADVANCED_FACE('',(#50910),#50800,.F.);
#50930=COLOUR_RGB('',0.313725501298904,0.313725501298904,
0.313725501298904);
#50940=FILL_AREA_STYLE_COLOUR('',#50930);
#50950=FILL_AREA_STYLE('',(#50940));
#50960=SURFACE_STYLE_FILL_AREA(#50950);
#50970=SURFACE_SIDE_STYLE('',(#50960));
#50980=SURFACE_STYLE_USAGE(.BOTH.,#50970);
#50990=PRESENTATION_STYLE_ASSIGNMENT((#50980));
#51000=CARTESIAN_POINT('',(3.661205,-13.921698,6.85));
#51010=DIRECTION('',(-0.,1.,0.));
#51020=DIRECTION('',(1.,0.,0.));
#51030=AXIS2_PLACEMENT_3D('',#51000,#51010,#51020);
#51040=PLANE('',#51030);
#51050=CARTESIAN_POINT('',(-5.97759,-13.921698,3.75));
#51060=DIRECTION('',(-1.,0.,0.));
#51070=VECTOR('',#51060,1.);
#51080=LINE('',#51050,#51070);
#51090=CARTESIAN_POINT('',(3.81120499999999,-13.921698,3.75));
#51100=VERTEX_POINT('',#51090);
#51110=CARTESIAN_POINT('',(1.961205,-13.921698,3.75));
#51120=VERTEX_POINT('',#51110);
#51130=EDGE_CURVE('',#51100,#51120,#51080,.T.);
#51140=ORIENTED_EDGE('',*,*,#51130,.F.);
#51150=CARTESIAN_POINT('',(1.961205,-13.921698,10.));
#51160=DIRECTION('',(0.,0.,1.));
#51170=VECTOR('',#51160,1.);
#51180=LINE('',#51150,#51170);
#51190=CARTESIAN_POINT('',(1.961205,-13.921698,4.35));
#51200=VERTEX_POINT('',#51190);
#51210=EDGE_CURVE('',#51120,#51200,#51180,.T.);
#51220=ORIENTED_EDGE('',*,*,#51210,.F.);
#51230=CARTESIAN_POINT('',(-5.97759,-13.921698,4.35));
#51240=DIRECTION('',(1.,0.,0.));
#51250=VECTOR('',#51240,1.);
#51260=LINE('',#51230,#51250);
#51270=CARTESIAN_POINT('',(3.811205,-13.921698,4.35));
#51280=VERTEX_POINT('',#51270);
#51290=EDGE_CURVE('',#51200,#51280,#51260,.T.);
#51300=ORIENTED_EDGE('',*,*,#51290,.F.);
#51310=CARTESIAN_POINT('',(3.811205,-13.921698,4.2));
#51320=DIRECTION('',(0.,0.,1.));
#51330=VECTOR('',#51320,1.);
#51340=LINE('',#51310,#51330);
#51350=EDGE_CURVE('',#51100,#51280,#51340,.T.);
#51360=ORIENTED_EDGE('',*,*,#51350,.T.);
#51370=EDGE_LOOP('',(#51360,#51300,#51220,#51140));
#51380=FACE_OUTER_BOUND('',#51370,.T.);
#51390=ADVANCED_FACE('',(#51380),#51040,.F.);
#51400=COLOUR_RGB('',0.313725501298904,0.313725501298904,
0.313725501298904);
#51410=FILL_AREA_STYLE_COLOUR('',#51400);
#51420=FILL_AREA_STYLE('',(#51410));
#51430=SURFACE_STYLE_FILL_AREA(#51420);
#51440=SURFACE_SIDE_STYLE('',(#51430));
#51450=SURFACE_STYLE_USAGE(.BOTH.,#51440);
#51460=PRESENTATION_STYLE_ASSIGNMENT((#51450));
#51470=CARTESIAN_POINT('',(4.461205,-15.7347326612075,2.83077331135657))
;
#51480=DIRECTION('',(1.,0.,0.));
#51490=DIRECTION('',(0.,1.,0.));
#51500=AXIS2_PLACEMENT_3D('',#51470,#51480,#51490);
#51510=PLANE('',#51500);
#51520=ORIENTED_EDGE('',*,*,#29490,.F.);
#51530=CARTESIAN_POINT('',(4.461205,-12.4934046674904,4.95));
#51540=DIRECTION('',(0.,1.,0.));
#51550=VECTOR('',#51540,1.);
#51560=LINE('',#51530,#51550);
#51570=CARTESIAN_POINT('',(4.461205,-12.7016262040813,4.95));
#51580=VERTEX_POINT('',#51570);
#51590=EDGE_CURVE('',#51580,#29400,#51560,.T.);
#51600=ORIENTED_EDGE('',*,*,#51590,.T.);
#51610=CARTESIAN_POINT('',(4.461205,-12.7016262040813,2.96638115310108))
;
#51620=DIRECTION('',(0.,0.,-1.));
#51630=VECTOR('',#51620,1.);
#51640=LINE('',#51610,#51630);
#51650=CARTESIAN_POINT('',(4.461205,-12.7016262040813,5.65));
#51660=VERTEX_POINT('',#51650);
#51670=EDGE_CURVE('',#51660,#51580,#51640,.T.);
#51680=ORIENTED_EDGE('',*,*,#51670,.T.);
#51690=CARTESIAN_POINT('',(4.461205,-12.4934046674904,5.65000000000001))
;
#51700=DIRECTION('',(0.,-1.,0.));
#51710=VECTOR('',#51700,1.);
#51720=LINE('',#51690,#51710);
#51730=EDGE_CURVE('',#29480,#51660,#51720,.T.);
#51740=ORIENTED_EDGE('',*,*,#51730,.T.);
#51750=EDGE_LOOP('',(#51740,#51680,#51600,#51520));
#51760=FACE_OUTER_BOUND('',#51750,.T.);
#51770=ADVANCED_FACE('',(#51760),#51510,.T.);
#51780=COLOUR_RGB('',0.313725501298904,0.313725501298904,
0.313725501298904);
#51790=FILL_AREA_STYLE_COLOUR('',#51780);
#51800=FILL_AREA_STYLE('',(#51790));
#51810=SURFACE_STYLE_FILL_AREA(#51800);
#51820=SURFACE_SIDE_STYLE('',(#51810));
#51830=SURFACE_STYLE_USAGE(.BOTH.,#51820);
#51840=PRESENTATION_STYLE_ASSIGNMENT((#51830));
#51850=CARTESIAN_POINT('',(1.961205,-16.221698,3.75));
#51860=DIRECTION('',(0.,-0.,1.));
#51870=DIRECTION('',(0.,1.,0.));
#51880=AXIS2_PLACEMENT_3D('',#51850,#51860,#51870);
#51890=PLANE('',#51880);
#51900=CARTESIAN_POINT('',(17.732903,0.,3.75));
#51910=DIRECTION('',(0.707106781186548,0.707106781186548,0.));
#51920=VECTOR('',#51910,1.);
#51930=LINE('',#51900,#51920);
#51940=EDGE_CURVE('',#51100,#38520,#51930,.T.);
#51950=ORIENTED_EDGE('',*,*,#51940,.F.);
#51960=ORIENTED_EDGE('',*,*,#38530,.T.);
#51970=CARTESIAN_POINT('',(-5.97759,-16.6506718120589,3.75));
#51980=DIRECTION('',(0.999961923064171,-0.00872653549837393,-0.));
#51990=VECTOR('',#51980,1.);
#52000=LINE('',#51970,#51990);
#52010=CARTESIAN_POINT('',(3.561205,-16.7339156149071,3.75));
#52020=VERTEX_POINT('',#52010);
#52030=EDGE_CURVE('',#52020,#38440,#52000,.T.);
#52040=ORIENTED_EDGE('',*,*,#52030,.T.);
#52050=CARTESIAN_POINT('',(3.561205,0.,3.75));
#52060=DIRECTION('',(0.,-1.,0.));
#52070=VECTOR('',#52060,1.);
#52080=LINE('',#52050,#52070);
#52090=CARTESIAN_POINT('',(3.561205,-15.671698,3.75));
#52100=VERTEX_POINT('',#52090);
#52110=EDGE_CURVE('',#52100,#52020,#52080,.T.);
#52120=ORIENTED_EDGE('',*,*,#52110,.T.);
#52130=CARTESIAN_POINT('',(-12.110493,0.,3.75));
#52140=DIRECTION('',(-0.707106781186548,0.707106781186548,0.));
#52150=VECTOR('',#52140,1.);
#52160=LINE('',#52130,#52150);
#52170=CARTESIAN_POINT('',(3.411205,-15.521698,3.75));
#52180=VERTEX_POINT('',#52170);
#52190=EDGE_CURVE('',#52100,#52180,#52160,.T.);
#52200=ORIENTED_EDGE('',*,*,#52190,.F.);
#52210=CARTESIAN_POINT('',(-5.97759,-15.521698,3.75));
#52220=DIRECTION('',(-1.,0.,0.));
#52230=VECTOR('',#52220,1.);
#52240=LINE('',#52210,#52230);
#52250=CARTESIAN_POINT('',(1.961205,-15.521698,3.75));
#52260=VERTEX_POINT('',#52250);
#52270=EDGE_CURVE('',#52180,#52260,#52240,.T.);
#52280=ORIENTED_EDGE('',*,*,#52270,.F.);
#52290=CARTESIAN_POINT('',(1.961205,0.,3.75));
#52300=DIRECTION('',(0.,-1.,0.));
#52310=VECTOR('',#52300,1.);
#52320=LINE('',#52290,#52310);
#52330=EDGE_CURVE('',#43460,#52260,#52320,.T.);
#52340=ORIENTED_EDGE('',*,*,#52330,.T.);
#52350=ORIENTED_EDGE('',*,*,#43470,.F.);
#52360=ORIENTED_EDGE('',*,*,#47740,.T.);
#52370=CARTESIAN_POINT('',(1.061205,0.,3.75));
#52380=DIRECTION('',(0.,-1.,0.));
#52390=VECTOR('',#52380,1.);
#52400=LINE('',#52370,#52390);
#52410=CARTESIAN_POINT('',(1.061205,-14.321698,3.75));
#52420=VERTEX_POINT('',#52410);
#52430=EDGE_CURVE('',#52420,#47670,#52400,.T.);
#52440=ORIENTED_EDGE('',*,*,#52430,.T.);
#52450=CARTESIAN_POINT('',(-5.97759,-14.321698,3.75));
#52460=DIRECTION('',(1.,0.,0.));
#52470=VECTOR('',#52460,1.);
#52480=LINE('',#52450,#52470);
#52490=CARTESIAN_POINT('',(1.76120500000001,-14.321698,3.75));
#52500=VERTEX_POINT('',#52490);
#52510=EDGE_CURVE('',#52420,#52500,#52480,.T.);
#52520=ORIENTED_EDGE('',*,*,#52510,.F.);
#52530=CARTESIAN_POINT('',(-5.97759,-22.060493,3.75));
#52540=DIRECTION('',(-0.707106781186549,-0.707106781186546,0.));
#52550=VECTOR('',#52540,1.);
#52560=LINE('',#52530,#52550);
#52570=CARTESIAN_POINT('',(1.961205,-14.121698,3.75));
#52580=VERTEX_POINT('',#52570);
#52590=EDGE_CURVE('',#52580,#52500,#52560,.T.);
#52600=ORIENTED_EDGE('',*,*,#52590,.T.);
#52610=CARTESIAN_POINT('',(1.961205,0.,3.75));
#52620=DIRECTION('',(0.,-1.,0.));
#52630=VECTOR('',#52620,1.);
#52640=LINE('',#52610,#52630);
#52650=EDGE_CURVE('',#51120,#52580,#52640,.T.);
#52660=ORIENTED_EDGE('',*,*,#52650,.T.);
#52670=ORIENTED_EDGE('',*,*,#51130,.T.);
#52680=EDGE_LOOP('',(#52670,#52660,#52600,#52520,#52440,#52360,#52350,
#52340,#52280,#52200,#52120,#52040,#51960,#51950));
#52690=FACE_OUTER_BOUND('',#52680,.T.);
#52700=ADVANCED_FACE('',(#52690),#51890,.T.);
#52710=COLOUR_RGB('',0.313725501298904,0.313725501298904,
0.313725501298904);
#52720=FILL_AREA_STYLE_COLOUR('',#52710);
#52730=FILL_AREA_STYLE('',(#52720));
#52740=SURFACE_STYLE_FILL_AREA(#52730);
#52750=SURFACE_SIDE_STYLE('',(#52740));
#52760=SURFACE_STYLE_USAGE(.BOTH.,#52750);
#52770=PRESENTATION_STYLE_ASSIGNMENT((#52760));
#52780=CARTESIAN_POINT('',(4.461205,-15.7347326612075,0.330773311356566)
);
#52790=DIRECTION('',(1.,0.,0.));
#52800=DIRECTION('',(0.,1.,0.));
#52810=AXIS2_PLACEMENT_3D('',#52780,#52790,#52800);
#52820=PLANE('',#52810);
#52830=ORIENTED_EDGE('',*,*,#35120,.T.);
#52840=CARTESIAN_POINT('',(4.461205,-16.921698,8.35));
#52850=DIRECTION('',(1.,0.,0.));
#52860=DIRECTION('',(0.,1.,0.));
#52870=AXIS2_PLACEMENT_3D('',#52840,#52850,#52860);
#52880=CIRCLE('',#52870,0.3);
#52890=CARTESIAN_POINT('',(4.461205,-16.921698,8.65));
#52900=VERTEX_POINT('',#52890);
#52910=EDGE_CURVE('',#52900,#35030,#52880,.T.);
#52920=ORIENTED_EDGE('',*,*,#52910,.T.);
#52930=CARTESIAN_POINT('',(4.461205,0.,8.65));
#52940=DIRECTION('',(0.,1.,0.));
#52950=VECTOR('',#52940,1.);
#52960=LINE('',#52930,#52950);
#52970=CARTESIAN_POINT('',(4.461205,-16.021698,8.65));
#52980=VERTEX_POINT('',#52970);
#52990=EDGE_CURVE('',#52900,#52980,#52960,.T.);
#53000=ORIENTED_EDGE('',*,*,#52990,.F.);
#53010=CARTESIAN_POINT('',(4.461205,-16.021698,7.5));
#53020=DIRECTION('',(0.,0.,-1.));
#53030=VECTOR('',#53020,1.);
#53040=LINE('',#53010,#53030);
#53050=CARTESIAN_POINT('',(4.461205,-16.021698,8.17007179591874));
#53060=VERTEX_POINT('',#53050);
#53070=EDGE_CURVE('',#52980,#53060,#53040,.T.);
#53080=ORIENTED_EDGE('',*,*,#53070,.F.);
#53090=CARTESIAN_POINT('',(4.461205,0.,8.17007179591874));
#53100=DIRECTION('',(0.,-1.,0.));
#53110=VECTOR('',#53100,1.);
#53120=LINE('',#53090,#53110);
#53130=CARTESIAN_POINT('',(4.461205,-16.7417697959187,8.17007179591874))
;
#53140=VERTEX_POINT('',#53130);
#53150=EDGE_CURVE('',#53060,#53140,#53120,.T.);
#53160=ORIENTED_EDGE('',*,*,#53150,.F.);
#53170=CARTESIAN_POINT('',(4.461205,-16.7417697959187,0.466381153101082)
);
#53180=DIRECTION('',(0.,0.,1.));
#53190=VECTOR('',#53180,1.);
#53200=LINE('',#53170,#53190);
#53210=CARTESIAN_POINT('',(4.461205,-16.7417697959187,7.45));
#53220=VERTEX_POINT('',#53210);
#53230=EDGE_CURVE('',#53220,#53140,#53200,.T.);
#53240=ORIENTED_EDGE('',*,*,#53230,.T.);
#53250=CARTESIAN_POINT('',(4.461205,0.,7.45));
#53260=DIRECTION('',(0.,-1.,0.));
#53270=VECTOR('',#53260,1.);
#53280=LINE('',#53250,#53270);
#53290=EDGE_CURVE('',#53220,#35110,#53280,.T.);
#53300=ORIENTED_EDGE('',*,*,#53290,.F.);
#53310=EDGE_LOOP('',(#53300,#53240,#53160,#53080,#53000,#52920,#52830));
#53320=FACE_OUTER_BOUND('',#53310,.T.);
#53330=ADVANCED_FACE('',(#53320),#52820,.T.);
#53340=COLOUR_RGB('',0.313725501298904,0.313725501298904,
0.313725501298904);
#53350=FILL_AREA_STYLE_COLOUR('',#53340);
#53360=FILL_AREA_STYLE('',(#53350));
#53370=SURFACE_STYLE_FILL_AREA(#53360);
#53380=SURFACE_SIDE_STYLE('',(#53370));
#53390=SURFACE_STYLE_USAGE(.BOTH.,#53380);
#53400=PRESENTATION_STYLE_ASSIGNMENT((#53390));
#53410=CARTESIAN_POINT('',(5.2112074,-14.321698,3.96180339887499));
#53420=DIRECTION('',(0.,1.,0.));
#53430=DIRECTION('',(0.,0.,1.));
#53440=AXIS2_PLACEMENT_3D('',#53410,#53420,#53430);
#53450=PLANE('',#53440);
#53460=CARTESIAN_POINT('',(1.761205,-14.321698,10.));
#53470=DIRECTION('',(0.,0.,1.));
#53480=VECTOR('',#53470,1.);
#53490=LINE('',#53460,#53480);
#53500=CARTESIAN_POINT('',(1.761205,-14.321698,4.35));
#53510=VERTEX_POINT('',#53500);
#53520=EDGE_CURVE('',#52500,#53510,#53490,.T.);
#53530=ORIENTED_EDGE('',*,*,#53520,.T.);
#53540=ORIENTED_EDGE('',*,*,#52510,.T.);
#53550=CARTESIAN_POINT('',(1.061205,-14.321698,10.));
#53560=DIRECTION('',(0.,0.,-1.));
#53570=VECTOR('',#53560,1.);
#53580=LINE('',#53550,#53570);
#53590=CARTESIAN_POINT('',(1.061205,-14.321698,4.35));
#53600=VERTEX_POINT('',#53590);
#53610=EDGE_CURVE('',#53600,#52420,#53580,.T.);
#53620=ORIENTED_EDGE('',*,*,#53610,.T.);
#53630=CARTESIAN_POINT('',(-5.97759,-14.321698,4.35));
#53640=DIRECTION('',(-1.,0.,0.));
#53650=VECTOR('',#53640,1.);
#53660=LINE('',#53630,#53650);
#53670=EDGE_CURVE('',#53510,#53600,#53660,.T.);
#53680=ORIENTED_EDGE('',*,*,#53670,.T.);
#53690=EDGE_LOOP('',(#53680,#53620,#53540,#53530));
#53700=FACE_OUTER_BOUND('',#53690,.T.);
#53710=ADVANCED_FACE('',(#53700),#53450,.F.);
#53720=COLOUR_RGB('',0.313725501298904,0.313725501298904,
0.313725501298904);
#53730=FILL_AREA_STYLE_COLOUR('',#53720);
#53740=FILL_AREA_STYLE('',(#53730));
#53750=SURFACE_STYLE_FILL_AREA(#53740);
#53760=SURFACE_SIDE_STYLE('',(#53750));
#53770=SURFACE_STYLE_USAGE(.BOTH.,#53760);
#53780=PRESENTATION_STYLE_ASSIGNMENT((#53770));
#53790=CARTESIAN_POINT('',(1.461205,-16.171698,10.));
#53800=DIRECTION('',(-0.00872653549837393,0.999961923064171,
7.40120500489528E-16));
#53810=DIRECTION('',(-0.,-7.40148683083437E-16,1.));
#53820=AXIS2_PLACEMENT_3D('',#53790,#53800,#53810);
#53830=PLANE('',#53820);
#53840=CARTESIAN_POINT('',(-5.97759,-16.2366153804875,5.37010232990191))
;
#53850=DIRECTION('',(-0.999952038386574,-0.00872644923609938,
-0.00444634796951386));
#53860=VECTOR('',#53850,1.);
#53870=LINE('',#53840,#53860);
#53880=CARTESIAN_POINT('',(-2.538795,-16.206605471163,5.38539314243977))
;
#53890=VERTEX_POINT('',#53880);
#53900=EDGE_CURVE('',#26730,#53890,#53870,.T.);
#53910=ORIENTED_EDGE('',*,*,#53900,.F.);
#53920=CARTESIAN_POINT('',(-2.538795,-16.206605471163,10.));
#53930=DIRECTION('',(-0.,-7.40148683083437E-16,1.));
#53940=VECTOR('',#53930,1.);
#53950=LINE('',#53920,#53940);
#53960=EDGE_CURVE('',#44890,#53890,#53950,.T.);
#53970=ORIENTED_EDGE('',*,*,#53960,.T.);
#53980=ORIENTED_EDGE('',*,*,#44900,.T.);
#53990=ORIENTED_EDGE('',*,*,#26840,.F.);
#54000=EDGE_LOOP('',(#53990,#53980,#53970,#53910));
#54010=FACE_OUTER_BOUND('',#54000,.T.);
#54020=ADVANCED_FACE('',(#54010),#53830,.T.);
#54030=COLOUR_RGB('',0.313725501298904,0.313725501298904,
0.313725501298904);
#54040=FILL_AREA_STYLE_COLOUR('',#54030);
#54050=FILL_AREA_STYLE('',(#54040));
#54060=SURFACE_STYLE_FILL_AREA(#54050);
#54070=SURFACE_SIDE_STYLE('',(#54060));
#54080=SURFACE_STYLE_USAGE(.BOTH.,#54070);
#54090=PRESENTATION_STYLE_ASSIGNMENT((#54080));
#54100=CARTESIAN_POINT('',(2.8493642198263,-15.521698,6.1419976));
#54110=DIRECTION('',(-0.,1.,0.));
#54120=DIRECTION('',(1.,0.,0.));
#54130=AXIS2_PLACEMENT_3D('',#54100,#54110,#54120);
#54140=PLANE('',#54130);
#54150=ORIENTED_EDGE('',*,*,#52270,.T.);
#54160=CARTESIAN_POINT('',(3.411205,-15.521698,4.2));
#54170=DIRECTION('',(0.,0.,-1.));
#54180=VECTOR('',#54170,1.);
#54190=LINE('',#54160,#54180);
#54200=CARTESIAN_POINT('',(3.411205,-15.521698,4.35));
#54210=VERTEX_POINT('',#54200);
#54220=EDGE_CURVE('',#54210,#52180,#54190,.T.);
#54230=ORIENTED_EDGE('',*,*,#54220,.T.);
#54240=CARTESIAN_POINT('',(-5.97759,-15.521698,4.35));
#54250=DIRECTION('',(1.,0.,0.));
#54260=VECTOR('',#54250,1.);
#54270=LINE('',#54240,#54260);
#54280=CARTESIAN_POINT('',(1.961205,-15.521698,4.35));
#54290=VERTEX_POINT('',#54280);
#54300=EDGE_CURVE('',#54290,#54210,#54270,.T.);
#54310=ORIENTED_EDGE('',*,*,#54300,.T.);
#54320=CARTESIAN_POINT('',(1.961205,-15.521698,10.));
#54330=DIRECTION('',(0.,0.,1.));
#54340=VECTOR('',#54330,1.);
#54350=LINE('',#54320,#54340);
#54360=EDGE_CURVE('',#52260,#54290,#54350,.T.);
#54370=ORIENTED_EDGE('',*,*,#54360,.T.);
#54380=EDGE_LOOP('',(#54370,#54310,#54230,#54150));
#54390=FACE_OUTER_BOUND('',#54380,.T.);
#54400=ADVANCED_FACE('',(#54390),#54140,.T.);
#54410=COLOUR_RGB('',0.313725501298904,0.313725501298904,
0.313725501298904);
#54420=FILL_AREA_STYLE_COLOUR('',#54410);
#54430=FILL_AREA_STYLE('',(#54420));
#54440=SURFACE_STYLE_FILL_AREA(#54430);
#54450=SURFACE_SIDE_STYLE('',(#54440));
#54460=SURFACE_STYLE_USAGE(.BOTH.,#54450);
#54470=PRESENTATION_STYLE_ASSIGNMENT((#54460));
#54480=CARTESIAN_POINT('',(1.461205,0.,14.4462469596844));
#54490=DIRECTION('',(-0.00872653549837393,0.587762871231141,
-0.808986189486768));
#54500=DIRECTION('',(0.,0.809016994374947,0.587785252292473));
#54510=AXIS2_PLACEMENT_3D('',#54480,#54490,#54500);
#54520=PLANE('',#54510);
#54530=ORIENTED_EDGE('',*,*,#49340,.F.);
#54540=ORIENTED_EDGE('',*,*,#48170,.T.);
#54550=ORIENTED_EDGE('',*,*,#33100,.T.);
#54560=ORIENTED_EDGE('',*,*,#27240,.F.);
#54570=EDGE_LOOP('',(#54560,#54550,#54540,#54530));
#54580=FACE_OUTER_BOUND('',#54570,.T.);
#54590=ADVANCED_FACE('',(#54580),#54520,.T.);
#54600=COLOUR_RGB('',0.313725501298904,0.313725501298904,
0.313725501298904);
#54610=FILL_AREA_STYLE_COLOUR('',#54600);
#54620=FILL_AREA_STYLE('',(#54610));
#54630=SURFACE_STYLE_FILL_AREA(#54620);
#54640=SURFACE_SIDE_STYLE('',(#54630));
#54650=SURFACE_STYLE_USAGE(.BOTH.,#54640);
#54660=PRESENTATION_STYLE_ASSIGNMENT((#54650));
#54670=CARTESIAN_POINT('',(1.461205,0.,-6.94563240321852));
#54680=DIRECTION('',(-0.00872653549837393,-0.587762871231141,
-0.808986189486768));
#54690=DIRECTION('',(0.,0.809016994374947,-0.587785252292473));
#54700=AXIS2_PLACEMENT_3D('',#54670,#54680,#54690);
#54710=PLANE('',#54700);
#54720=ORIENTED_EDGE('',*,*,#18840,.T.);
#54730=ORIENTED_EDGE('',*,*,#48620,.T.);
#54740=ORIENTED_EDGE('',*,*,#48840,.F.);
#54750=ORIENTED_EDGE('',*,*,#27440,.F.);
#54760=EDGE_LOOP('',(#54750,#54740,#54730,#54720));
#54770=FACE_OUTER_BOUND('',#54760,.T.);
#54780=ADVANCED_FACE('',(#54770),#54710,.T.);
#54790=COLOUR_RGB('',0.313725501298904,0.313725501298904,
0.313725501298904);
#54800=FILL_AREA_STYLE_COLOUR('',#54790);
#54810=FILL_AREA_STYLE('',(#54800));
#54820=SURFACE_STYLE_FILL_AREA(#54810);
#54830=SURFACE_SIDE_STYLE('',(#54820));
#54840=SURFACE_STYLE_USAGE(.BOTH.,#54830);
#54850=PRESENTATION_STYLE_ASSIGNMENT((#54840));
#54860=CARTESIAN_POINT('',(1.461205,-15.171698,1.9));
#54870=DIRECTION('',(1.,0.,0.));
#54880=DIRECTION('',(0.,1.,0.));
#54890=AXIS2_PLACEMENT_3D('',#54860,#54870,#54880);
#54900=CONICAL_SURFACE('',#54890,0.3,0.244978663126864);
#54910=ORIENTED_EDGE('',*,*,#28510,.F.);
#54920=ORIENTED_EDGE('',*,*,#4770,.T.);
#54930=ORIENTED_EDGE('',*,*,#45960,.F.);
#54940=ORIENTED_EDGE('',*,*,#25370,.T.);
#54950=EDGE_LOOP('',(#54940,#54930,#54920,#54910));
#54960=FACE_OUTER_BOUND('',#54950,.T.);
#54970=ADVANCED_FACE('',(#54960),#54900,.T.);
#54980=COLOUR_RGB('',0.313725501298904,0.313725501298904,
0.313725501298904);
#54990=FILL_AREA_STYLE_COLOUR('',#54980);
#55000=FILL_AREA_STYLE('',(#54990));
#55010=SURFACE_STYLE_FILL_AREA(#55000);
#55020=SURFACE_SIDE_STYLE('',(#55010));
#55030=SURFACE_STYLE_USAGE(.BOTH.,#55020);
#55040=PRESENTATION_STYLE_ASSIGNMENT((#55030));
#55050=CARTESIAN_POINT('',(3.02223530670846,-14.0848748542366,1.85));
#55060=DIRECTION('',(0.,0.,-1.));
#55070=DIRECTION('',(-1.,0.,0.));
#55080=AXIS2_PLACEMENT_3D('',#55050,#55060,#55070);
#55090=PLANE('',#55080);
#55100=ORIENTED_EDGE('',*,*,#36550,.F.);
#55110=ORIENTED_EDGE('',*,*,#3910,.F.);
#55120=ORIENTED_EDGE('',*,*,#5520,.F.);
#55130=ORIENTED_EDGE('',*,*,#42350,.T.);
#55140=ORIENTED_EDGE('',*,*,#8350,.T.);
#55150=ORIENTED_EDGE('',*,*,#36840,.F.);
#55160=ORIENTED_EDGE('',*,*,#37150,.F.);
#55170=ORIENTED_EDGE('',*,*,#41870,.T.);
#55180=ORIENTED_EDGE('',*,*,#31030,.T.);
#55190=ORIENTED_EDGE('',*,*,#38320,.T.);
#55200=ORIENTED_EDGE('',*,*,#31330,.T.);
#55210=ORIENTED_EDGE('',*,*,#12160,.T.);
#55220=ORIENTED_EDGE('',*,*,#17560,.T.);
#55230=ORIENTED_EDGE('',*,*,#37450,.F.);
#55240=EDGE_LOOP('',(#55230,#55220,#55210,#55200,#55190,#55180,#55170,
#55160,#55150,#55140,#55130,#55120,#55110,#55100));
#55250=FACE_OUTER_BOUND('',#55240,.T.);
#55260=ADVANCED_FACE('',(#55250),#55090,.T.);
#55270=COLOUR_RGB('',0.313725501298904,0.313725501298904,
0.313725501298904);
#55280=FILL_AREA_STYLE_COLOUR('',#55270);
#55290=FILL_AREA_STYLE('',(#55280));
#55300=SURFACE_STYLE_FILL_AREA(#55290);
#55310=SURFACE_SIDE_STYLE('',(#55300));
#55320=SURFACE_STYLE_USAGE(.BOTH.,#55310);
#55330=PRESENTATION_STYLE_ASSIGNMENT((#55320));
#55340=CARTESIAN_POINT('',(1.261205,-14.721698,4.65));
#55350=DIRECTION('',(0.242535625036334,0.,-0.970142500145332));
#55360=DIRECTION('',(0.970142500145332,0.,0.242535625036334));
#55370=AXIS2_PLACEMENT_3D('',#55340,#55350,#55360);
#55380=PLANE('',#55370);
#55390=ORIENTED_EDGE('',*,*,#42980,.T.);
#55400=ORIENTED_EDGE('',*,*,#25090,.F.);
#55410=ORIENTED_EDGE('',*,*,#45360,.T.);
#55420=CARTESIAN_POINT('',(1.061205,0.,4.6));
#55430=DIRECTION('',(0.,1.,0.));
#55440=VECTOR('',#55430,1.);
#55450=LINE('',#55420,#55440);
#55460=EDGE_CURVE('',#45290,#42970,#55450,.T.);
#55470=ORIENTED_EDGE('',*,*,#55460,.F.);
#55480=EDGE_LOOP('',(#55470,#55410,#55400,#55390));
#55490=FACE_OUTER_BOUND('',#55480,.T.);
#55500=ADVANCED_FACE('',(#55490),#55380,.F.);
#55510=COLOUR_RGB('',0.313725501298904,0.313725501298904,
0.313725501298904);
#55520=FILL_AREA_STYLE_COLOUR('',#55510);
#55530=FILL_AREA_STYLE('',(#55520));
#55540=SURFACE_STYLE_FILL_AREA(#55530);
#55550=SURFACE_SIDE_STYLE('',(#55540));
#55560=SURFACE_STYLE_USAGE(.BOTH.,#55550);
#55570=PRESENTATION_STYLE_ASSIGNMENT((#55560));
#55580=CARTESIAN_POINT('',(2.161205,-16.921698,3.35));
#55590=DIRECTION('',(0.,0.,-1.));
#55600=DIRECTION('',(-1.,0.,0.));
#55610=AXIS2_PLACEMENT_3D('',#55580,#55590,#55600);
#55620=PLANE('',#55610);
#55630=ORIENTED_EDGE('',*,*,#47040,.F.);
#55640=CARTESIAN_POINT('',(-5.97759,-16.6506718120589,3.35));
#55650=DIRECTION('',(0.999961923064171,-0.00872653549837393,-0.));
#55660=VECTOR('',#55650,1.);
#55670=LINE('',#55640,#55660);
#55680=EDGE_CURVE('',#46970,#38400,#55670,.T.);
#55690=ORIENTED_EDGE('',*,*,#55680,.F.);
#55700=CARTESIAN_POINT('',(-5.97759,-16.6506718120589,3.35));
#55710=DIRECTION('',(-0.999961923064171,0.00872653549837393,0.));
#55720=VECTOR('',#55710,1.);
#55730=LINE('',#55700,#55720);
#55740=CARTESIAN_POINT('',(4.261205,-16.7400244223606,3.35));
#55750=VERTEX_POINT('',#55740);
#55760=EDGE_CURVE('',#55750,#38400,#55730,.T.);
#55770=ORIENTED_EDGE('',*,*,#55760,.T.);
#55780=CARTESIAN_POINT('',(4.261205,0.,3.35));
#55790=DIRECTION('',(0.,-1.,0.));
#55800=VECTOR('',#55790,1.);
#55810=LINE('',#55780,#55800);
#55820=EDGE_CURVE('',#55750,#35910,#55810,.T.);
#55830=ORIENTED_EDGE('',*,*,#55820,.F.);
#55840=ORIENTED_EDGE('',*,*,#35920,.F.);
#55850=EDGE_LOOP('',(#55840,#55830,#55770,#55690,#55630));
#55860=FACE_OUTER_BOUND('',#55850,.T.);
#55870=ADVANCED_FACE('',(#55860),#55620,.F.);
#55880=COLOUR_RGB('',0.313725501298904,0.313725501298904,
0.313725501298904);
#55890=FILL_AREA_STYLE_COLOUR('',#55880);
#55900=FILL_AREA_STYLE('',(#55890));
#55910=SURFACE_STYLE_FILL_AREA(#55900);
#55920=SURFACE_SIDE_STYLE('',(#55910));
#55930=SURFACE_STYLE_USAGE(.BOTH.,#55920);
#55940=PRESENTATION_STYLE_ASSIGNMENT((#55930));
#55950=CARTESIAN_POINT('',(4.46111742304759,-16.7417690316463,8.15));
#55960=DIRECTION('',(-0.00872653549837393,-0.999961923064171,0.));
#55970=DIRECTION('',(0.,0.,1.));
#55980=AXIS2_PLACEMENT_3D('',#55950,#55960,#55970);
#55990=PLANE('',#55980);
#56000=CARTESIAN_POINT('',(-5.97759,-16.6506718120589,2.25));
#56010=DIRECTION('',(0.999961923064171,-0.00872653549837393,-0.));
#56020=VECTOR('',#56010,1.);
#56030=LINE('',#56000,#56020);
#56040=CARTESIAN_POINT('',(4.261205,-16.7400244223606,2.25));
#56050=VERTEX_POINT('',#56040);
#56060=EDGE_CURVE('',#30860,#56050,#56030,.T.);
#56070=ORIENTED_EDGE('',*,*,#56060,.F.);
#56080=CARTESIAN_POINT('',(9.51120499999997,-16.7858404782621,7.5));
#56090=DIRECTION('',(0.707093318572323,-0.00617070990690958,
0.707093318572326));
#56100=VECTOR('',#56090,1.);
#56110=LINE('',#56080,#56100);
#56120=CARTESIAN_POINT('',(4.461205,-16.7417697959187,2.45));
#56130=VERTEX_POINT('',#56120);
#56140=EDGE_CURVE('',#56050,#56130,#56110,.T.);
#56150=ORIENTED_EDGE('',*,*,#56140,.F.);
#56160=CARTESIAN_POINT('',(4.461205,-16.7417697959187,0.466381153101082)
);
#56170=DIRECTION('',(0.,0.,1.));
#56180=VECTOR('',#56170,1.);
#56190=LINE('',#56160,#56180);
#56200=CARTESIAN_POINT('',(4.461205,-16.7417697959187,3.15));
#56210=VERTEX_POINT('',#56200);
#56220=EDGE_CURVE('',#56130,#56210,#56190,.T.);
#56230=ORIENTED_EDGE('',*,*,#56220,.F.);
#56240=CARTESIAN_POINT('',(0.111205000000001,-16.7038079210289,7.5));
#56250=DIRECTION('',(-0.707093318572324,0.00617070990690961,
0.707093318572324));
#56260=VECTOR('',#56250,1.);
#56270=LINE('',#56240,#56260);
#56280=EDGE_CURVE('',#56210,#55750,#56270,.T.);
#56290=ORIENTED_EDGE('',*,*,#56280,.F.);
#56300=ORIENTED_EDGE('',*,*,#55760,.F.);
#56310=ORIENTED_EDGE('',*,*,#38410,.F.);
#56320=EDGE_LOOP('',(#56310,#56300,#56290,#56230,#56150,#56070));
#56330=FACE_OUTER_BOUND('',#56320,.T.);
#56340=ADVANCED_FACE('',(#56330),#55990,.F.);
#56350=COLOUR_RGB('',0.313725501298904,0.313725501298904,
0.313725501298904);
#56360=FILL_AREA_STYLE_COLOUR('',#56350);
#56370=FILL_AREA_STYLE('',(#56360));
#56380=SURFACE_STYLE_FILL_AREA(#56370);
#56390=SURFACE_SIDE_STYLE('',(#56380));
#56400=SURFACE_STYLE_USAGE(.BOTH.,#56390);
#56410=PRESENTATION_STYLE_ASSIGNMENT((#56400));
#56420=CARTESIAN_POINT('',(4.461205,-15.7347326612075,-12.1692266886434)
);
#56430=DIRECTION('',(1.,0.,0.));
#56440=DIRECTION('',(0.,1.,0.));
#56450=AXIS2_PLACEMENT_3D('',#56420,#56430,#56440);
#56460=PLANE('',#56450);
#56470=ORIENTED_EDGE('',*,*,#36080,.F.);
#56480=CARTESIAN_POINT('',(4.461205,0.,3.15));
#56490=DIRECTION('',(0.,-1.,0.));
#56500=VECTOR('',#56490,1.);
#56510=LINE('',#56480,#56500);
#56520=EDGE_CURVE('',#56210,#35990,#56510,.T.);
#56530=ORIENTED_EDGE('',*,*,#56520,.T.);
#56540=ORIENTED_EDGE('',*,*,#56220,.T.);
#56550=CARTESIAN_POINT('',(4.461205,0.,2.45));
#56560=DIRECTION('',(0.,-1.,0.));
#56570=VECTOR('',#56560,1.);
#56580=LINE('',#56550,#56570);
#56590=EDGE_CURVE('',#56130,#36070,#56580,.T.);
#56600=ORIENTED_EDGE('',*,*,#56590,.F.);
#56610=EDGE_LOOP('',(#56600,#56540,#56530,#56470));
#56620=FACE_OUTER_BOUND('',#56610,.T.);
#56630=ADVANCED_FACE('',(#56620),#56460,.T.);
#56640=COLOUR_RGB('',0.313725501298904,0.313725501298904,
0.313725501298904);
#56650=FILL_AREA_STYLE_COLOUR('',#56640);
#56660=FILL_AREA_STYLE('',(#56650));
#56670=SURFACE_STYLE_FILL_AREA(#56660);
#56680=SURFACE_SIDE_STYLE('',(#56670));
#56690=SURFACE_STYLE_USAGE(.BOTH.,#56680);
#56700=PRESENTATION_STYLE_ASSIGNMENT((#56690));
#56710=CARTESIAN_POINT('',(4.361205,-16.8317338979594,3.25));
#56720=DIRECTION('',(-0.707106781186548,-0.,-0.707106781186548));
#56730=DIRECTION('',(0.707106781186548,0.,-0.707106781186548));
#56740=AXIS2_PLACEMENT_3D('',#56710,#56720,#56730);
#56750=PLANE('',#56740);
#56760=ORIENTED_EDGE('',*,*,#55820,.T.);
#56770=ORIENTED_EDGE('',*,*,#56280,.T.);
#56780=ORIENTED_EDGE('',*,*,#56520,.F.);
#56790=ORIENTED_EDGE('',*,*,#36000,.F.);
#56800=EDGE_LOOP('',(#56790,#56780,#56770,#56760));
#56810=FACE_OUTER_BOUND('',#56800,.T.);
#56820=ADVANCED_FACE('',(#56810),#56750,.F.);
#56830=COLOUR_RGB('',0.313725501298904,0.313725501298904,
0.313725501298904);
#56840=FILL_AREA_STYLE_COLOUR('',#56830);
#56850=FILL_AREA_STYLE('',(#56840));
#56860=SURFACE_STYLE_FILL_AREA(#56850);
#56870=SURFACE_SIDE_STYLE('',(#56860));
#56880=SURFACE_STYLE_USAGE(.BOTH.,#56870);
#56890=PRESENTATION_STYLE_ASSIGNMENT((#56880));
#56900=CARTESIAN_POINT('',(4.361205,-16.8317338979594,2.35));
#56910=DIRECTION('',(-0.707106781186549,0.,0.707106781186546));
#56920=DIRECTION('',(-0.707106781186546,0.,-0.707106781186549));
#56930=AXIS2_PLACEMENT_3D('',#56900,#56910,#56920);
#56940=PLANE('',#56930);
#56950=ORIENTED_EDGE('',*,*,#36160,.T.);
#56960=ORIENTED_EDGE('',*,*,#56590,.T.);
#56970=ORIENTED_EDGE('',*,*,#56140,.T.);
#56980=CARTESIAN_POINT('',(4.261205,0.,2.25));
#56990=DIRECTION('',(0.,-1.,0.));
#57000=VECTOR('',#56990,1.);
#57010=LINE('',#56980,#57000);
#57020=EDGE_CURVE('',#56050,#36150,#57010,.T.);
#57030=ORIENTED_EDGE('',*,*,#57020,.F.);
#57040=EDGE_LOOP('',(#57030,#56970,#56960,#56950));
#57050=FACE_OUTER_BOUND('',#57040,.T.);
#57060=ADVANCED_FACE('',(#57050),#56940,.F.);
#57070=COLOUR_RGB('',0.313725501298904,0.313725501298904,
0.313725501298904);
#57080=FILL_AREA_STYLE_COLOUR('',#57070);
#57090=FILL_AREA_STYLE('',(#57080));
#57100=SURFACE_STYLE_FILL_AREA(#57090);
#57110=SURFACE_SIDE_STYLE('',(#57100));
#57120=SURFACE_STYLE_USAGE(.BOTH.,#57110);
#57130=PRESENTATION_STYLE_ASSIGNMENT((#57120));
#57140=CARTESIAN_POINT('',(4.361205,-16.921698,2.25));
#57150=DIRECTION('',(0.,0.,1.));
#57160=DIRECTION('',(1.,0.,0.));
#57170=AXIS2_PLACEMENT_3D('',#57140,#57150,#57160);
#57180=PLANE('',#57170);
#57190=ORIENTED_EDGE('',*,*,#36240,.T.);
#57200=ORIENTED_EDGE('',*,*,#57020,.T.);
#57210=ORIENTED_EDGE('',*,*,#56060,.T.);
#57220=ORIENTED_EDGE('',*,*,#30870,.F.);
#57230=ORIENTED_EDGE('',*,*,#41250,.T.);
#57240=EDGE_LOOP('',(#57230,#57220,#57210,#57200,#57190));
#57250=FACE_OUTER_BOUND('',#57240,.T.);
#57260=ADVANCED_FACE('',(#57250),#57180,.F.);
#57270=COLOUR_RGB('',0.313725501298904,0.313725501298904,
0.313725501298904);
#57280=FILL_AREA_STYLE_COLOUR('',#57270);
#57290=FILL_AREA_STYLE('',(#57280));
#57300=SURFACE_STYLE_FILL_AREA(#57290);
#57310=SURFACE_SIDE_STYLE('',(#57300));
#57320=SURFACE_STYLE_USAGE(.BOTH.,#57310);
#57330=PRESENTATION_STYLE_ASSIGNMENT((#57320));
#57340=CARTESIAN_POINT('',(4.361205,-16.8317338979594,4.85));
#57350=DIRECTION('',(-0.707106781186549,0.,0.707106781186546));
#57360=DIRECTION('',(-0.707106781186546,0.,-0.707106781186549));
#57370=AXIS2_PLACEMENT_3D('',#57340,#57350,#57360);
#57380=PLANE('',#57370);
#57390=ORIENTED_EDGE('',*,*,#35680,.T.);
#57400=CARTESIAN_POINT('',(4.461205,0.,4.95));
#57410=DIRECTION('',(0.,-1.,0.));
#57420=VECTOR('',#57410,1.);
#57430=LINE('',#57400,#57420);
#57440=CARTESIAN_POINT('',(4.461205,-16.7417697959187,4.95));
#57450=VERTEX_POINT('',#57440);
#57460=EDGE_CURVE('',#57450,#35590,#57430,.T.);
#57470=ORIENTED_EDGE('',*,*,#57460,.T.);
#57480=CARTESIAN_POINT('',(9.51120499999997,-16.7858404782621,10.));
#57490=DIRECTION('',(0.707093318572323,-0.00617070990690958,
0.707093318572326));
#57500=VECTOR('',#57490,1.);
#57510=LINE('',#57480,#57500);
#57520=CARTESIAN_POINT('',(4.261205,-16.7400244223606,4.75));
#57530=VERTEX_POINT('',#57520);
#57540=EDGE_CURVE('',#57530,#57450,#57510,.T.);
#57550=ORIENTED_EDGE('',*,*,#57540,.T.);
#57560=CARTESIAN_POINT('',(4.261205,0.,4.75));
#57570=DIRECTION('',(0.,-1.,0.));
#57580=VECTOR('',#57570,1.);
#57590=LINE('',#57560,#57580);
#57600=EDGE_CURVE('',#57530,#35670,#57590,.T.);
#57610=ORIENTED_EDGE('',*,*,#57600,.F.);
#57620=EDGE_LOOP('',(#57610,#57550,#57470,#57390));
#57630=FACE_OUTER_BOUND('',#57620,.T.);
#57640=ADVANCED_FACE('',(#57630),#57380,.F.);
#57650=COLOUR_RGB('',0.313725501298904,0.313725501298904,
0.313725501298904);
#57660=FILL_AREA_STYLE_COLOUR('',#57650);
#57670=FILL_AREA_STYLE('',(#57660));
#57680=SURFACE_STYLE_FILL_AREA(#57670);
#57690=SURFACE_SIDE_STYLE('',(#57680));
#57700=SURFACE_STYLE_USAGE(.BOTH.,#57690);
#57710=PRESENTATION_STYLE_ASSIGNMENT((#57700));
#57720=CARTESIAN_POINT('',(4.46111742304759,-16.7417690316463,8.15));
#57730=DIRECTION('',(-0.00872653549837393,-0.999961923064171,0.));
#57740=DIRECTION('',(0.,0.,1.));
#57750=AXIS2_PLACEMENT_3D('',#57720,#57730,#57740);
#57760=PLANE('',#57750);
#57770=ORIENTED_EDGE('',*,*,#44530,.F.);
#57780=CARTESIAN_POINT('',(4.511205,-16.7422061393083,7.5));
#57790=DIRECTION('',(0.707093318572323,-0.00617070990690958,
0.707093318572326));
#57800=VECTOR('',#57790,1.);
#57810=LINE('',#57780,#57800);
#57820=EDGE_CURVE('',#44460,#53220,#57810,.T.);
#57830=ORIENTED_EDGE('',*,*,#57820,.F.);
#57840=ORIENTED_EDGE('',*,*,#53230,.F.);
#57850=CARTESIAN_POINT('',(-5.97759,-16.6506718120589,8.07897381205891))
;
#57860=DIRECTION('',(0.99992385047757,-0.00872620324394422,
0.00872620324394422));
#57870=VECTOR('',#57860,1.);
#57880=LINE('',#57850,#57870);
#57890=EDGE_CURVE('',#39280,#53140,#57880,.T.);
#57900=ORIENTED_EDGE('',*,*,#57890,.T.);
#57910=ORIENTED_EDGE('',*,*,#39290,.F.);
#57920=EDGE_LOOP('',(#57910,#57900,#57840,#57830,#57770));
#57930=FACE_OUTER_BOUND('',#57920,.T.);
#57940=ADVANCED_FACE('',(#57930),#57760,.F.);
#57950=COLOUR_RGB('',0.313725501298904,0.313725501298904,
0.313725501298904);
#57960=FILL_AREA_STYLE_COLOUR('',#57950);
#57970=FILL_AREA_STYLE('',(#57960));
#57980=SURFACE_STYLE_FILL_AREA(#57970);
#57990=SURFACE_SIDE_STYLE('',(#57980));
#58000=SURFACE_STYLE_USAGE(.BOTH.,#57990);
#58010=PRESENTATION_STYLE_ASSIGNMENT((#58000));
#58020=CARTESIAN_POINT('',(3.886205,-13.846698,6.7));
#58030=DIRECTION('',(-0.707106781186548,0.707106781186548,0.));
#58040=DIRECTION('',(0.707106781186548,0.707106781186548,0.));
#58050=AXIS2_PLACEMENT_3D('',#58020,#58030,#58040);
#58060=PLANE('',#58050);
#58070=CARTESIAN_POINT('',(17.732903,0.,6.85));
#58080=DIRECTION('',(-0.707106781186548,-0.707106781186548,0.));
#58090=VECTOR('',#58080,1.);
#58100=LINE('',#58070,#58090);
#58110=CARTESIAN_POINT('',(3.811205,-13.921698,6.85));
#58120=VERTEX_POINT('',#58110);
#58130=EDGE_CURVE('',#39040,#58120,#58100,.T.);
#58140=ORIENTED_EDGE('',*,*,#58130,.T.);
#58150=ORIENTED_EDGE('',*,*,#39050,.F.);
#58160=CARTESIAN_POINT('',(17.732903,0.,6.25));
#58170=DIRECTION('',(0.707106781186548,0.707106781186548,0.));
#58180=VECTOR('',#58170,1.);
#58190=LINE('',#58160,#58180);
#58200=CARTESIAN_POINT('',(3.81120499999999,-13.921698,6.25));
#58210=VERTEX_POINT('',#58200);
#58220=EDGE_CURVE('',#58210,#38960,#58190,.T.);
#58230=ORIENTED_EDGE('',*,*,#58220,.T.);
#58240=CARTESIAN_POINT('',(3.811205,-13.921698,6.7));
#58250=DIRECTION('',(0.,0.,-1.));
#58260=VECTOR('',#58250,1.);
#58270=LINE('',#58240,#58260);
#58280=EDGE_CURVE('',#58120,#58210,#58270,.T.);
#58290=ORIENTED_EDGE('',*,*,#58280,.T.);
#58300=EDGE_LOOP('',(#58290,#58230,#58150,#58140));
#58310=FACE_OUTER_BOUND('',#58300,.T.);
#58320=ADVANCED_FACE('',(#58310),#58060,.F.);
#58330=COLOUR_RGB('',0.313725501298904,0.313725501298904,
0.313725501298904);
#58340=FILL_AREA_STYLE_COLOUR('',#58330);
#58350=FILL_AREA_STYLE('',(#58340));
#58360=SURFACE_STYLE_FILL_AREA(#58350);
#58370=SURFACE_SIDE_STYLE('',(#58360));
#58380=SURFACE_STYLE_USAGE(.BOTH.,#58370);
#58390=PRESENTATION_STYLE_ASSIGNMENT((#58380));
#58400=CARTESIAN_POINT('',(-5.97759,-12.521698,7.52573593128807));
#58410=DIRECTION('',(1.,0.,0.));
#58420=DIRECTION('',(0.,1.,0.));
#58430=AXIS2_PLACEMENT_3D('',#58400,#58410,#58420);
#58440=CYLINDRICAL_SURFACE('',#58430,0.3);
#58450=CARTESIAN_POINT('',(4.461205,-12.521698,7.52573593128807));
#58460=DIRECTION('',(1.,0.,0.));
#58470=DIRECTION('',(0.,1.,0.));
#58480=AXIS2_PLACEMENT_3D('',#58450,#58460,#58470);
#58490=CIRCLE('',#58480,0.3);
#58500=CARTESIAN_POINT('',(4.461205,-12.309565965644,7.73786796564404));
#58510=VERTEX_POINT('',#58500);
#58520=EDGE_CURVE('',#29800,#58510,#58490,.T.);
#58530=ORIENTED_EDGE('',*,*,#58520,.F.);
#58540=CARTESIAN_POINT('',(-5.97759,-12.309565965644,7.73786796564404));
#58550=DIRECTION('',(1.,0.,0.));
#58560=VECTOR('',#58550,1.);
#58570=LINE('',#58540,#58560);
#58580=CARTESIAN_POINT('',(-3.038795,-12.309565965644,7.73786796564404))
;
#58590=VERTEX_POINT('',#58580);
#58600=EDGE_CURVE('',#58590,#58510,#58570,.T.);
#58610=ORIENTED_EDGE('',*,*,#58600,.T.);
#58620=CARTESIAN_POINT('',(-3.038795,-12.521698,7.52573593128807));
#58630=DIRECTION('',(1.,0.,0.));
#58640=DIRECTION('',(0.,1.,0.));
#58650=AXIS2_PLACEMENT_3D('',#58620,#58630,#58640);
#58660=CIRCLE('',#58650,0.3);
#58670=EDGE_CURVE('',#29880,#58590,#58660,.T.);
#58680=ORIENTED_EDGE('',*,*,#58670,.T.);
#58690=ORIENTED_EDGE('',*,*,#29890,.F.);
#58700=EDGE_LOOP('',(#58690,#58680,#58610,#58530));
#58710=FACE_OUTER_BOUND('',#58700,.T.);
#58720=ADVANCED_FACE('',(#58710),#58440,.T.);
#58730=COLOUR_RGB('',0.313725501298904,0.313725501298904,
0.313725501298904);
#58740=FILL_AREA_STYLE_COLOUR('',#58730);
#58750=FILL_AREA_STYLE('',(#58740));
#58760=SURFACE_STYLE_FILL_AREA(#58750);
#58770=SURFACE_SIDE_STYLE('',(#58760));
#58780=SURFACE_STYLE_USAGE(.BOTH.,#58770);
#58790=PRESENTATION_STYLE_ASSIGNMENT((#58780));
#58800=CARTESIAN_POINT('',(3.96120500000001,-13.921698,-2.7300024));
#58810=DIRECTION('',(-0.707106781186548,0.707106781186548,0.));
#58820=DIRECTION('',(0.707106781186548,0.707106781186548,0.));
#58830=AXIS2_PLACEMENT_3D('',#58800,#58810,#58820);
#58840=PLANE('',#58830);
#58850=ORIENTED_EDGE('',*,*,#39610,.F.);
#58860=CARTESIAN_POINT('',(17.882903,0.,8.65));
#58870=DIRECTION('',(-0.707106781186548,-0.707106781186548,0.));
#58880=VECTOR('',#58870,1.);
#58890=LINE('',#58860,#58880);
#58900=CARTESIAN_POINT('',(4.461205,-13.421698,8.65));
#58910=VERTEX_POINT('',#58900);
#58920=EDGE_CURVE('',#58910,#39520,#58890,.T.);
#58930=ORIENTED_EDGE('',*,*,#58920,.T.);
#58940=CARTESIAN_POINT('',(4.461205,-13.421698,7.5));
#58950=DIRECTION('',(0.,0.,1.));
#58960=VECTOR('',#58950,1.);
#58970=LINE('',#58940,#58960);
#58980=CARTESIAN_POINT('',(4.461205,-13.421698,8.17007179591874));
#58990=VERTEX_POINT('',#58980);
#59000=EDGE_CURVE('',#58990,#58910,#58970,.T.);
#59010=ORIENTED_EDGE('',*,*,#59000,.T.);
#59020=CARTESIAN_POINT('',(17.882903,0.,8.28720117989223));
#59030=DIRECTION('',(0.707093318572324,0.707093318572324,
0.00617070990690961));
#59040=VECTOR('',#59030,1.);
#59050=LINE('',#59020,#59040);
#59060=EDGE_CURVE('',#39600,#58990,#59050,.T.);
#59070=ORIENTED_EDGE('',*,*,#59060,.T.);
#59080=EDGE_LOOP('',(#59070,#59010,#58930,#58850));
#59090=FACE_OUTER_BOUND('',#59080,.T.);
#59100=ADVANCED_FACE('',(#59090),#58840,.F.);
#59110=COLOUR_RGB('',0.313725501298904,0.313725501298904,
0.313725501298904);
#59120=FILL_AREA_STYLE_COLOUR('',#59110);
#59130=FILL_AREA_STYLE('',(#59120));
#59140=SURFACE_STYLE_FILL_AREA(#59130);
#59150=SURFACE_SIDE_STYLE('',(#59140));
#59160=SURFACE_STYLE_USAGE(.BOTH.,#59150);
#59170=PRESENTATION_STYLE_ASSIGNMENT((#59160));
#59180=CARTESIAN_POINT('',(3.461205,-15.0266542941568,0.336582971683026)
);
#59190=DIRECTION('',(1.,0.,0.));
#59200=DIRECTION('',(0.,1.,0.));
#59210=AXIS2_PLACEMENT_3D('',#59180,#59190,#59200);
#59220=PLANE('',#59210);
#59230=ORIENTED_EDGE('',*,*,#44670,.F.);
#59240=CARTESIAN_POINT('',(3.461205,-16.733042928128,7.5));
#59250=DIRECTION('',(0.,0.,-1.));
#59260=VECTOR('',#59250,1.);
#59270=LINE('',#59240,#59260);
#59280=CARTESIAN_POINT('',(3.461205,-16.733042928128,5.85));
#59290=VERTEX_POINT('',#59280);
#59300=EDGE_CURVE('',#44600,#59290,#59270,.T.);
#59310=ORIENTED_EDGE('',*,*,#59300,.F.);
#59320=CARTESIAN_POINT('',(3.461205,0.,5.85));
#59330=DIRECTION('',(0.,1.,0.));
#59340=VECTOR('',#59330,1.);
#59350=LINE('',#59320,#59340);
#59360=EDGE_CURVE('',#35350,#59290,#59350,.T.);
#59370=ORIENTED_EDGE('',*,*,#59360,.T.);
#59380=ORIENTED_EDGE('',*,*,#35360,.F.);
#59390=EDGE_LOOP('',(#59380,#59370,#59310,#59230));
#59400=FACE_OUTER_BOUND('',#59390,.T.);
#59410=ADVANCED_FACE('',(#59400),#59220,.T.);
#59420=COLOUR_RGB('',0.313725501298904,0.313725501298904,
0.313725501298904);
#59430=FILL_AREA_STYLE_COLOUR('',#59420);
#59440=FILL_AREA_STYLE('',(#59430));
#59450=SURFACE_STYLE_FILL_AREA(#59440);
#59460=SURFACE_SIDE_STYLE('',(#59450));
#59470=SURFACE_STYLE_USAGE(.BOTH.,#59460);
#59480=PRESENTATION_STYLE_ASSIGNMENT((#59470));
#59490=CARTESIAN_POINT('',(-2.688795,-18.4917004,5.3));
#59500=DIRECTION('',(1.,0.,-0.));
#59510=DIRECTION('',(0.,0.,1.));
#59520=AXIS2_PLACEMENT_3D('',#59490,#59500,#59510);
#59530=PLANE('',#59520);
#59540=ORIENTED_EDGE('',*,*,#34800,.T.);
#59550=ORIENTED_EDGE('',*,*,#24270,.T.);
#59560=ORIENTED_EDGE('',*,*,#33780,.T.);
#59570=CARTESIAN_POINT('',(-2.688795,0.,5.3));
#59580=DIRECTION('',(-0.,-1.,0.));
#59590=VECTOR('',#59580,1.);
#59600=LINE('',#59570,#59590);
#59610=EDGE_CURVE('',#33710,#34790,#59600,.T.);
#59620=ORIENTED_EDGE('',*,*,#59610,.F.);
#59630=EDGE_LOOP('',(#59620,#59560,#59550,#59540));
#59640=FACE_OUTER_BOUND('',#59630,.T.);
#59650=ADVANCED_FACE('',(#59640),#59530,.F.);
#59660=COLOUR_RGB('',0.313725501298904,0.313725501298904,
0.313725501298904);
#59670=FILL_AREA_STYLE_COLOUR('',#59660);
#59680=FILL_AREA_STYLE('',(#59670));
#59690=SURFACE_STYLE_FILL_AREA(#59680);
#59700=SURFACE_SIDE_STYLE('',(#59690));
#59710=SURFACE_STYLE_USAGE(.BOTH.,#59700);
#59720=PRESENTATION_STYLE_ASSIGNMENT((#59710));
#59730=CARTESIAN_POINT('',(1.261205,-15.421698,4.05));
#59740=DIRECTION('',(0.242535625036333,0.970142500145332,0.));
#59750=DIRECTION('',(0.970142500145332,-0.242535625036333,
1.07707454082876E-15));
#59760=AXIS2_PLACEMENT_3D('',#59730,#59740,#59750);
#59770=PLANE('',#59760);
#59780=ORIENTED_EDGE('',*,*,#45210,.T.);
#59790=ORIENTED_EDGE('',*,*,#24920,.F.);
#59800=ORIENTED_EDGE('',*,*,#46350,.T.);
#59810=CARTESIAN_POINT('',(1.061205,-15.371698,10.));
#59820=DIRECTION('',(0.,0.,1.));
#59830=VECTOR('',#59820,1.);
#59840=LINE('',#59810,#59830);
#59850=EDGE_CURVE('',#46280,#45200,#59840,.T.);
#59860=ORIENTED_EDGE('',*,*,#59850,.F.);
#59870=EDGE_LOOP('',(#59860,#59800,#59790,#59780));
#59880=FACE_OUTER_BOUND('',#59870,.T.);
#59890=ADVANCED_FACE('',(#59880),#59770,.F.);
#59900=COLOUR_RGB('',0.313725501298904,0.313725501298904,
0.313725501298904);
#59910=FILL_AREA_STYLE_COLOUR('',#59900);
#59920=FILL_AREA_STYLE('',(#59910));
#59930=SURFACE_STYLE_FILL_AREA(#59920);
#59940=SURFACE_SIDE_STYLE('',(#59930));
#59950=SURFACE_STYLE_USAGE(.BOTH.,#59940);
#59960=PRESENTATION_STYLE_ASSIGNMENT((#59950));
#59970=CARTESIAN_POINT('',(1.461205,0.,-6.3462469596844));
#59980=DIRECTION('',(-0.00872653549837393,0.587762871231141,
0.808986189486768));
#59990=DIRECTION('',(-0.,-0.809016994374947,0.587785252292473));
#60000=AXIS2_PLACEMENT_3D('',#59970,#59980,#59990);
#60010=PLANE('',#60000);
#60020=ORIENTED_EDGE('',*,*,#33470,.T.);
#60030=CARTESIAN_POINT('',(-2.538795,0.,-6.38939496696452));
#60040=DIRECTION('',(-0.,-0.809016994374947,0.587785252292473));
#60050=VECTOR('',#60040,1.);
#60060=LINE('',#60030,#60050);
#60070=EDGE_CURVE('',#53890,#33400,#60060,.T.);
#60080=ORIENTED_EDGE('',*,*,#60070,.T.);
#60090=ORIENTED_EDGE('',*,*,#53900,.T.);
#60100=ORIENTED_EDGE('',*,*,#26760,.F.);
#60110=EDGE_LOOP('',(#60100,#60090,#60080,#60020));
#60120=FACE_OUTER_BOUND('',#60110,.T.);
#60130=ADVANCED_FACE('',(#60120),#60010,.T.);
#60140=COLOUR_RGB('',0.313725501298904,0.313725501298904,
0.313725501298904);
#60150=FILL_AREA_STYLE_COLOUR('',#60140);
#60160=FILL_AREA_STYLE('',(#60150));
#60170=SURFACE_STYLE_FILL_AREA(#60160);
#60180=SURFACE_SIDE_STYLE('',(#60170));
#60190=SURFACE_STYLE_USAGE(.BOTH.,#60180);
#60200=PRESENTATION_STYLE_ASSIGNMENT((#60190));
#60210=CARTESIAN_POINT('',(1.461205,-15.171698,6.2));
#60220=DIRECTION('',(1.,0.,0.));
#60230=DIRECTION('',(0.,1.,0.));
#60240=AXIS2_PLACEMENT_3D('',#60210,#60220,#60230);
#60250=CONICAL_SURFACE('',#60240,0.3,0.244978663126864);
#60260=CARTESIAN_POINT('',(1.461205,-15.171698,5.9));
#60270=DIRECTION('',(-0.970142500145332,0.,0.242535625036333));
#60280=VECTOR('',#60270,1.);
#60290=LINE('',#60260,#60280);
#60300=CARTESIAN_POINT('',(1.061205,-15.171698,6.));
#60310=VERTEX_POINT('',#60300);
#60320=EDGE_CURVE('',#26480,#60310,#60290,.T.);
#60330=ORIENTED_EDGE('',*,*,#60320,.F.);
#60340=CARTESIAN_POINT('',(1.061205,-15.171698,6.2));
#60350=DIRECTION('',(1.,0.,0.));
#60360=DIRECTION('',(0.,1.,0.));
#60370=AXIS2_PLACEMENT_3D('',#60340,#60350,#60360);
#60380=CIRCLE('',#60370,0.2);
#60390=CARTESIAN_POINT('',(1.061205,-15.371698,6.2));
#60400=VERTEX_POINT('',#60390);
#60410=EDGE_CURVE('',#60400,#60310,#60380,.T.);
#60420=ORIENTED_EDGE('',*,*,#60410,.T.);
#60430=CARTESIAN_POINT('',(1.061205,-15.371698,6.2));
#60440=DIRECTION('',(0.970142500145332,-0.242535625036333,-0.));
#60450=VECTOR('',#60440,1.);
#60460=LINE('',#60430,#60450);
#60470=EDGE_CURVE('',#60400,#26570,#60460,.T.);
#60480=ORIENTED_EDGE('',*,*,#60470,.F.);
#60490=ORIENTED_EDGE('',*,*,#26580,.T.);
#60500=EDGE_LOOP('',(#60490,#60480,#60420,#60330));
#60510=FACE_OUTER_BOUND('',#60500,.T.);
#60520=ADVANCED_FACE('',(#60510),#60250,.T.);
#60530=COLOUR_RGB('',0.313725501298904,0.313725501298904,
0.313725501298904);
#60540=FILL_AREA_STYLE_COLOUR('',#60530);
#60550=FILL_AREA_STYLE('',(#60540));
#60560=SURFACE_STYLE_FILL_AREA(#60550);
#60570=SURFACE_SIDE_STYLE('',(#60560));
#60580=SURFACE_STYLE_USAGE(.BOTH.,#60570);
#60590=PRESENTATION_STYLE_ASSIGNMENT((#60580));
#60600=CARTESIAN_POINT('',(1.261205,-14.721698,5.95));
#60610=DIRECTION('',(0.242535625036333,-0.,0.970142500145332));
#60620=DIRECTION('',(0.970142500145332,0.,-0.242535625036333));
#60630=AXIS2_PLACEMENT_3D('',#60600,#60610,#60620);
#60640=PLANE('',#60630);
#60650=ORIENTED_EDGE('',*,*,#60320,.T.);
#60660=ORIENTED_EDGE('',*,*,#26490,.F.);
#60670=CARTESIAN_POINT('',(1.061205,-14.271698,6.));
#60680=DIRECTION('',(0.970142500145332,0.,-0.242535625036333));
#60690=VECTOR('',#60680,1.);
#60700=LINE('',#60670,#60690);
#60710=CARTESIAN_POINT('',(1.061205,-14.271698,6.));
#60720=VERTEX_POINT('',#60710);
#60730=EDGE_CURVE('',#60720,#26400,#60700,.T.);
#60740=ORIENTED_EDGE('',*,*,#60730,.T.);
#60750=CARTESIAN_POINT('',(1.061205,0.,6.));
#60760=DIRECTION('',(0.,-1.,0.));
#60770=VECTOR('',#60760,1.);
#60780=LINE('',#60750,#60770);
#60790=EDGE_CURVE('',#60720,#60310,#60780,.T.);
#60800=ORIENTED_EDGE('',*,*,#60790,.F.);
#60810=EDGE_LOOP('',(#60800,#60740,#60660,#60650));
#60820=FACE_OUTER_BOUND('',#60810,.T.);
#60830=ADVANCED_FACE('',(#60820),#60640,.F.);
#60840=COLOUR_RGB('',0.313725501298904,0.313725501298904,
0.313725501298904);
#60850=FILL_AREA_STYLE_COLOUR('',#60840);
#60860=FILL_AREA_STYLE('',(#60850));
#60870=SURFACE_STYLE_FILL_AREA(#60860);
#60880=SURFACE_SIDE_STYLE('',(#60870));
#60890=SURFACE_STYLE_USAGE(.BOTH.,#60880);
#60900=PRESENTATION_STYLE_ASSIGNMENT((#60890));
#60910=CARTESIAN_POINT('',(4.461205,-16.021698,-2.7300024));
#60920=DIRECTION('',(-0.707106781186548,-0.707106781186548,-0.));
#60930=DIRECTION('',(-0.707106781186548,0.707106781186548,0.));
#60940=AXIS2_PLACEMENT_3D('',#60910,#60920,#60930);
#60950=PLANE('',#60940);
#60960=ORIENTED_EDGE('',*,*,#39450,.T.);
#60970=CARTESIAN_POINT('',(-11.560493,0.,8.03025255568928));
#60980=DIRECTION('',(-0.707093318572324,0.707093318572324,
-0.00617070990690961));
#60990=VECTOR('',#60980,1.);
#61000=LINE('',#60970,#60990);
#61010=EDGE_CURVE('',#53060,#39360,#61000,.T.);
#61020=ORIENTED_EDGE('',*,*,#61010,.T.);
#61030=ORIENTED_EDGE('',*,*,#53070,.T.);
#61040=CARTESIAN_POINT('',(-11.560493,0.,8.65));
#61050=DIRECTION('',(0.707106781186548,-0.707106781186548,-0.));
#61060=VECTOR('',#61050,1.);
#61070=LINE('',#61040,#61060);
#61080=EDGE_CURVE('',#39440,#52980,#61070,.T.);
#61090=ORIENTED_EDGE('',*,*,#61080,.T.);
#61100=EDGE_LOOP('',(#61090,#61030,#61020,#60960));
#61110=FACE_OUTER_BOUND('',#61100,.T.);
#61120=ADVANCED_FACE('',(#61110),#60950,.F.);
#61130=COLOUR_RGB('',0.313725501298904,0.313725501298904,
0.313725501298904);
#61140=FILL_AREA_STYLE_COLOUR('',#61130);
#61150=FILL_AREA_STYLE('',(#61140));
#61160=SURFACE_STYLE_FILL_AREA(#61150);
#61170=SURFACE_SIDE_STYLE('',(#61160));
#61180=SURFACE_STYLE_USAGE(.BOTH.,#61170);
#61190=PRESENTATION_STYLE_ASSIGNMENT((#61180));
#61200=CARTESIAN_POINT('',(1.461205,-14.271698,6.2));
#61210=DIRECTION('',(1.,0.,0.));
#61220=DIRECTION('',(0.,1.,0.));
#61230=AXIS2_PLACEMENT_3D('',#61200,#61210,#61220);
#61240=CONICAL_SURFACE('',#61230,0.3,0.244978663126864);
#61250=CARTESIAN_POINT('',(1.461205,-13.971698,6.2));
#61260=DIRECTION('',(-0.970142500145332,-0.242535625036333,0.));
#61270=VECTOR('',#61260,1.);
#61280=LINE('',#61250,#61270);
#61290=CARTESIAN_POINT('',(1.061205,-14.071698,6.2));
#61300=VERTEX_POINT('',#61290);
#61310=EDGE_CURVE('',#26310,#61300,#61280,.T.);
#61320=ORIENTED_EDGE('',*,*,#61310,.F.);
#61330=CARTESIAN_POINT('',(1.061205,-14.271698,6.2));
#61340=DIRECTION('',(1.,0.,0.));
#61350=DIRECTION('',(0.,1.,0.));
#61360=AXIS2_PLACEMENT_3D('',#61330,#61340,#61350);
#61370=CIRCLE('',#61360,0.2);
#61380=EDGE_CURVE('',#60720,#61300,#61370,.T.);
#61390=ORIENTED_EDGE('',*,*,#61380,.T.);
#61400=ORIENTED_EDGE('',*,*,#60730,.F.);
#61410=ORIENTED_EDGE('',*,*,#26410,.T.);
#61420=EDGE_LOOP('',(#61410,#61400,#61390,#61320));
#61430=FACE_OUTER_BOUND('',#61420,.T.);
#61440=ADVANCED_FACE('',(#61430),#61240,.T.);
#61450=COLOUR_RGB('',0.313725501298904,0.313725501298904,
0.313725501298904);
#61460=FILL_AREA_STYLE_COLOUR('',#61450);
#61470=FILL_AREA_STYLE('',(#61460));
#61480=SURFACE_STYLE_FILL_AREA(#61470);
#61490=SURFACE_SIDE_STYLE('',(#61480));
#61500=SURFACE_STYLE_USAGE(.BOTH.,#61490);
#61510=PRESENTATION_STYLE_ASSIGNMENT((#61500));
#61520=CARTESIAN_POINT('',(4.46111742304759,-12.7016269683537,
0.357106781186547));
#61530=DIRECTION('',(-0.00872653549837393,0.999961923064171,0.));
#61540=DIRECTION('',(0.,0.,-1.));
#61550=AXIS2_PLACEMENT_3D('',#61520,#61530,#61540);
#61560=PLANE('',#61550);
#61570=CARTESIAN_POINT('',(-5.97759,-12.7927241879411,7.41347320848459))
;
#61580=DIRECTION('',(0.999955390531953,0.00872647848982892,
0.00361462574224422));
#61590=VECTOR('',#61580,1.);
#61600=LINE('',#61570,#61590);
#61610=CARTESIAN_POINT('',(4.461205,-12.7016262040813,7.45120722890418))
;
#61620=VERTEX_POINT('',#61610);
#61630=EDGE_CURVE('',#39760,#61620,#61600,.T.);
#61640=ORIENTED_EDGE('',*,*,#61630,.F.);
#61650=CARTESIAN_POINT('',(4.461205,-12.7016262040813,7.5));
#61660=DIRECTION('',(0.,0.,-1.));
#61670=VECTOR('',#61660,1.);
#61680=LINE('',#61650,#61670);
#61690=CARTESIAN_POINT('',(4.461205,-12.7016262040813,7.45));
#61700=VERTEX_POINT('',#61690);
#61710=EDGE_CURVE('',#61620,#61700,#61680,.T.);
#61720=ORIENTED_EDGE('',*,*,#61710,.F.);
#61730=CARTESIAN_POINT('',(-3.038795,-12.7670777125119,
-0.0500000000000025));
#61740=DIRECTION('',(0.707093318572324,0.00617070990690961,
0.707093318572324));
#61750=VECTOR('',#61740,1.);
#61760=LINE('',#61730,#61750);
#61770=EDGE_CURVE('',#39840,#61700,#61760,.T.);
#61780=ORIENTED_EDGE('',*,*,#61770,.T.);
#61790=ORIENTED_EDGE('',*,*,#39850,.F.);
#61800=EDGE_LOOP('',(#61790,#61780,#61720,#61640));
#61810=FACE_OUTER_BOUND('',#61800,.T.);
#61820=ADVANCED_FACE('',(#61810),#61560,.F.);
#61830=COLOUR_RGB('',0.313725501298904,0.313725501298904,
0.313725501298904);
#61840=FILL_AREA_STYLE_COLOUR('',#61830);
#61850=FILL_AREA_STYLE('',(#61840));
#61860=SURFACE_STYLE_FILL_AREA(#61850);
#61870=SURFACE_SIDE_STYLE('',(#61860));
#61880=SURFACE_STYLE_USAGE(.BOTH.,#61870);
#61890=PRESENTATION_STYLE_ASSIGNMENT((#61880));
#61900=CARTESIAN_POINT('',(1.061205,-13.2712843797912,9.1220477828719));
#61910=DIRECTION('',(-1.,0.,0.));
#61920=DIRECTION('',(0.,-1.,0.));
#61930=AXIS2_PLACEMENT_3D('',#61900,#61910,#61920);
#61940=PLANE('',#61930);
#61950=ORIENTED_EDGE('',*,*,#43070,.F.);
#61960=ORIENTED_EDGE('',*,*,#55460,.T.);
#61970=ORIENTED_EDGE('',*,*,#45300,.F.);
#61980=ORIENTED_EDGE('',*,*,#59850,.T.);
#61990=ORIENTED_EDGE('',*,*,#46290,.F.);
#62000=ORIENTED_EDGE('',*,*,#46670,.T.);
#62010=ORIENTED_EDGE('',*,*,#47350,.F.);
#62020=ORIENTED_EDGE('',*,*,#49590,.T.);
#62030=EDGE_LOOP('',(#62020,#62010,#62000,#61990,#61980,#61970,#61960,
#61950));
#62040=FACE_OUTER_BOUND('',#62030,.T.);
#62050=ORIENTED_EDGE('',*,*,#52430,.F.);
#62060=ORIENTED_EDGE('',*,*,#47680,.F.);
#62070=CARTESIAN_POINT('',(1.061205,0.,4.35));
#62080=DIRECTION('',(0.,-1.,0.));
#62090=VECTOR('',#62080,1.);
#62100=LINE('',#62070,#62090);
#62110=EDGE_CURVE('',#53600,#47590,#62100,.T.);
#62120=ORIENTED_EDGE('',*,*,#62110,.T.);
#62130=ORIENTED_EDGE('',*,*,#53610,.F.);
#62140=EDGE_LOOP('',(#62130,#62120,#62060,#62050));
#62150=FACE_BOUND('',#62140,.T.);
#62160=ADVANCED_FACE('',(#62040,#62150),#61940,.T.);
#62170=COLOUR_RGB('',0.313725501298904,0.313725501298904,
0.313725501298904);
#62180=FILL_AREA_STYLE_COLOUR('',#62170);
#62190=FILL_AREA_STYLE('',(#62180));
#62200=SURFACE_STYLE_FILL_AREA(#62190);
#62210=SURFACE_SIDE_STYLE('',(#62200));
#62220=SURFACE_STYLE_USAGE(.BOTH.,#62210);
#62230=PRESENTATION_STYLE_ASSIGNMENT((#62220));
#62240=CARTESIAN_POINT('',(1.961205,-14.5306253459531,3.50047547736971))
;
#62250=DIRECTION('',(1.,0.,0.));
#62260=DIRECTION('',(0.,1.,0.));
#62270=AXIS2_PLACEMENT_3D('',#62240,#62250,#62260);
#62280=PLANE('',#62270);
#62290=ORIENTED_EDGE('',*,*,#52330,.F.);
#62300=ORIENTED_EDGE('',*,*,#54360,.F.);
#62310=CARTESIAN_POINT('',(1.961205,0.,4.35));
#62320=DIRECTION('',(0.,1.,0.));
#62330=VECTOR('',#62320,1.);
#62340=LINE('',#62310,#62330);
#62350=EDGE_CURVE('',#54290,#43540,#62340,.T.);
#62360=ORIENTED_EDGE('',*,*,#62350,.F.);
#62370=ORIENTED_EDGE('',*,*,#43550,.F.);
#62380=EDGE_LOOP('',(#62370,#62360,#62300,#62290));
#62390=FACE_OUTER_BOUND('',#62380,.T.);
#62400=ADVANCED_FACE('',(#62390),#62280,.T.);
#62410=COLOUR_RGB('',0.313725501298904,0.313725501298904,
0.313725501298904);
#62420=FILL_AREA_STYLE_COLOUR('',#62410);
#62430=FILL_AREA_STYLE('',(#62420));
#62440=SURFACE_STYLE_FILL_AREA(#62430);
#62450=SURFACE_SIDE_STYLE('',(#62440));
#62460=SURFACE_STYLE_USAGE(.BOTH.,#62450);
#62470=PRESENTATION_STYLE_ASSIGNMENT((#62460));
#62480=CARTESIAN_POINT('',(3.486205,-15.596698,4.2));
#62490=DIRECTION('',(-0.707106781186548,-0.707106781186548,-0.));
#62500=DIRECTION('',(-0.707106781186548,0.707106781186548,0.));
#62510=AXIS2_PLACEMENT_3D('',#62480,#62490,#62500);
#62520=PLANE('',#62510);
#62530=CARTESIAN_POINT('',(-12.110493,0.,4.35));
#62540=DIRECTION('',(0.707106781186548,-0.707106781186548,-0.));
#62550=VECTOR('',#62540,1.);
#62560=LINE('',#62530,#62550);
#62570=CARTESIAN_POINT('',(3.561205,-15.671698,4.35));
#62580=VERTEX_POINT('',#62570);
#62590=EDGE_CURVE('',#54210,#62580,#62560,.T.);
#62600=ORIENTED_EDGE('',*,*,#62590,.T.);
#62610=ORIENTED_EDGE('',*,*,#54220,.F.);
#62620=ORIENTED_EDGE('',*,*,#52190,.T.);
#62630=CARTESIAN_POINT('',(3.561205,-15.671698,4.2));
#62640=DIRECTION('',(0.,0.,-1.));
#62650=VECTOR('',#62640,1.);
#62660=LINE('',#62630,#62650);
#62670=EDGE_CURVE('',#62580,#52100,#62660,.T.);
#62680=ORIENTED_EDGE('',*,*,#62670,.T.);
#62690=EDGE_LOOP('',(#62680,#62620,#62610,#62600));
#62700=FACE_OUTER_BOUND('',#62690,.T.);
#62710=ADVANCED_FACE('',(#62700),#62520,.F.);
#62720=COLOUR_RGB('',0.313725501298904,0.313725501298904,
0.313725501298904);
#62730=FILL_AREA_STYLE_COLOUR('',#62720);
#62740=FILL_AREA_STYLE('',(#62730));
#62750=SURFACE_STYLE_FILL_AREA(#62740);
#62760=SURFACE_SIDE_STYLE('',(#62750));
#62770=SURFACE_STYLE_USAGE(.BOTH.,#62760);
#62780=PRESENTATION_STYLE_ASSIGNMENT((#62770));
#62790=CARTESIAN_POINT('',(3.561205,-16.2702261374238,9.35));
#62800=DIRECTION('',(-1.,0.,0.));
#62810=DIRECTION('',(0.,1.,0.));
#62820=AXIS2_PLACEMENT_3D('',#62790,#62800,#62810);
#62830=PLANE('',#62820);
#62840=ORIENTED_EDGE('',*,*,#52110,.F.);
#62850=CARTESIAN_POINT('',(3.561205,-16.7339156149071,10.));
#62860=DIRECTION('',(0.,0.,1.));
#62870=VECTOR('',#62860,1.);
#62880=LINE('',#62850,#62870);
#62890=CARTESIAN_POINT('',(3.561205,-16.7339156149071,4.35));
#62900=VERTEX_POINT('',#62890);
#62910=EDGE_CURVE('',#52020,#62900,#62880,.T.);
#62920=ORIENTED_EDGE('',*,*,#62910,.F.);
#62930=CARTESIAN_POINT('',(3.561205,0.,4.35));
#62940=DIRECTION('',(0.,1.,0.));
#62950=VECTOR('',#62940,1.);
#62960=LINE('',#62930,#62950);
#62970=EDGE_CURVE('',#62900,#62580,#62960,.T.);
#62980=ORIENTED_EDGE('',*,*,#62970,.F.);
#62990=ORIENTED_EDGE('',*,*,#62670,.F.);
#63000=EDGE_LOOP('',(#62990,#62980,#62920,#62840));
#63010=FACE_OUTER_BOUND('',#63000,.T.);
#63020=ADVANCED_FACE('',(#63010),#62830,.F.);
#63030=COLOUR_RGB('',0.313725501298904,0.313725501298904,
0.313725501298904);
#63040=FILL_AREA_STYLE_COLOUR('',#63030);
#63050=FILL_AREA_STYLE('',(#63040));
#63060=SURFACE_STYLE_FILL_AREA(#63050);
#63070=SURFACE_SIDE_STYLE('',(#63060));
#63080=SURFACE_STYLE_USAGE(.BOTH.,#63070);
#63090=PRESENTATION_STYLE_ASSIGNMENT((#63080));
#63100=CARTESIAN_POINT('',(4.46111742304759,-16.7417690316463,8.15));
#63110=DIRECTION('',(-0.00872653549837393,-0.999961923064171,0.));
#63120=DIRECTION('',(0.,0.,1.));
#63130=AXIS2_PLACEMENT_3D('',#63100,#63110,#63120);
#63140=PLANE('',#63130);
#63150=CARTESIAN_POINT('',(-5.97759,-16.6506718120589,4.75));
#63160=DIRECTION('',(-0.999961923064171,0.00872653549837393,0.));
#63170=VECTOR('',#63160,1.);
#63180=LINE('',#63150,#63170);
#63190=EDGE_CURVE('',#38760,#46890,#63180,.T.);
#63200=ORIENTED_EDGE('',*,*,#63190,.T.);
#63210=ORIENTED_EDGE('',*,*,#38770,.T.);
#63220=CARTESIAN_POINT('',(-5.97759,-16.6506718120589,4.35));
#63230=DIRECTION('',(-0.999961923064171,0.00872653549837393,0.));
#63240=VECTOR('',#63230,1.);
#63250=LINE('',#63220,#63240);
#63260=EDGE_CURVE('',#38680,#62900,#63250,.T.);
#63270=ORIENTED_EDGE('',*,*,#63260,.F.);
#63280=ORIENTED_EDGE('',*,*,#62910,.T.);
#63290=ORIENTED_EDGE('',*,*,#52030,.F.);
#63300=ORIENTED_EDGE('',*,*,#38450,.T.);
#63310=ORIENTED_EDGE('',*,*,#55680,.T.);
#63320=ORIENTED_EDGE('',*,*,#46980,.F.);
#63330=EDGE_LOOP('',(#63320,#63310,#63300,#63290,#63280,#63270,#63210,
#63200));
#63340=FACE_OUTER_BOUND('',#63330,.T.);
#63350=ADVANCED_FACE('',(#63340),#63140,.T.);
#63360=COLOUR_RGB('',0.313725501298904,0.313725501298904,
0.313725501298904);
#63370=FILL_AREA_STYLE_COLOUR('',#63360);
#63380=FILL_AREA_STYLE('',(#63370));
#63390=SURFACE_STYLE_FILL_AREA(#63380);
#63400=SURFACE_SIDE_STYLE('',(#63390));
#63410=SURFACE_STYLE_USAGE(.BOTH.,#63400);
#63420=PRESENTATION_STYLE_ASSIGNMENT((#63410));
#63430=CARTESIAN_POINT('',(1.461205,0.,-4.44563240321852));
#63440=DIRECTION('',(-0.00872653549837393,-0.587762871231141,
-0.808986189486768));
#63450=DIRECTION('',(0.,0.809016994374947,-0.587785252292473));
#63460=AXIS2_PLACEMENT_3D('',#63430,#63440,#63450);
#63470=PLANE('',#63460);
#63480=ORIENTED_EDGE('',*,*,#18520,.T.);
#63490=ORIENTED_EDGE('',*,*,#50870,.T.);
#63500=ORIENTED_EDGE('',*,*,#44150,.F.);
#63510=ORIENTED_EDGE('',*,*,#27670,.F.);
#63520=EDGE_LOOP('',(#63510,#63500,#63490,#63480));
#63530=FACE_OUTER_BOUND('',#63520,.T.);
#63540=ADVANCED_FACE('',(#63530),#63470,.T.);
#63550=COLOUR_RGB('',0.313725501298904,0.313725501298904,
0.313725501298904);
#63560=FILL_AREA_STYLE_COLOUR('',#63550);
#63570=FILL_AREA_STYLE('',(#63560));
#63580=SURFACE_STYLE_FILL_AREA(#63570);
#63590=SURFACE_SIDE_STYLE('',(#63580));
#63600=SURFACE_STYLE_USAGE(.BOTH.,#63590);
#63610=PRESENTATION_STYLE_ASSIGNMENT((#63600));
#63620=CARTESIAN_POINT('',(4.361205,-16.921698,4.75));
#63630=DIRECTION('',(0.,0.,1.));
#63640=DIRECTION('',(1.,0.,0.));
#63650=AXIS2_PLACEMENT_3D('',#63620,#63630,#63640);
#63660=PLANE('',#63650);
#63670=ORIENTED_EDGE('',*,*,#35760,.T.);
#63680=ORIENTED_EDGE('',*,*,#57600,.T.);
#63690=CARTESIAN_POINT('',(-5.97759,-16.6506718120589,4.75));
#63700=DIRECTION('',(0.999961923064171,-0.00872653549837393,-0.));
#63710=VECTOR('',#63700,1.);
#63720=LINE('',#63690,#63710);
#63730=EDGE_CURVE('',#38760,#57530,#63720,.T.);
#63740=ORIENTED_EDGE('',*,*,#63730,.T.);
#63750=ORIENTED_EDGE('',*,*,#63190,.F.);
#63760=ORIENTED_EDGE('',*,*,#46900,.T.);
#63770=EDGE_LOOP('',(#63760,#63750,#63740,#63680,#63670));
#63780=FACE_OUTER_BOUND('',#63770,.T.);
#63790=ADVANCED_FACE('',(#63780),#63660,.F.);
#63800=COLOUR_RGB('',0.313725501298904,0.313725501298904,
0.313725501298904);
#63810=FILL_AREA_STYLE_COLOUR('',#63800);
#63820=FILL_AREA_STYLE('',(#63810));
#63830=SURFACE_STYLE_FILL_AREA(#63820);
#63840=SURFACE_SIDE_STYLE('',(#63830));
#63850=SURFACE_STYLE_USAGE(.BOTH.,#63840);
#63860=PRESENTATION_STYLE_ASSIGNMENT((#63850));
#63870=CARTESIAN_POINT('',(4.46120500000001,-12.221698,5.65));
#63880=DIRECTION('',(-0.707106781186548,-0.,-0.707106781186548));
#63890=DIRECTION('',(0.707106781186548,0.,-0.707106781186548));
#63900=AXIS2_PLACEMENT_3D('',#63870,#63880,#63890);
#63910=PLANE('',#63900);
#63920=ORIENTED_EDGE('',*,*,#40000,.T.);
#63930=ORIENTED_EDGE('',*,*,#29570,.T.);
#63940=ORIENTED_EDGE('',*,*,#51730,.F.);
#63950=CARTESIAN_POINT('',(-3.038795,-12.7670777125119,13.15));
#63960=DIRECTION('',(-0.707093318572324,-0.00617070990690961,
0.707093318572324));
#63970=VECTOR('',#63960,1.);
#63980=LINE('',#63950,#63970);
#63990=EDGE_CURVE('',#51660,#39990,#63980,.T.);
#64000=ORIENTED_EDGE('',*,*,#63990,.F.);
#64010=EDGE_LOOP('',(#64000,#63940,#63930,#63920));
#64020=FACE_OUTER_BOUND('',#64010,.T.);
#64030=ADVANCED_FACE('',(#64020),#63910,.F.);
#64040=COLOUR_RGB('',0.313725501298904,0.313725501298904,
0.313725501298904);
#64050=FILL_AREA_STYLE_COLOUR('',#64040);
#64060=FILL_AREA_STYLE('',(#64050));
#64070=SURFACE_STYLE_FILL_AREA(#64060);
#64080=SURFACE_SIDE_STYLE('',(#64070));
#64090=SURFACE_STYLE_USAGE(.BOTH.,#64080);
#64100=PRESENTATION_STYLE_ASSIGNMENT((#64090));
#64110=CARTESIAN_POINT('',(4.46111742304759,-12.7016269683537,
2.85710678118655));
#64120=DIRECTION('',(-0.00872653549837393,0.999961923064171,0.));
#64130=DIRECTION('',(0.,0.,-1.));
#64140=AXIS2_PLACEMENT_3D('',#64110,#64120,#64130);
#64150=PLANE('',#64140);
#64160=ORIENTED_EDGE('',*,*,#63990,.T.);
#64170=ORIENTED_EDGE('',*,*,#51670,.F.);
#64180=CARTESIAN_POINT('',(-3.038795,-12.7670777125119,-2.55));
#64190=DIRECTION('',(0.707093318572324,0.00617070990690961,
0.707093318572324));
#64200=VECTOR('',#64190,1.);
#64210=LINE('',#64180,#64200);
#64220=EDGE_CURVE('',#40070,#51580,#64210,.T.);
#64230=ORIENTED_EDGE('',*,*,#64220,.T.);
#64240=ORIENTED_EDGE('',*,*,#40080,.T.);
#64250=EDGE_LOOP('',(#64240,#64230,#64170,#64160));
#64260=FACE_OUTER_BOUND('',#64250,.T.);
#64270=ADVANCED_FACE('',(#64260),#64150,.F.);
#64280=COLOUR_RGB('',0.313725501298904,0.313725501298904,
0.313725501298904);
#64290=FILL_AREA_STYLE_COLOUR('',#64280);
#64300=FILL_AREA_STYLE('',(#64290));
#64310=SURFACE_STYLE_FILL_AREA(#64300);
#64320=SURFACE_SIDE_STYLE('',(#64310));
#64330=SURFACE_STYLE_USAGE(.BOTH.,#64320);
#64340=PRESENTATION_STYLE_ASSIGNMENT((#64330));
#64350=CARTESIAN_POINT('',(3.961205,-12.221698,4.45));
#64360=DIRECTION('',(-0.707106781186548,0.,0.707106781186548));
#64370=DIRECTION('',(-0.707106781186548,0.,-0.707106781186548));
#64380=AXIS2_PLACEMENT_3D('',#64350,#64360,#64370);
#64390=PLANE('',#64380);
#64400=ORIENTED_EDGE('',*,*,#51590,.F.);
#64410=ORIENTED_EDGE('',*,*,#29410,.T.);
#64420=ORIENTED_EDGE('',*,*,#40140,.F.);
#64430=ORIENTED_EDGE('',*,*,#64220,.F.);
#64440=EDGE_LOOP('',(#64430,#64420,#64410,#64400));
#64450=FACE_OUTER_BOUND('',#64440,.T.);
#64460=ADVANCED_FACE('',(#64450),#64390,.F.);
#64470=COLOUR_RGB('',0.313725501298904,0.313725501298904,
0.313725501298904);
#64480=FILL_AREA_STYLE_COLOUR('',#64470);
#64490=FILL_AREA_STYLE('',(#64480));
#64500=SURFACE_STYLE_FILL_AREA(#64490);
#64510=SURFACE_SIDE_STYLE('',(#64500));
#64520=SURFACE_STYLE_USAGE(.BOTH.,#64510);
#64530=PRESENTATION_STYLE_ASSIGNMENT((#64520));
#64540=CARTESIAN_POINT('',(-2.538795,-13.7232170966653,4.12555440047842)
);
#64550=DIRECTION('',(1.,0.,0.));
#64560=DIRECTION('',(0.,1.,0.));
#64570=AXIS2_PLACEMENT_3D('',#64540,#64550,#64560);
#64580=PLANE('',#64570);
#64590=ORIENTED_EDGE('',*,*,#44960,.F.);
#64600=ORIENTED_EDGE('',*,*,#53960,.F.);
#64610=ORIENTED_EDGE('',*,*,#60070,.F.);
#64620=ORIENTED_EDGE('',*,*,#33410,.T.);
#64630=EDGE_LOOP('',(#64620,#64610,#64600,#64590));
#64640=FACE_OUTER_BOUND('',#64630,.T.);
#64650=ADVANCED_FACE('',(#64640),#64580,.F.);
#64660=COLOUR_RGB('',0.313725501298904,0.313725501298904,
0.313725501298904);
#64670=FILL_AREA_STYLE_COLOUR('',#64660);
#64680=FILL_AREA_STYLE('',(#64670));
#64690=SURFACE_STYLE_FILL_AREA(#64680);
#64700=SURFACE_SIDE_STYLE('',(#64690));
#64710=SURFACE_STYLE_USAGE(.BOTH.,#64700);
#64720=PRESENTATION_STYLE_ASSIGNMENT((#64710));
#64730=CARTESIAN_POINT('',(-2.688795,-12.221698,7.8));
#64740=DIRECTION('',(1.,0.,-0.));
#64750=DIRECTION('',(0.,0.,1.));
#64760=AXIS2_PLACEMENT_3D('',#64730,#64740,#64750);
#64770=PLANE('',#64760);
#64780=ORIENTED_EDGE('',*,*,#17960,.T.);
#64790=ORIENTED_EDGE('',*,*,#30390,.T.);
#64800=ORIENTED_EDGE('',*,*,#30110,.T.);
#64810=CARTESIAN_POINT('',(-2.688795,0.,5.3));
#64820=DIRECTION('',(-0.,-1.,0.));
#64830=VECTOR('',#64820,1.);
#64840=LINE('',#64810,#64830);
#64850=EDGE_CURVE('',#30040,#17950,#64840,.T.);
#64860=ORIENTED_EDGE('',*,*,#64850,.F.);
#64870=EDGE_LOOP('',(#64860,#64800,#64790,#64780));
#64880=FACE_OUTER_BOUND('',#64870,.T.);
#64890=ADVANCED_FACE('',(#64880),#64770,.F.);
#64900=COLOUR_RGB('',0.313725501298904,0.313725501298904,
0.313725501298904);
#64910=FILL_AREA_STYLE_COLOUR('',#64900);
#64920=FILL_AREA_STYLE('',(#64910));
#64930=SURFACE_STYLE_FILL_AREA(#64920);
#64940=SURFACE_SIDE_STYLE('',(#64930));
#64950=SURFACE_STYLE_USAGE(.BOTH.,#64940);
#64960=PRESENTATION_STYLE_ASSIGNMENT((#64950));
#64970=CARTESIAN_POINT('',(1.261205,-15.421698,6.55));
#64980=DIRECTION('',(0.242535625036333,0.970142500145332,0.));
#64990=DIRECTION('',(0.970142500145332,-0.242535625036333,-0.));
#65000=AXIS2_PLACEMENT_3D('',#64970,#64980,#64990);
#65010=PLANE('',#65000);
#65020=CARTESIAN_POINT('',(1.061205,-15.371698,6.9));
#65030=DIRECTION('',(0.970142500145332,-0.242535625036332,-0.));
#65040=VECTOR('',#65030,1.);
#65050=LINE('',#65020,#65040);
#65060=CARTESIAN_POINT('',(1.061205,-15.371698,6.9));
#65070=VERTEX_POINT('',#65060);
#65080=EDGE_CURVE('',#65070,#26040,#65050,.T.);
#65090=ORIENTED_EDGE('',*,*,#65080,.F.);
#65100=ORIENTED_EDGE('',*,*,#26640,.F.);
#65110=ORIENTED_EDGE('',*,*,#60470,.T.);
#65120=CARTESIAN_POINT('',(1.061205,-15.371698,7.5));
#65130=DIRECTION('',(0.,0.,1.));
#65140=VECTOR('',#65130,1.);
#65150=LINE('',#65120,#65140);
#65160=EDGE_CURVE('',#60400,#65070,#65150,.T.);
#65170=ORIENTED_EDGE('',*,*,#65160,.F.);
#65180=EDGE_LOOP('',(#65170,#65110,#65100,#65090));
#65190=FACE_OUTER_BOUND('',#65180,.T.);
#65200=ADVANCED_FACE('',(#65190),#65010,.F.);
#65210=COLOUR_RGB('',0.313725501298904,0.313725501298904,
0.313725501298904);
#65220=FILL_AREA_STYLE_COLOUR('',#65210);
#65230=FILL_AREA_STYLE('',(#65220));
#65240=SURFACE_STYLE_FILL_AREA(#65230);
#65250=SURFACE_SIDE_STYLE('',(#65240));
#65260=SURFACE_STYLE_USAGE(.BOTH.,#65250);
#65270=PRESENTATION_STYLE_ASSIGNMENT((#65260));
#65280=CARTESIAN_POINT('',(1.761205,-15.121698,6.85));
#65290=DIRECTION('',(-0.707106781186546,-0.707106781186549,0.));
#65300=DIRECTION('',(0.707106781186549,-0.707106781186546,-0.));
#65310=AXIS2_PLACEMENT_3D('',#65280,#65290,#65300);
#65320=PLANE('',#65310);
#65330=CARTESIAN_POINT('',(1.761205,-15.121698,7.5));
#65340=DIRECTION('',(0.,0.,1.));
#65350=VECTOR('',#65340,1.);
#65360=LINE('',#65330,#65350);
#65370=CARTESIAN_POINT('',(1.76120500000001,-15.121698,6.25));
#65380=VERTEX_POINT('',#65370);
#65390=CARTESIAN_POINT('',(1.76120500000001,-15.121698,6.85));
#65400=VERTEX_POINT('',#65390);
#65410=EDGE_CURVE('',#65380,#65400,#65360,.T.);
#65420=ORIENTED_EDGE('',*,*,#65410,.T.);
#65430=CARTESIAN_POINT('',(-5.97759,-7.38290300000003,6.25));
#65440=DIRECTION('',(-0.707106781186549,0.707106781186546,0.));
#65450=VECTOR('',#65440,1.);
#65460=LINE('',#65430,#65450);
#65470=CARTESIAN_POINT('',(1.961205,-15.321698,6.25));
#65480=VERTEX_POINT('',#65470);
#65490=EDGE_CURVE('',#65480,#65380,#65460,.T.);
#65500=ORIENTED_EDGE('',*,*,#65490,.T.);
#65510=CARTESIAN_POINT('',(1.961205,-15.321698,0.466381153101082));
#65520=DIRECTION('',(0.,0.,-1.));
#65530=VECTOR('',#65520,1.);
#65540=LINE('',#65510,#65530);
#65550=CARTESIAN_POINT('',(1.961205,-15.321698,6.85));
#65560=VERTEX_POINT('',#65550);
#65570=EDGE_CURVE('',#65560,#65480,#65540,.T.);
#65580=ORIENTED_EDGE('',*,*,#65570,.T.);
#65590=CARTESIAN_POINT('',(-5.97759,-7.38290300000003,6.85));
#65600=DIRECTION('',(-0.707106781186549,0.707106781186546,0.));
#65610=VECTOR('',#65600,1.);
#65620=LINE('',#65590,#65610);
#65630=EDGE_CURVE('',#65560,#65400,#65620,.T.);
#65640=ORIENTED_EDGE('',*,*,#65630,.F.);
#65650=EDGE_LOOP('',(#65640,#65580,#65500,#65420));
#65660=FACE_OUTER_BOUND('',#65650,.T.);
#65670=ADVANCED_FACE('',(#65660),#65320,.F.);
#65680=COLOUR_RGB('',0.313725501298904,0.313725501298904,
0.313725501298904);
#65690=FILL_AREA_STYLE_COLOUR('',#65680);
#65700=FILL_AREA_STYLE('',(#65690));
#65710=SURFACE_STYLE_FILL_AREA(#65700);
#65720=SURFACE_SIDE_STYLE('',(#65710));
#65730=SURFACE_STYLE_USAGE(.BOTH.,#65720);
#65740=PRESENTATION_STYLE_ASSIGNMENT((#65730));
#65750=CARTESIAN_POINT('',(1.961205,-16.221698,6.25));
#65760=DIRECTION('',(0.,-0.,1.));
#65770=DIRECTION('',(0.,1.,0.));
#65780=AXIS2_PLACEMENT_3D('',#65750,#65760,#65770);
#65790=PLANE('',#65780);
#65800=ORIENTED_EDGE('',*,*,#58220,.F.);
#65810=ORIENTED_EDGE('',*,*,#38970,.T.);
#65820=CARTESIAN_POINT('',(-5.97759,-16.6506718120589,6.25));
#65830=DIRECTION('',(0.999961923064171,-0.00872653549837393,-0.));
#65840=VECTOR('',#65830,1.);
#65850=LINE('',#65820,#65840);
#65860=CARTESIAN_POINT('',(3.561205,-16.7339156149071,6.25));
#65870=VERTEX_POINT('',#65860);
#65880=EDGE_CURVE('',#65870,#38880,#65850,.T.);
#65890=ORIENTED_EDGE('',*,*,#65880,.T.);
#65900=CARTESIAN_POINT('',(3.561205,0.,6.25));
#65910=DIRECTION('',(0.,-1.,0.));
#65920=VECTOR('',#65910,1.);
#65930=LINE('',#65900,#65920);
#65940=CARTESIAN_POINT('',(3.561205,-15.671698,6.25));
#65950=VERTEX_POINT('',#65940);
#65960=EDGE_CURVE('',#65950,#65870,#65930,.T.);
#65970=ORIENTED_EDGE('',*,*,#65960,.T.);
#65980=CARTESIAN_POINT('',(-12.110493,0.,6.25));
#65990=DIRECTION('',(-0.707106781186548,0.707106781186548,0.));
#66000=VECTOR('',#65990,1.);
#66010=LINE('',#65980,#66000);
#66020=CARTESIAN_POINT('',(3.411205,-15.521698,6.25));
#66030=VERTEX_POINT('',#66020);
#66040=EDGE_CURVE('',#65950,#66030,#66010,.T.);
#66050=ORIENTED_EDGE('',*,*,#66040,.F.);
#66060=CARTESIAN_POINT('',(-5.97759,-15.521698,6.25));
#66070=DIRECTION('',(-1.,0.,0.));
#66080=VECTOR('',#66070,1.);
#66090=LINE('',#66060,#66080);
#66100=CARTESIAN_POINT('',(1.961205,-15.521698,6.25));
#66110=VERTEX_POINT('',#66100);
#66120=EDGE_CURVE('',#66030,#66110,#66090,.T.);
#66130=ORIENTED_EDGE('',*,*,#66120,.F.);
#66140=CARTESIAN_POINT('',(1.961205,0.,6.25));
#66150=DIRECTION('',(0.,-1.,0.));
#66160=VECTOR('',#66150,1.);
#66170=LINE('',#66140,#66160);
#66180=EDGE_CURVE('',#65480,#66110,#66170,.T.);
#66190=ORIENTED_EDGE('',*,*,#66180,.T.);
#66200=ORIENTED_EDGE('',*,*,#65490,.F.);
#66210=CARTESIAN_POINT('',(-5.97759,-15.121698,6.25));
#66220=DIRECTION('',(1.,0.,0.));
#66230=VECTOR('',#66220,1.);
#66240=LINE('',#66210,#66230);
#66250=CARTESIAN_POINT('',(1.061205,-15.121698,6.25));
#66260=VERTEX_POINT('',#66250);
#66270=EDGE_CURVE('',#66260,#65380,#66240,.T.);
#66280=ORIENTED_EDGE('',*,*,#66270,.T.);
#66290=CARTESIAN_POINT('',(1.061205,0.,6.25));
#66300=DIRECTION('',(0.,-1.,0.));
#66310=VECTOR('',#66300,1.);
#66320=LINE('',#66290,#66310);
#66330=CARTESIAN_POINT('',(1.061205,-14.321698,6.25));
#66340=VERTEX_POINT('',#66330);
#66350=EDGE_CURVE('',#66340,#66260,#66320,.T.);
#66360=ORIENTED_EDGE('',*,*,#66350,.T.);
#66370=CARTESIAN_POINT('',(-5.97759,-14.321698,6.25));
#66380=DIRECTION('',(1.,0.,0.));
#66390=VECTOR('',#66380,1.);
#66400=LINE('',#66370,#66390);
#66410=CARTESIAN_POINT('',(1.76120500000001,-14.321698,6.25));
#66420=VERTEX_POINT('',#66410);
#66430=EDGE_CURVE('',#66340,#66420,#66400,.T.);
#66440=ORIENTED_EDGE('',*,*,#66430,.F.);
#66450=CARTESIAN_POINT('',(-5.97759,-22.060493,6.25));
#66460=DIRECTION('',(-0.707106781186549,-0.707106781186546,0.));
#66470=VECTOR('',#66460,1.);
#66480=LINE('',#66450,#66470);
#66490=CARTESIAN_POINT('',(1.961205,-14.121698,6.25));
#66500=VERTEX_POINT('',#66490);
#66510=EDGE_CURVE('',#66500,#66420,#66480,.T.);
#66520=ORIENTED_EDGE('',*,*,#66510,.T.);
#66530=CARTESIAN_POINT('',(1.961205,0.,6.25));
#66540=DIRECTION('',(0.,-1.,0.));
#66550=VECTOR('',#66540,1.);
#66560=LINE('',#66530,#66550);
#66570=CARTESIAN_POINT('',(1.961205,-13.921698,6.25));
#66580=VERTEX_POINT('',#66570);
#66590=EDGE_CURVE('',#66580,#66500,#66560,.T.);
#66600=ORIENTED_EDGE('',*,*,#66590,.T.);
#66610=CARTESIAN_POINT('',(-5.97759,-13.921698,6.25));
#66620=DIRECTION('',(-1.,0.,0.));
#66630=VECTOR('',#66620,1.);
#66640=LINE('',#66610,#66630);
#66650=EDGE_CURVE('',#58210,#66580,#66640,.T.);
#66660=ORIENTED_EDGE('',*,*,#66650,.T.);
#66670=EDGE_LOOP('',(#66660,#66600,#66520,#66440,#66360,#66280,#66200,
#66190,#66130,#66050,#65970,#65890,#65810,#65800));
#66680=FACE_OUTER_BOUND('',#66670,.T.);
#66690=ADVANCED_FACE('',(#66680),#65790,.T.);
#66700=COLOUR_RGB('',0.313725501298904,0.313725501298904,
0.313725501298904);
#66710=FILL_AREA_STYLE_COLOUR('',#66700);
#66720=FILL_AREA_STYLE('',(#66710));
#66730=SURFACE_STYLE_FILL_AREA(#66720);
#66740=SURFACE_SIDE_STYLE('',(#66730));
#66750=SURFACE_STYLE_USAGE(.BOTH.,#66740);
#66760=PRESENTATION_STYLE_ASSIGNMENT((#66750));
#66770=CARTESIAN_POINT('',(1.261205,-14.721698,7.15));
#66780=DIRECTION('',(0.242535625036332,0.,-0.970142500145332));
#66790=DIRECTION('',(0.970142500145332,0.,0.242535625036332));
#66800=AXIS2_PLACEMENT_3D('',#66770,#66780,#66790);
#66810=PLANE('',#66800);
#66820=CARTESIAN_POINT('',(1.061205,-14.271698,7.1));
#66830=DIRECTION('',(0.970142500145332,0.,0.242535625036332));
#66840=VECTOR('',#66830,1.);
#66850=LINE('',#66820,#66840);
#66860=CARTESIAN_POINT('',(1.061205,-14.271698,7.1));
#66870=VERTEX_POINT('',#66860);
#66880=EDGE_CURVE('',#66870,#26140,#66850,.T.);
#66890=ORIENTED_EDGE('',*,*,#66880,.F.);
#66900=ORIENTED_EDGE('',*,*,#26150,.F.);
#66910=CARTESIAN_POINT('',(1.461205,-15.171698,7.2));
#66920=DIRECTION('',(-0.970142500145332,0.,-0.242535625036332));
#66930=VECTOR('',#66920,1.);
#66940=LINE('',#66910,#66930);
#66950=CARTESIAN_POINT('',(1.061205,-15.171698,7.1));
#66960=VERTEX_POINT('',#66950);
#66970=EDGE_CURVE('',#26060,#66960,#66940,.T.);
#66980=ORIENTED_EDGE('',*,*,#66970,.F.);
#66990=CARTESIAN_POINT('',(1.061205,0.,7.1));
#67000=DIRECTION('',(0.,1.,0.));
#67010=VECTOR('',#67000,1.);
#67020=LINE('',#66990,#67010);
#67030=EDGE_CURVE('',#66960,#66870,#67020,.T.);
#67040=ORIENTED_EDGE('',*,*,#67030,.F.);
#67050=EDGE_LOOP('',(#67040,#66980,#66900,#66890));
#67060=FACE_OUTER_BOUND('',#67050,.T.);
#67070=ADVANCED_FACE('',(#67060),#66810,.F.);
#67080=COLOUR_RGB('',0.313725501298904,0.313725501298904,
0.313725501298904);
#67090=FILL_AREA_STYLE_COLOUR('',#67080);
#67100=FILL_AREA_STYLE('',(#67090));
#67110=SURFACE_STYLE_FILL_AREA(#67100);
#67120=SURFACE_SIDE_STYLE('',(#67110));
#67130=SURFACE_STYLE_USAGE(.BOTH.,#67120);
#67140=PRESENTATION_STYLE_ASSIGNMENT((#67130));
#67150=CARTESIAN_POINT('',(3.661205,-13.921698,6.85));
#67160=DIRECTION('',(-0.,1.,0.));
#67170=DIRECTION('',(1.,0.,0.));
#67180=AXIS2_PLACEMENT_3D('',#67150,#67160,#67170);
#67190=PLANE('',#67180);
#67200=ORIENTED_EDGE('',*,*,#66650,.F.);
#67210=CARTESIAN_POINT('',(1.961205,-13.921698,7.5));
#67220=DIRECTION('',(0.,0.,1.));
#67230=VECTOR('',#67220,1.);
#67240=LINE('',#67210,#67230);
#67250=CARTESIAN_POINT('',(1.961205,-13.921698,6.85));
#67260=VERTEX_POINT('',#67250);
#67270=EDGE_CURVE('',#66580,#67260,#67240,.T.);
#67280=ORIENTED_EDGE('',*,*,#67270,.F.);
#67290=CARTESIAN_POINT('',(-5.97759,-13.921698,6.85));
#67300=DIRECTION('',(1.,0.,0.));
#67310=VECTOR('',#67300,1.);
#67320=LINE('',#67290,#67310);
#67330=EDGE_CURVE('',#67260,#58120,#67320,.T.);
#67340=ORIENTED_EDGE('',*,*,#67330,.F.);
#67350=ORIENTED_EDGE('',*,*,#58280,.F.);
#67360=EDGE_LOOP('',(#67350,#67340,#67280,#67200));
#67370=FACE_OUTER_BOUND('',#67360,.T.);
#67380=ADVANCED_FACE('',(#67370),#67190,.F.);
#67390=COLOUR_RGB('',0.313725501298904,0.313725501298904,
0.313725501298904);
#67400=FILL_AREA_STYLE_COLOUR('',#67390);
#67410=FILL_AREA_STYLE('',(#67400));
#67420=SURFACE_STYLE_FILL_AREA(#67410);
#67430=SURFACE_SIDE_STYLE('',(#67420));
#67440=SURFACE_STYLE_USAGE(.BOTH.,#67430);
#67450=PRESENTATION_STYLE_ASSIGNMENT((#67440));
#67460=CARTESIAN_POINT('',(3.961205,-12.221698,6.95));
#67470=DIRECTION('',(-0.707106781186548,0.,0.707106781186548));
#67480=DIRECTION('',(-0.707106781186548,0.,-0.707106781186548));
#67490=AXIS2_PLACEMENT_3D('',#67460,#67470,#67480);
#67500=PLANE('',#67490);
#67510=CARTESIAN_POINT('',(4.461205,-12.4934046674904,7.45));
#67520=DIRECTION('',(0.,1.,0.));
#67530=VECTOR('',#67520,1.);
#67540=LINE('',#67510,#67530);
#67550=EDGE_CURVE('',#61700,#29720,#67540,.T.);
#67560=ORIENTED_EDGE('',*,*,#67550,.F.);
#67570=ORIENTED_EDGE('',*,*,#29730,.T.);
#67580=ORIENTED_EDGE('',*,*,#39910,.F.);
#67590=ORIENTED_EDGE('',*,*,#61770,.F.);
#67600=EDGE_LOOP('',(#67590,#67580,#67570,#67560));
#67610=FACE_OUTER_BOUND('',#67600,.T.);
#67620=ADVANCED_FACE('',(#67610),#67500,.F.);
#67630=COLOUR_RGB('',0.313725501298904,0.313725501298904,
0.313725501298904);
#67640=FILL_AREA_STYLE_COLOUR('',#67630);
#67650=FILL_AREA_STYLE('',(#67640));
#67660=SURFACE_STYLE_FILL_AREA(#67650);
#67670=SURFACE_SIDE_STYLE('',(#67660));
#67680=SURFACE_STYLE_USAGE(.BOTH.,#67670);
#67690=PRESENTATION_STYLE_ASSIGNMENT((#67680));
#67700=CARTESIAN_POINT('',(3.461205,-14.321698,6.85));
#67710=DIRECTION('',(-0.,1.,0.));
#67720=DIRECTION('',(1.,0.,0.));
#67730=AXIS2_PLACEMENT_3D('',#67700,#67710,#67720);
#67740=PLANE('',#67730);
#67750=CARTESIAN_POINT('',(1.761205,-14.321698,7.5));
#67760=DIRECTION('',(0.,0.,1.));
#67770=VECTOR('',#67760,1.);
#67780=LINE('',#67750,#67770);
#67790=CARTESIAN_POINT('',(1.76120500000001,-14.321698,6.85));
#67800=VERTEX_POINT('',#67790);
#67810=EDGE_CURVE('',#66420,#67800,#67780,.T.);
#67820=ORIENTED_EDGE('',*,*,#67810,.T.);
#67830=ORIENTED_EDGE('',*,*,#66430,.T.);
#67840=CARTESIAN_POINT('',(1.061205,-14.321698,7.5));
#67850=DIRECTION('',(0.,0.,-1.));
#67860=VECTOR('',#67850,1.);
#67870=LINE('',#67840,#67860);
#67880=CARTESIAN_POINT('',(1.061205,-14.321698,6.85));
#67890=VERTEX_POINT('',#67880);
#67900=EDGE_CURVE('',#67890,#66340,#67870,.T.);
#67910=ORIENTED_EDGE('',*,*,#67900,.T.);
#67920=CARTESIAN_POINT('',(-5.97759,-14.321698,6.85));
#67930=DIRECTION('',(1.,0.,0.));
#67940=VECTOR('',#67930,1.);
#67950=LINE('',#67920,#67940);
#67960=EDGE_CURVE('',#67890,#67800,#67950,.T.);
#67970=ORIENTED_EDGE('',*,*,#67960,.F.);
#67980=EDGE_LOOP('',(#67970,#67910,#67830,#67820));
#67990=FACE_OUTER_BOUND('',#67980,.T.);
#68000=ADVANCED_FACE('',(#67990),#67740,.F.);
#68010=COLOUR_RGB('',0.313725501298904,0.313725501298904,
0.313725501298904);
#68020=FILL_AREA_STYLE_COLOUR('',#68010);
#68030=FILL_AREA_STYLE('',(#68020));
#68040=SURFACE_STYLE_FILL_AREA(#68030);
#68050=SURFACE_SIDE_STYLE('',(#68040));
#68060=SURFACE_STYLE_USAGE(.BOTH.,#68050);
#68070=PRESENTATION_STYLE_ASSIGNMENT((#68060));
#68080=CARTESIAN_POINT('',(1.961205,-14.421698,6.85));
#68090=DIRECTION('',(-1.,0.,0.));
#68100=DIRECTION('',(0.,1.,0.));
#68110=AXIS2_PLACEMENT_3D('',#68080,#68090,#68100);
#68120=PLANE('',#68110);
#68130=CARTESIAN_POINT('',(1.961205,0.,4.35));
#68140=DIRECTION('',(0.,1.,0.));
#68150=VECTOR('',#68140,1.);
#68160=LINE('',#68130,#68150);
#68170=CARTESIAN_POINT('',(1.961205,-14.121698,4.35));
#68180=VERTEX_POINT('',#68170);
#68190=EDGE_CURVE('',#68180,#51200,#68160,.T.);
#68200=ORIENTED_EDGE('',*,*,#68190,.F.);
#68210=ORIENTED_EDGE('',*,*,#51210,.T.);
#68220=ORIENTED_EDGE('',*,*,#52650,.F.);
#68230=CARTESIAN_POINT('',(1.961205,-14.121698,2.96638115310108));
#68240=DIRECTION('',(0.,0.,1.));
#68250=VECTOR('',#68240,1.);
#68260=LINE('',#68230,#68250);
#68270=EDGE_CURVE('',#52580,#68180,#68260,.T.);
#68280=ORIENTED_EDGE('',*,*,#68270,.F.);
#68290=EDGE_LOOP('',(#68280,#68220,#68210,#68200));
#68300=FACE_OUTER_BOUND('',#68290,.T.);
#68310=ADVANCED_FACE('',(#68300),#68120,.F.);
#68320=COLOUR_RGB('',0.313725501298904,0.313725501298904,
0.313725501298904);
#68330=FILL_AREA_STYLE_COLOUR('',#68320);
#68340=FILL_AREA_STYLE('',(#68330));
#68350=SURFACE_STYLE_FILL_AREA(#68340);
#68360=SURFACE_SIDE_STYLE('',(#68350));
#68370=SURFACE_STYLE_USAGE(.BOTH.,#68360);
#68380=PRESENTATION_STYLE_ASSIGNMENT((#68370));
#68390=CARTESIAN_POINT('',(3.886205,-13.846698,4.2));
#68400=DIRECTION('',(0.707106781186556,-0.707106781186539,0.));
#68410=DIRECTION('',(0.707106781186539,0.707106781186556,0.));
#68420=AXIS2_PLACEMENT_3D('',#68390,#68400,#68410);
#68430=PLANE('',#68420);
#68440=CARTESIAN_POINT('',(17.7329029999997,0.,4.35));
#68450=DIRECTION('',(0.707106781186539,0.707106781186556,0.));
#68460=VECTOR('',#68450,1.);
#68470=LINE('',#68440,#68460);
#68480=EDGE_CURVE('',#51280,#38600,#68470,.T.);
#68490=ORIENTED_EDGE('',*,*,#68480,.F.);
#68500=ORIENTED_EDGE('',*,*,#38610,.T.);
#68510=ORIENTED_EDGE('',*,*,#51940,.T.);
#68520=ORIENTED_EDGE('',*,*,#51350,.F.);
#68530=EDGE_LOOP('',(#68520,#68510,#68500,#68490));
#68540=FACE_OUTER_BOUND('',#68530,.T.);
#68550=ADVANCED_FACE('',(#68540),#68430,.T.);
#68560=COLOUR_RGB('',0.313725501298904,0.313725501298904,
0.313725501298904);
#68570=FILL_AREA_STYLE_COLOUR('',#68560);
#68580=FILL_AREA_STYLE('',(#68570));
#68590=SURFACE_STYLE_FILL_AREA(#68580);
#68600=SURFACE_SIDE_STYLE('',(#68590));
#68610=SURFACE_STYLE_USAGE(.BOTH.,#68600);
#68620=PRESENTATION_STYLE_ASSIGNMENT((#68610));
#68630=CARTESIAN_POINT('',(1.961205,-14.121698,4.35));
#68640=DIRECTION('',(-0.707106781186546,0.707106781186549,0.));
#68650=DIRECTION('',(-0.707106781186549,-0.707106781186546,0.));
#68660=AXIS2_PLACEMENT_3D('',#68630,#68640,#68650);
#68670=PLANE('',#68660);
#68680=CARTESIAN_POINT('',(-5.97759,-22.060493,4.35));
#68690=DIRECTION('',(-0.707106781186549,-0.707106781186546,0.));
#68700=VECTOR('',#68690,1.);
#68710=LINE('',#68680,#68700);
#68720=EDGE_CURVE('',#68180,#53510,#68710,.T.);
#68730=ORIENTED_EDGE('',*,*,#68720,.T.);
#68740=ORIENTED_EDGE('',*,*,#68270,.T.);
#68750=ORIENTED_EDGE('',*,*,#52590,.F.);
#68760=ORIENTED_EDGE('',*,*,#53520,.F.);
#68770=EDGE_LOOP('',(#68760,#68750,#68740,#68730));
#68780=FACE_OUTER_BOUND('',#68770,.T.);
#68790=ADVANCED_FACE('',(#68780),#68670,.F.);
#68800=COLOUR_RGB('',0.313725501298904,0.313725501298904,
0.313725501298904);
#68810=FILL_AREA_STYLE_COLOUR('',#68800);
#68820=FILL_AREA_STYLE('',(#68810));
#68830=SURFACE_STYLE_FILL_AREA(#68820);
#68840=SURFACE_SIDE_STYLE('',(#68830));
#68850=SURFACE_STYLE_USAGE(.BOTH.,#68840);
#68860=PRESENTATION_STYLE_ASSIGNMENT((#68850));
#68870=CARTESIAN_POINT('',(3.02223530670846,-14.0848748542366,4.35));
#68880=DIRECTION('',(0.,0.,-1.));
#68890=DIRECTION('',(-1.,0.,0.));
#68900=AXIS2_PLACEMENT_3D('',#68870,#68880,#68890);
#68910=PLANE('',#68900);
#68920=ORIENTED_EDGE('',*,*,#53670,.F.);
#68930=ORIENTED_EDGE('',*,*,#62110,.F.);
#68940=ORIENTED_EDGE('',*,*,#47600,.F.);
#68950=ORIENTED_EDGE('',*,*,#43610,.T.);
#68960=ORIENTED_EDGE('',*,*,#62350,.T.);
#68970=ORIENTED_EDGE('',*,*,#54300,.F.);
#68980=ORIENTED_EDGE('',*,*,#62590,.F.);
#68990=ORIENTED_EDGE('',*,*,#62970,.T.);
#69000=ORIENTED_EDGE('',*,*,#63260,.T.);
#69010=ORIENTED_EDGE('',*,*,#38690,.T.);
#69020=ORIENTED_EDGE('',*,*,#68480,.T.);
#69030=ORIENTED_EDGE('',*,*,#51290,.T.);
#69040=ORIENTED_EDGE('',*,*,#68190,.T.);
#69050=ORIENTED_EDGE('',*,*,#68720,.F.);
#69060=EDGE_LOOP('',(#69050,#69040,#69030,#69020,#69010,#69000,#68990,
#68980,#68970,#68960,#68950,#68940,#68930,#68920));
#69070=FACE_OUTER_BOUND('',#69060,.T.);
#69080=ADVANCED_FACE('',(#69070),#68910,.T.);
#69090=COLOUR_RGB('',0.313725501298904,0.313725501298904,
0.313725501298904);
#69100=FILL_AREA_STYLE_COLOUR('',#69090);
#69110=FILL_AREA_STYLE('',(#69100));
#69120=SURFACE_STYLE_FILL_AREA(#69110);
#69130=SURFACE_SIDE_STYLE('',(#69120));
#69140=SURFACE_STYLE_USAGE(.BOTH.,#69130);
#69150=PRESENTATION_STYLE_ASSIGNMENT((#69140));
#69160=CARTESIAN_POINT('',(4.361205,-16.8317338979594,7.35));
#69170=DIRECTION('',(-0.707106781186549,0.,0.707106781186546));
#69180=DIRECTION('',(-0.707106781186546,0.,-0.707106781186549));
#69190=AXIS2_PLACEMENT_3D('',#69160,#69170,#69180);
#69200=PLANE('',#69190);
#69210=ORIENTED_EDGE('',*,*,#35200,.T.);
#69220=ORIENTED_EDGE('',*,*,#53290,.T.);
#69230=ORIENTED_EDGE('',*,*,#57820,.T.);
#69240=ORIENTED_EDGE('',*,*,#44470,.F.);
#69250=EDGE_LOOP('',(#69240,#69230,#69220,#69210));
#69260=FACE_OUTER_BOUND('',#69250,.T.);
#69270=ADVANCED_FACE('',(#69260),#69200,.F.);
#69280=COLOUR_RGB('',0.313725501298904,0.313725501298904,
0.313725501298904);
#69290=FILL_AREA_STYLE_COLOUR('',#69280);
#69300=FILL_AREA_STYLE('',(#69290));
#69310=SURFACE_STYLE_FILL_AREA(#69300);
#69320=SURFACE_SIDE_STYLE('',(#69310));
#69330=SURFACE_STYLE_USAGE(.BOTH.,#69320);
#69340=PRESENTATION_STYLE_ASSIGNMENT((#69330));
#69350=CARTESIAN_POINT('',(2.161205,-16.921698,5.85));
#69360=DIRECTION('',(0.,0.,-1.));
#69370=DIRECTION('',(-1.,0.,0.));
#69380=AXIS2_PLACEMENT_3D('',#69350,#69360,#69370);
#69390=PLANE('',#69380);
#69400=ORIENTED_EDGE('',*,*,#59360,.F.);
#69410=CARTESIAN_POINT('',(-5.97759,-16.6506718120589,5.85));
#69420=DIRECTION('',(0.999961923064171,-0.00872653549837393,-0.));
#69430=VECTOR('',#69420,1.);
#69440=LINE('',#69410,#69430);
#69450=EDGE_CURVE('',#59290,#38840,#69440,.T.);
#69460=ORIENTED_EDGE('',*,*,#69450,.F.);
#69470=CARTESIAN_POINT('',(-5.97759,-16.6506718120589,5.85));
#69480=DIRECTION('',(-0.999961923064171,0.00872653549837393,0.));
#69490=VECTOR('',#69480,1.);
#69500=LINE('',#69470,#69490);
#69510=CARTESIAN_POINT('',(4.261205,-16.7400244223606,5.85));
#69520=VERTEX_POINT('',#69510);
#69530=EDGE_CURVE('',#69520,#38840,#69500,.T.);
#69540=ORIENTED_EDGE('',*,*,#69530,.T.);
#69550=CARTESIAN_POINT('',(4.261205,0.,5.85));
#69560=DIRECTION('',(0.,-1.,0.));
#69570=VECTOR('',#69560,1.);
#69580=LINE('',#69550,#69570);
#69590=EDGE_CURVE('',#69520,#35430,#69580,.T.);
#69600=ORIENTED_EDGE('',*,*,#69590,.F.);
#69610=ORIENTED_EDGE('',*,*,#35440,.F.);
#69620=EDGE_LOOP('',(#69610,#69600,#69540,#69460,#69400));
#69630=FACE_OUTER_BOUND('',#69620,.T.);
#69640=ADVANCED_FACE('',(#69630),#69390,.F.);
#69650=COLOUR_RGB('',0.313725501298904,0.313725501298904,
0.313725501298904);
#69660=FILL_AREA_STYLE_COLOUR('',#69650);
#69670=FILL_AREA_STYLE('',(#69660));
#69680=SURFACE_STYLE_FILL_AREA(#69670);
#69690=SURFACE_SIDE_STYLE('',(#69680));
#69700=SURFACE_STYLE_USAGE(.BOTH.,#69690);
#69710=PRESENTATION_STYLE_ASSIGNMENT((#69700));
#69720=CARTESIAN_POINT('',(4.46111742304759,-16.7417690316463,10.65));
#69730=DIRECTION('',(-0.00872653549837393,-0.999961923064171,0.));
#69740=DIRECTION('',(0.,0.,1.));
#69750=AXIS2_PLACEMENT_3D('',#69720,#69730,#69740);
#69760=PLANE('',#69750);
#69770=ORIENTED_EDGE('',*,*,#63730,.F.);
#69780=ORIENTED_EDGE('',*,*,#57540,.F.);
#69790=CARTESIAN_POINT('',(4.461205,-16.7417697959187,2.96638115310108))
;
#69800=DIRECTION('',(0.,0.,1.));
#69810=VECTOR('',#69800,1.);
#69820=LINE('',#69790,#69810);
#69830=CARTESIAN_POINT('',(4.461205,-16.7417697959187,5.65));
#69840=VERTEX_POINT('',#69830);
#69850=EDGE_CURVE('',#57450,#69840,#69820,.T.);
#69860=ORIENTED_EDGE('',*,*,#69850,.F.);
#69870=CARTESIAN_POINT('',(0.111205000000001,-16.7038079210289,10.));
#69880=DIRECTION('',(-0.707093318572324,0.00617070990690961,
0.707093318572324));
#69890=VECTOR('',#69880,1.);
#69900=LINE('',#69870,#69890);
#69910=EDGE_CURVE('',#69840,#69520,#69900,.T.);
#69920=ORIENTED_EDGE('',*,*,#69910,.F.);
#69930=ORIENTED_EDGE('',*,*,#69530,.F.);
#69940=ORIENTED_EDGE('',*,*,#38850,.F.);
#69950=EDGE_LOOP('',(#69940,#69930,#69920,#69860,#69780,#69770));
#69960=FACE_OUTER_BOUND('',#69950,.T.);
#69970=ADVANCED_FACE('',(#69960),#69760,.F.);
#69980=COLOUR_RGB('',0.313725501298904,0.313725501298904,
0.313725501298904);
#69990=FILL_AREA_STYLE_COLOUR('',#69980);
#70000=FILL_AREA_STYLE('',(#69990));
#70010=SURFACE_STYLE_FILL_AREA(#70000);
#70020=SURFACE_SIDE_STYLE('',(#70010));
#70030=SURFACE_STYLE_USAGE(.BOTH.,#70020);
#70040=PRESENTATION_STYLE_ASSIGNMENT((#70030));
#70050=CARTESIAN_POINT('',(4.461205,-15.7347326612075,-9.66922668864343)
);
#70060=DIRECTION('',(1.,0.,0.));
#70070=DIRECTION('',(0.,1.,0.));
#70080=AXIS2_PLACEMENT_3D('',#70050,#70060,#70070);
#70090=PLANE('',#70080);
#70100=ORIENTED_EDGE('',*,*,#35600,.F.);
#70110=CARTESIAN_POINT('',(4.461205,0.,5.65));
#70120=DIRECTION('',(0.,-1.,0.));
#70130=VECTOR('',#70120,1.);
#70140=LINE('',#70110,#70130);
#70150=EDGE_CURVE('',#69840,#35510,#70140,.T.);
#70160=ORIENTED_EDGE('',*,*,#70150,.T.);
#70170=ORIENTED_EDGE('',*,*,#69850,.T.);
#70180=ORIENTED_EDGE('',*,*,#57460,.F.);
#70190=EDGE_LOOP('',(#70180,#70170,#70160,#70100));
#70200=FACE_OUTER_BOUND('',#70190,.T.);
#70210=ADVANCED_FACE('',(#70200),#70090,.T.);
#70220=COLOUR_RGB('',0.313725501298904,0.313725501298904,
0.313725501298904);
#70230=FILL_AREA_STYLE_COLOUR('',#70220);
#70240=FILL_AREA_STYLE('',(#70230));
#70250=SURFACE_STYLE_FILL_AREA(#70240);
#70260=SURFACE_SIDE_STYLE('',(#70250));
#70270=SURFACE_STYLE_USAGE(.BOTH.,#70260);
#70280=PRESENTATION_STYLE_ASSIGNMENT((#70270));
#70290=CARTESIAN_POINT('',(4.361205,-16.8317338979594,5.75));
#70300=DIRECTION('',(-0.707106781186548,-0.,-0.707106781186548));
#70310=DIRECTION('',(0.707106781186548,0.,-0.707106781186548));
#70320=AXIS2_PLACEMENT_3D('',#70290,#70300,#70310);
#70330=PLANE('',#70320);
#70340=ORIENTED_EDGE('',*,*,#69590,.T.);
#70350=ORIENTED_EDGE('',*,*,#69910,.T.);
#70360=ORIENTED_EDGE('',*,*,#70150,.F.);
#70370=ORIENTED_EDGE('',*,*,#35520,.F.);
#70380=EDGE_LOOP('',(#70370,#70360,#70350,#70340));
#70390=FACE_OUTER_BOUND('',#70380,.T.);
#70400=ADVANCED_FACE('',(#70390),#70330,.F.);
#70410=COLOUR_RGB('',0.313725501298904,0.313725501298904,
0.313725501298904);
#70420=FILL_AREA_STYLE_COLOUR('',#70410);
#70430=FILL_AREA_STYLE('',(#70420));
#70440=SURFACE_STYLE_FILL_AREA(#70430);
#70450=SURFACE_SIDE_STYLE('',(#70440));
#70460=SURFACE_STYLE_USAGE(.BOTH.,#70450);
#70470=PRESENTATION_STYLE_ASSIGNMENT((#70460));
#70480=CARTESIAN_POINT('',(-2.688795,-18.4917004,5.3));
#70490=DIRECTION('',(0.,0.,1.));
#70500=DIRECTION('',(-1.,0.,0.));
#70510=AXIS2_PLACEMENT_3D('',#70480,#70490,#70500);
#70520=PLANE('',#70510);
#70530=ORIENTED_EDGE('',*,*,#34880,.F.);
#70540=ORIENTED_EDGE('',*,*,#59610,.T.);
#70550=ORIENTED_EDGE('',*,*,#33720,.F.);
#70560=CARTESIAN_POINT('',(-3.038795,0.,5.3));
#70570=DIRECTION('',(0.,-1.,0.));
#70580=VECTOR('',#70570,1.);
#70590=LINE('',#70560,#70580);
#70600=EDGE_CURVE('',#33630,#34870,#70590,.T.);
#70610=ORIENTED_EDGE('',*,*,#70600,.F.);
#70620=EDGE_LOOP('',(#70610,#70550,#70540,#70530));
#70630=FACE_OUTER_BOUND('',#70620,.T.);
#70640=ADVANCED_FACE('',(#70630),#70520,.F.);
#70650=COLOUR_RGB('',0.313725501298904,0.313725501298904,
0.313725501298904);
#70660=FILL_AREA_STYLE_COLOUR('',#70650);
#70670=FILL_AREA_STYLE('',(#70660));
#70680=SURFACE_STYLE_FILL_AREA(#70670);
#70690=SURFACE_SIDE_STYLE('',(#70680));
#70700=SURFACE_STYLE_USAGE(.BOTH.,#70690);
#70710=PRESENTATION_STYLE_ASSIGNMENT((#70700));
#70720=CARTESIAN_POINT('',(1.961205,-14.121698,6.85));
#70730=DIRECTION('',(-0.707106781186546,0.707106781186549,0.));
#70740=DIRECTION('',(-0.707106781186549,-0.707106781186546,0.));
#70750=AXIS2_PLACEMENT_3D('',#70720,#70730,#70740);
#70760=PLANE('',#70750);
#70770=CARTESIAN_POINT('',(-5.97759,-22.060493,6.85));
#70780=DIRECTION('',(-0.707106781186549,-0.707106781186546,0.));
#70790=VECTOR('',#70780,1.);
#70800=LINE('',#70770,#70790);
#70810=CARTESIAN_POINT('',(1.961205,-14.121698,6.85));
#70820=VERTEX_POINT('',#70810);
#70830=EDGE_CURVE('',#70820,#67800,#70800,.T.);
#70840=ORIENTED_EDGE('',*,*,#70830,.T.);
#70850=CARTESIAN_POINT('',(1.961205,-14.121698,0.466381153101082));
#70860=DIRECTION('',(0.,0.,1.));
#70870=VECTOR('',#70860,1.);
#70880=LINE('',#70850,#70870);
#70890=EDGE_CURVE('',#66500,#70820,#70880,.T.);
#70900=ORIENTED_EDGE('',*,*,#70890,.T.);
#70910=ORIENTED_EDGE('',*,*,#66510,.F.);
#70920=ORIENTED_EDGE('',*,*,#67810,.F.);
#70930=EDGE_LOOP('',(#70920,#70910,#70900,#70840));
#70940=FACE_OUTER_BOUND('',#70930,.T.);
#70950=ADVANCED_FACE('',(#70940),#70760,.F.);
#70960=COLOUR_RGB('',0.313725501298904,0.313725501298904,
0.313725501298904);
#70970=FILL_AREA_STYLE_COLOUR('',#70960);
#70980=FILL_AREA_STYLE('',(#70970));
#70990=SURFACE_STYLE_FILL_AREA(#70980);
#71000=SURFACE_SIDE_STYLE('',(#70990));
#71010=SURFACE_STYLE_USAGE(.BOTH.,#71000);
#71020=PRESENTATION_STYLE_ASSIGNMENT((#71010));
#71030=CARTESIAN_POINT('',(1.461205,-14.271698,6.9));
#71040=DIRECTION('',(1.,0.,0.));
#71050=DIRECTION('',(0.,1.,0.));
#71060=AXIS2_PLACEMENT_3D('',#71030,#71040,#71050);
#71070=CONICAL_SURFACE('',#71060,0.3,0.244978663126864);
#71080=ORIENTED_EDGE('',*,*,#66880,.T.);
#71090=CARTESIAN_POINT('',(1.061205,-14.271698,6.9));
#71100=DIRECTION('',(1.,0.,0.));
#71110=DIRECTION('',(0.,1.,0.));
#71120=AXIS2_PLACEMENT_3D('',#71090,#71100,#71110);
#71130=CIRCLE('',#71120,0.2);
#71140=CARTESIAN_POINT('',(1.061205,-14.071698,6.9));
#71150=VERTEX_POINT('',#71140);
#71160=EDGE_CURVE('',#71150,#66870,#71130,.T.);
#71170=ORIENTED_EDGE('',*,*,#71160,.T.);
#71180=CARTESIAN_POINT('',(1.461205,-13.971698,6.9));
#71190=DIRECTION('',(-0.970142500145332,-0.242535625036333,0.));
#71200=VECTOR('',#71190,1.);
#71210=LINE('',#71180,#71200);
#71220=EDGE_CURVE('',#26230,#71150,#71210,.T.);
#71230=ORIENTED_EDGE('',*,*,#71220,.T.);
#71240=ORIENTED_EDGE('',*,*,#26240,.T.);
#71250=EDGE_LOOP('',(#71240,#71230,#71170,#71080));
#71260=FACE_OUTER_BOUND('',#71250,.T.);
#71270=ADVANCED_FACE('',(#71260),#71070,.T.);
#71280=COLOUR_RGB('',0.313725501298904,0.313725501298904,
0.313725501298904);
#71290=FILL_AREA_STYLE_COLOUR('',#71280);
#71300=FILL_AREA_STYLE('',(#71290));
#71310=SURFACE_STYLE_FILL_AREA(#71300);
#71320=SURFACE_SIDE_STYLE('',(#71310));
#71330=SURFACE_STYLE_USAGE(.BOTH.,#71320);
#71340=PRESENTATION_STYLE_ASSIGNMENT((#71330));
#71350=CARTESIAN_POINT('',(1.261205,-14.021698,6.55));
#71360=DIRECTION('',(0.242535625036333,-0.970142500145332,0.));
#71370=DIRECTION('',(0.970142500145332,0.242535625036333,0.));
#71380=AXIS2_PLACEMENT_3D('',#71350,#71360,#71370);
#71390=PLANE('',#71380);
#71400=ORIENTED_EDGE('',*,*,#61310,.T.);
#71410=ORIENTED_EDGE('',*,*,#26320,.F.);
#71420=ORIENTED_EDGE('',*,*,#71220,.F.);
#71430=CARTESIAN_POINT('',(1.061205,-14.071698,7.5));
#71440=DIRECTION('',(0.,0.,-1.));
#71450=VECTOR('',#71440,1.);
#71460=LINE('',#71430,#71450);
#71470=EDGE_CURVE('',#71150,#61300,#71460,.T.);
#71480=ORIENTED_EDGE('',*,*,#71470,.F.);
#71490=EDGE_LOOP('',(#71480,#71420,#71410,#71400));
#71500=FACE_OUTER_BOUND('',#71490,.T.);
#71510=ADVANCED_FACE('',(#71500),#71390,.F.);
#71520=COLOUR_RGB('',0.313725501298904,0.313725501298904,
0.313725501298904);
#71530=FILL_AREA_STYLE_COLOUR('',#71520);
#71540=FILL_AREA_STYLE('',(#71530));
#71550=SURFACE_STYLE_FILL_AREA(#71540);
#71560=SURFACE_SIDE_STYLE('',(#71550));
#71570=SURFACE_STYLE_USAGE(.BOTH.,#71560);
#71580=PRESENTATION_STYLE_ASSIGNMENT((#71570));
#71590=CARTESIAN_POINT('',(1.061205,-13.2712843797912,6.6220477828719));
#71600=DIRECTION('',(-1.,0.,0.));
#71610=DIRECTION('',(0.,-1.,0.));
#71620=AXIS2_PLACEMENT_3D('',#71590,#71600,#71610);
#71630=PLANE('',#71620);
#71640=ORIENTED_EDGE('',*,*,#71160,.F.);
#71650=ORIENTED_EDGE('',*,*,#67030,.T.);
#71660=CARTESIAN_POINT('',(1.061205,-15.171698,6.9));
#71670=DIRECTION('',(1.,0.,0.));
#71680=DIRECTION('',(0.,1.,0.));
#71690=AXIS2_PLACEMENT_3D('',#71660,#71670,#71680);
#71700=CIRCLE('',#71690,0.2);
#71710=EDGE_CURVE('',#66960,#65070,#71700,.T.);
#71720=ORIENTED_EDGE('',*,*,#71710,.F.);
#71730=ORIENTED_EDGE('',*,*,#65160,.T.);
#71740=ORIENTED_EDGE('',*,*,#60410,.F.);
#71750=ORIENTED_EDGE('',*,*,#60790,.T.);
#71760=ORIENTED_EDGE('',*,*,#61380,.F.);
#71770=ORIENTED_EDGE('',*,*,#71470,.T.);
#71780=EDGE_LOOP('',(#71770,#71760,#71750,#71740,#71730,#71720,#71650,
#71640));
#71790=FACE_OUTER_BOUND('',#71780,.T.);
#71800=ORIENTED_EDGE('',*,*,#66350,.F.);
#71810=CARTESIAN_POINT('',(1.061205,-15.121698,7.5));
#71820=DIRECTION('',(0.,0.,1.));
#71830=VECTOR('',#71820,1.);
#71840=LINE('',#71810,#71830);
#71850=CARTESIAN_POINT('',(1.061205,-15.121698,6.85));
#71860=VERTEX_POINT('',#71850);
#71870=EDGE_CURVE('',#66260,#71860,#71840,.T.);
#71880=ORIENTED_EDGE('',*,*,#71870,.F.);
#71890=CARTESIAN_POINT('',(1.061205,0.,6.85));
#71900=DIRECTION('',(0.,1.,0.));
#71910=VECTOR('',#71900,1.);
#71920=LINE('',#71890,#71910);
#71930=EDGE_CURVE('',#71860,#67890,#71920,.T.);
#71940=ORIENTED_EDGE('',*,*,#71930,.F.);
#71950=ORIENTED_EDGE('',*,*,#67900,.F.);
#71960=EDGE_LOOP('',(#71950,#71940,#71880,#71800));
#71970=FACE_BOUND('',#71960,.T.);
#71980=ADVANCED_FACE('',(#71790,#71970),#71630,.T.);
#71990=COLOUR_RGB('',0.313725501298904,0.313725501298904,
0.313725501298904);
#72000=FILL_AREA_STYLE_COLOUR('',#71990);
#72010=FILL_AREA_STYLE('',(#72000));
#72020=SURFACE_STYLE_FILL_AREA(#72010);
#72030=SURFACE_SIDE_STYLE('',(#72020));
#72040=SURFACE_STYLE_USAGE(.BOTH.,#72030);
#72050=PRESENTATION_STYLE_ASSIGNMENT((#72040));
#72060=CARTESIAN_POINT('',(1.961205,-15.121698,6.46180339887499));
#72070=DIRECTION('',(0.,1.,0.));
#72080=DIRECTION('',(0.,0.,-1.));
#72090=AXIS2_PLACEMENT_3D('',#72060,#72070,#72080);
#72100=PLANE('',#72090);
#72110=CARTESIAN_POINT('',(-5.97759,-15.121698,6.85));
#72120=DIRECTION('',(1.,0.,0.));
#72130=VECTOR('',#72120,1.);
#72140=LINE('',#72110,#72130);
#72150=EDGE_CURVE('',#71860,#65400,#72140,.T.);
#72160=ORIENTED_EDGE('',*,*,#72150,.T.);
#72170=ORIENTED_EDGE('',*,*,#71870,.T.);
#72180=ORIENTED_EDGE('',*,*,#66270,.F.);
#72190=ORIENTED_EDGE('',*,*,#65410,.F.);
#72200=EDGE_LOOP('',(#72190,#72180,#72170,#72160));
#72210=FACE_OUTER_BOUND('',#72200,.T.);
#72220=ADVANCED_FACE('',(#72210),#72100,.T.);
#72230=COLOUR_RGB('',0.313725501298904,0.313725501298904,
0.313725501298904);
#72240=FILL_AREA_STYLE_COLOUR('',#72230);
#72250=FILL_AREA_STYLE('',(#72240));
#72260=SURFACE_STYLE_FILL_AREA(#72250);
#72270=SURFACE_SIDE_STYLE('',(#72260));
#72280=SURFACE_STYLE_USAGE(.BOTH.,#72270);
#72290=PRESENTATION_STYLE_ASSIGNMENT((#72280));
#72300=CARTESIAN_POINT('',(2.24258802945429,-14.2187429864153,6.85));
#72310=DIRECTION('',(0.,0.,-1.));
#72320=DIRECTION('',(-1.,0.,0.));
#72330=AXIS2_PLACEMENT_3D('',#72300,#72310,#72320);
#72340=PLANE('',#72330);
#72350=ORIENTED_EDGE('',*,*,#58130,.F.);
#72360=ORIENTED_EDGE('',*,*,#67330,.T.);
#72370=CARTESIAN_POINT('',(1.961205,0.,6.85));
#72380=DIRECTION('',(0.,1.,0.));
#72390=VECTOR('',#72380,1.);
#72400=LINE('',#72370,#72390);
#72410=EDGE_CURVE('',#70820,#67260,#72400,.T.);
#72420=ORIENTED_EDGE('',*,*,#72410,.T.);
#72430=ORIENTED_EDGE('',*,*,#70830,.F.);
#72440=ORIENTED_EDGE('',*,*,#67960,.T.);
#72450=ORIENTED_EDGE('',*,*,#71930,.T.);
#72460=ORIENTED_EDGE('',*,*,#72150,.F.);
#72470=ORIENTED_EDGE('',*,*,#65630,.T.);
#72480=CARTESIAN_POINT('',(1.961205,0.,6.85));
#72490=DIRECTION('',(0.,1.,0.));
#72500=VECTOR('',#72490,1.);
#72510=LINE('',#72480,#72500);
#72520=CARTESIAN_POINT('',(1.961205,-15.521698,6.85));
#72530=VERTEX_POINT('',#72520);
#72540=EDGE_CURVE('',#72530,#65560,#72510,.T.);
#72550=ORIENTED_EDGE('',*,*,#72540,.T.);
#72560=CARTESIAN_POINT('',(-5.97759,-15.521698,6.85));
#72570=DIRECTION('',(1.,0.,0.));
#72580=VECTOR('',#72570,1.);
#72590=LINE('',#72560,#72580);
#72600=CARTESIAN_POINT('',(3.411205,-15.521698,6.85));
#72610=VERTEX_POINT('',#72600);
#72620=EDGE_CURVE('',#72530,#72610,#72590,.T.);
#72630=ORIENTED_EDGE('',*,*,#72620,.F.);
#72640=CARTESIAN_POINT('',(-12.110493,0.,6.85));
#72650=DIRECTION('',(-0.707106781186548,0.707106781186548,0.));
#72660=VECTOR('',#72650,1.);
#72670=LINE('',#72640,#72660);
#72680=CARTESIAN_POINT('',(3.561205,-15.671698,6.85));
#72690=VERTEX_POINT('',#72680);
#72700=EDGE_CURVE('',#72690,#72610,#72670,.T.);
#72710=ORIENTED_EDGE('',*,*,#72700,.T.);
#72720=CARTESIAN_POINT('',(3.561205,0.,6.85));
#72730=DIRECTION('',(0.,1.,0.));
#72740=VECTOR('',#72730,1.);
#72750=LINE('',#72720,#72740);
#72760=CARTESIAN_POINT('',(3.561205,-16.7339156149071,6.85));
#72770=VERTEX_POINT('',#72760);
#72780=EDGE_CURVE('',#72770,#72690,#72750,.T.);
#72790=ORIENTED_EDGE('',*,*,#72780,.T.);
#72800=CARTESIAN_POINT('',(-5.97759,-16.6506718120589,6.85));
#72810=DIRECTION('',(-0.999961923064171,0.00872653549837393,0.));
#72820=VECTOR('',#72810,1.);
#72830=LINE('',#72800,#72820);
#72840=EDGE_CURVE('',#39120,#72770,#72830,.T.);
#72850=ORIENTED_EDGE('',*,*,#72840,.T.);
#72860=ORIENTED_EDGE('',*,*,#39130,.F.);
#72870=EDGE_LOOP('',(#72860,#72850,#72790,#72710,#72630,#72550,#72470,
#72460,#72450,#72440,#72430,#72420,#72360,#72350));
#72880=FACE_OUTER_BOUND('',#72870,.T.);
#72890=ADVANCED_FACE('',(#72880),#72340,.T.);
#72900=COLOUR_RGB('',0.313725501298904,0.313725501298904,
0.313725501298904);
#72910=FILL_AREA_STYLE_COLOUR('',#72900);
#72920=FILL_AREA_STYLE('',(#72910));
#72930=SURFACE_STYLE_FILL_AREA(#72920);
#72940=SURFACE_SIDE_STYLE('',(#72930));
#72950=SURFACE_STYLE_USAGE(.BOTH.,#72940);
#72960=PRESENTATION_STYLE_ASSIGNMENT((#72950));
#72970=CARTESIAN_POINT('',(1.961205,-14.421698,6.85));
#72980=DIRECTION('',(-1.,0.,0.));
#72990=DIRECTION('',(0.,1.,0.));
#73000=AXIS2_PLACEMENT_3D('',#72970,#72980,#72990);
#73010=PLANE('',#73000);
#73020=ORIENTED_EDGE('',*,*,#66180,.F.);
#73030=CARTESIAN_POINT('',(1.961205,-15.521698,7.5));
#73040=DIRECTION('',(0.,0.,-1.));
#73050=VECTOR('',#73040,1.);
#73060=LINE('',#73030,#73050);
#73070=EDGE_CURVE('',#72530,#66110,#73060,.T.);
#73080=ORIENTED_EDGE('',*,*,#73070,.T.);
#73090=ORIENTED_EDGE('',*,*,#72540,.F.);
#73100=ORIENTED_EDGE('',*,*,#65570,.F.);
#73110=EDGE_LOOP('',(#73100,#73090,#73080,#73020));
#73120=FACE_OUTER_BOUND('',#73110,.T.);
#73130=ADVANCED_FACE('',(#73120),#73010,.F.);
#73140=COLOUR_RGB('',0.313725501298904,0.313725501298904,
0.313725501298904);
#73150=FILL_AREA_STYLE_COLOUR('',#73140);
#73160=FILL_AREA_STYLE('',(#73150));
#73170=SURFACE_STYLE_FILL_AREA(#73160);
#73180=SURFACE_SIDE_STYLE('',(#73170));
#73190=SURFACE_STYLE_USAGE(.BOTH.,#73180);
#73200=PRESENTATION_STYLE_ASSIGNMENT((#73190));
#73210=CARTESIAN_POINT('',(2.8493642198263,-15.521698,6.1419976));
#73220=DIRECTION('',(-0.,1.,0.));
#73230=DIRECTION('',(1.,0.,0.));
#73240=AXIS2_PLACEMENT_3D('',#73210,#73220,#73230);
#73250=PLANE('',#73240);
#73260=ORIENTED_EDGE('',*,*,#66120,.T.);
#73270=CARTESIAN_POINT('',(3.411205,-15.521698,7.5));
#73280=DIRECTION('',(0.,0.,1.));
#73290=VECTOR('',#73280,1.);
#73300=LINE('',#73270,#73290);
#73310=EDGE_CURVE('',#66030,#72610,#73300,.T.);
#73320=ORIENTED_EDGE('',*,*,#73310,.F.);
#73330=ORIENTED_EDGE('',*,*,#72620,.T.);
#73340=ORIENTED_EDGE('',*,*,#73070,.F.);
#73350=EDGE_LOOP('',(#73340,#73330,#73320,#73260));
#73360=FACE_OUTER_BOUND('',#73350,.T.);
#73370=ADVANCED_FACE('',(#73360),#73250,.T.);
#73380=COLOUR_RGB('',0.313725501298904,0.313725501298904,
0.313725501298904);
#73390=FILL_AREA_STYLE_COLOUR('',#73380);
#73400=FILL_AREA_STYLE('',(#73390));
#73410=SURFACE_STYLE_FILL_AREA(#73400);
#73420=SURFACE_SIDE_STYLE('',(#73410));
#73430=SURFACE_STYLE_USAGE(.BOTH.,#73420);
#73440=PRESENTATION_STYLE_ASSIGNMENT((#73430));
#73450=CARTESIAN_POINT('',(3.486205,-15.596698,6.4));
#73460=DIRECTION('',(-0.707106781186548,-0.707106781186548,-0.));
#73470=DIRECTION('',(-0.707106781186548,0.707106781186548,0.));
#73480=AXIS2_PLACEMENT_3D('',#73450,#73460,#73470);
#73490=PLANE('',#73480);
#73500=ORIENTED_EDGE('',*,*,#72700,.F.);
#73510=ORIENTED_EDGE('',*,*,#73310,.T.);
#73520=ORIENTED_EDGE('',*,*,#66040,.T.);
#73530=CARTESIAN_POINT('',(3.561205,-15.671698,7.5));
#73540=DIRECTION('',(0.,0.,1.));
#73550=VECTOR('',#73540,1.);
#73560=LINE('',#73530,#73550);
#73570=EDGE_CURVE('',#65950,#72690,#73560,.T.);
#73580=ORIENTED_EDGE('',*,*,#73570,.F.);
#73590=EDGE_LOOP('',(#73580,#73520,#73510,#73500));
#73600=FACE_OUTER_BOUND('',#73590,.T.);
#73610=ADVANCED_FACE('',(#73600),#73490,.F.);
#73620=COLOUR_RGB('',0.313725501298904,0.313725501298904,
0.313725501298904);
#73630=FILL_AREA_STYLE_COLOUR('',#73620);
#73640=FILL_AREA_STYLE('',(#73630));
#73650=SURFACE_STYLE_FILL_AREA(#73640);
#73660=SURFACE_SIDE_STYLE('',(#73650));
#73670=SURFACE_STYLE_USAGE(.BOTH.,#73660);
#73680=PRESENTATION_STYLE_ASSIGNMENT((#73670));
#73690=CARTESIAN_POINT('',(3.561205,-16.2702261374238,9.35));
#73700=DIRECTION('',(-1.,0.,0.));
#73710=DIRECTION('',(0.,1.,0.));
#73720=AXIS2_PLACEMENT_3D('',#73690,#73700,#73710);
#73730=PLANE('',#73720);
#73740=ORIENTED_EDGE('',*,*,#72780,.F.);
#73750=ORIENTED_EDGE('',*,*,#73570,.T.);
#73760=ORIENTED_EDGE('',*,*,#65960,.F.);
#73770=CARTESIAN_POINT('',(3.561205,-16.7339156149071,7.5));
#73780=DIRECTION('',(0.,0.,1.));
#73790=VECTOR('',#73780,1.);
#73800=LINE('',#73770,#73790);
#73810=EDGE_CURVE('',#65870,#72770,#73800,.T.);
#73820=ORIENTED_EDGE('',*,*,#73810,.F.);
#73830=EDGE_LOOP('',(#73820,#73760,#73750,#73740));
#73840=FACE_OUTER_BOUND('',#73830,.T.);
#73850=ADVANCED_FACE('',(#73840),#73730,.F.);
#73860=COLOUR_RGB('',0.313725501298904,0.313725501298904,
0.313725501298904);
#73870=FILL_AREA_STYLE_COLOUR('',#73860);
#73880=FILL_AREA_STYLE('',(#73870));
#73890=SURFACE_STYLE_FILL_AREA(#73880);
#73900=SURFACE_SIDE_STYLE('',(#73890));
#73910=SURFACE_STYLE_USAGE(.BOTH.,#73900);
#73920=PRESENTATION_STYLE_ASSIGNMENT((#73910));
#73930=ORIENTED_EDGE('',*,*,#65880,.F.);
#73940=ORIENTED_EDGE('',*,*,#38890,.T.);
#73950=ORIENTED_EDGE('',*,*,#69450,.T.);
#73960=ORIENTED_EDGE('',*,*,#59300,.T.);
#73970=ORIENTED_EDGE('',*,*,#44610,.T.);
#73980=ORIENTED_EDGE('',*,*,#39210,.F.);
#73990=ORIENTED_EDGE('',*,*,#72840,.F.);
#74000=ORIENTED_EDGE('',*,*,#73810,.T.);
#74010=EDGE_LOOP('',(#74000,#73990,#73980,#73970,#73960,#73950,#73940,
#73930));
#74020=FACE_OUTER_BOUND('',#74010,.T.);
#74030=ADVANCED_FACE('',(#74020),#57760,.T.);
#74040=COLOUR_RGB('',0.313725501298904,0.313725501298904,
0.313725501298904);
#74050=FILL_AREA_STYLE_COLOUR('',#74040);
#74060=FILL_AREA_STYLE('',(#74050));
#74070=SURFACE_STYLE_FILL_AREA(#74060);
#74080=SURFACE_SIDE_STYLE('',(#74070));
#74090=SURFACE_STYLE_USAGE(.BOTH.,#74080);
#74100=PRESENTATION_STYLE_ASSIGNMENT((#74090));
#74110=CARTESIAN_POINT('',(1.961205,-14.421698,6.85));
#74120=DIRECTION('',(-1.,0.,0.));
#74130=DIRECTION('',(0.,1.,0.));
#74140=AXIS2_PLACEMENT_3D('',#74110,#74120,#74130);
#74150=PLANE('',#74140);
#74160=ORIENTED_EDGE('',*,*,#72410,.F.);
#74170=ORIENTED_EDGE('',*,*,#67270,.T.);
#74180=ORIENTED_EDGE('',*,*,#66590,.F.);
#74190=ORIENTED_EDGE('',*,*,#70890,.F.);
#74200=EDGE_LOOP('',(#74190,#74180,#74170,#74160));
#74210=FACE_OUTER_BOUND('',#74200,.T.);
#74220=ADVANCED_FACE('',(#74210),#74150,.F.);
#74230=COLOUR_RGB('',0.313725501298904,0.313725501298904,
0.313725501298904);
#74240=FILL_AREA_STYLE_COLOUR('',#74230);
#74250=FILL_AREA_STYLE('',(#74240));
#74260=SURFACE_STYLE_FILL_AREA(#74250);
#74270=SURFACE_SIDE_STYLE('',(#74260));
#74280=SURFACE_STYLE_USAGE(.BOTH.,#74270);
#74290=PRESENTATION_STYLE_ASSIGNMENT((#74280));
#74300=CARTESIAN_POINT('',(-3.038795,-15.133830034356,-0.294635452529208
));
#74310=DIRECTION('',(-1.,0.,0.));
#74320=DIRECTION('',(0.,0.,1.));
#74330=AXIS2_PLACEMENT_3D('',#74300,#74310,#74320);
#74340=PLANE('',#74330);
#74350=CARTESIAN_POINT('',(-3.038795,0.,8.65));
#74360=DIRECTION('',(0.,-1.,0.));
#74370=VECTOR('',#74360,1.);
#74380=LINE('',#74350,#74370);
#74390=CARTESIAN_POINT('',(-3.03879499999999,-13.3459620687119,8.65));
#74400=VERTEX_POINT('',#74390);
#74410=CARTESIAN_POINT('',(-3.038795,-16.921698,8.65));
#74420=VERTEX_POINT('',#74410);
#74430=EDGE_CURVE('',#74400,#74420,#74380,.T.);
#74440=ORIENTED_EDGE('',*,*,#74430,.F.);
#74450=CARTESIAN_POINT('',(-3.038795,-16.921698,8.35));
#74460=DIRECTION('',(1.,0.,0.));
#74470=DIRECTION('',(0.,1.,0.));
#74480=AXIS2_PLACEMENT_3D('',#74450,#74460,#74470);
#74490=CIRCLE('',#74480,0.3);
#74500=EDGE_CURVE('',#74420,#34950,#74490,.T.);
#74510=ORIENTED_EDGE('',*,*,#74500,.F.);
#74520=ORIENTED_EDGE('',*,*,#34960,.T.);
#74530=ORIENTED_EDGE('',*,*,#70600,.T.);
#74540=ORIENTED_EDGE('',*,*,#33640,.F.);
#74550=CARTESIAN_POINT('',(-3.038795,-16.6609650972198,8.03926709721984)
);
#74560=DIRECTION('',(-1.,0.,0.));
#74570=DIRECTION('',(-0.,-0.707106781186795,0.7071067811863));
#74580=AXIS2_PLACEMENT_3D('',#74550,#74560,#74570);
#74590=ELLIPSE('',#74580,0.100007615532162,0.1);
#74600=CARTESIAN_POINT('',(-3.038795,-16.660972712752,8.13927090505841))
;
#74610=VERTEX_POINT('',#74600);
#74620=EDGE_CURVE('',#33550,#74610,#74590,.T.);
#74630=ORIENTED_EDGE('',*,*,#74620,.F.);
#74640=CARTESIAN_POINT('',(-3.038795,0.,8.13927090505841));
#74650=DIRECTION('',(0.,1.,0.));
#74660=VECTOR('',#74650,1.);
#74670=LINE('',#74640,#74660);
#74680=CARTESIAN_POINT('',(-3.038795,-13.5324499402332,8.13927090505842)
);
#74690=VERTEX_POINT('',#74680);
#74700=EDGE_CURVE('',#74610,#74690,#74670,.T.);
#74710=ORIENTED_EDGE('',*,*,#74700,.F.);
#74720=CARTESIAN_POINT('',(-3.038795,0.,-5.39317903517478));
#74730=DIRECTION('',(-0.,-0.707106781186548,0.707106781186547));
#74740=VECTOR('',#74730,1.);
#74750=LINE('',#74720,#74740);
#74760=CARTESIAN_POINT('',(-3.038795,-13.4735011533278,8.08032211815306)
);
#74770=VERTEX_POINT('',#74760);
#74780=EDGE_CURVE('',#74770,#74690,#74750,.T.);
#74790=ORIENTED_EDGE('',*,*,#74780,.T.);
#74800=CARTESIAN_POINT('',(-3.038795,-12.5449213047034,8.32677669529664)
);
#74810=DIRECTION('',(1.,0.,0.));
#74820=DIRECTION('',(0.,0.,-1.));
#74830=AXIS2_PLACEMENT_3D('',#74800,#74810,#74820);
#74840=CIRCLE('',#74830,0.960729094941585);
#74850=CARTESIAN_POINT('',(-3.038795,-12.7913758818468,7.39819684667202)
);
#74860=VERTEX_POINT('',#74850);
#74870=EDGE_CURVE('',#74770,#74860,#74840,.T.);
#74880=ORIENTED_EDGE('',*,*,#74870,.F.);
#74890=CARTESIAN_POINT('',(-3.038795,0.,-5.39317903517478));
#74900=DIRECTION('',(-0.,-0.707106781186548,0.707106781186547));
#74910=VECTOR('',#74900,1.);
#74920=LINE('',#74890,#74910);
#74930=EDGE_CURVE('',#18110,#74860,#74920,.T.);
#74940=ORIENTED_EDGE('',*,*,#74930,.T.);
#74950=ORIENTED_EDGE('',*,*,#18120,.T.);
#74960=CARTESIAN_POINT('',(-3.038795,0.,5.3));
#74970=DIRECTION('',(0.,1.,0.));
#74980=VECTOR('',#74970,1.);
#74990=LINE('',#74960,#74980);
#75000=EDGE_CURVE('',#18030,#29960,#74990,.T.);
#75010=ORIENTED_EDGE('',*,*,#75000,.F.);
#75020=ORIENTED_EDGE('',*,*,#29970,.T.);
#75030=ORIENTED_EDGE('',*,*,#58670,.F.);
#75040=CARTESIAN_POINT('',(-3.038795,-12.071698,7.5));
#75050=DIRECTION('',(-0.,-0.707106781186548,0.707106781186548));
#75060=VECTOR('',#75050,1.);
#75070=LINE('',#75040,#75060);
#75080=CARTESIAN_POINT('',(-3.038795,-13.133830034356,8.56213203435597))
;
#75090=VERTEX_POINT('',#75080);
#75100=EDGE_CURVE('',#58590,#75090,#75070,.T.);
#75110=ORIENTED_EDGE('',*,*,#75100,.F.);
#75120=CARTESIAN_POINT('',(-3.038795,-13.3459620687119,8.35));
#75130=DIRECTION('',(1.,0.,0.));
#75140=DIRECTION('',(0.,1.,0.));
#75150=AXIS2_PLACEMENT_3D('',#75120,#75130,#75140);
#75160=CIRCLE('',#75150,0.3);
#75170=EDGE_CURVE('',#75090,#74400,#75160,.T.);
#75180=ORIENTED_EDGE('',*,*,#75170,.F.);
#75190=EDGE_LOOP('',(#75180,#75110,#75030,#75020,#75010,#74950,#74940,
#74880,#74790,#74710,#74630,#74540,#74530,#74520,#74510,#74440));
#75200=FACE_OUTER_BOUND('',#75190,.T.);
#75210=ADVANCED_FACE('',(#75200),#74340,.T.);
#75220=COLOUR_RGB('',0.313725501298904,0.313725501298904,
0.313725501298904);
#75230=FILL_AREA_STYLE_COLOUR('',#75220);
#75240=FILL_AREA_STYLE('',(#75230));
#75250=SURFACE_STYLE_FILL_AREA(#75240);
#75260=SURFACE_SIDE_STYLE('',(#75250));
#75270=SURFACE_STYLE_USAGE(.BOTH.,#75260);
#75280=PRESENTATION_STYLE_ASSIGNMENT((#75270));
#75290=CARTESIAN_POINT('',(-1.03879499999999,-15.621698,-1.6500024));
#75300=DIRECTION('',(-0.,-1.,-0.));
#75310=DIRECTION('',(-1.,0.,0.));
#75320=AXIS2_PLACEMENT_3D('',#75290,#75300,#75310);
#75330=PLANE('',#75320);
#75340=CARTESIAN_POINT('',(-0.938795000000001,-15.621698,7.5));
#75350=DIRECTION('',(0.,0.,1.));
#75360=VECTOR('',#75350,1.);
#75370=LINE('',#75340,#75360);
#75380=CARTESIAN_POINT('',(-0.938795000000001,-15.621698,
8.12094448269782));
#75390=VERTEX_POINT('',#75380);
#75400=CARTESIAN_POINT('',(-0.938795000000001,-15.621698,8.65));
#75410=VERTEX_POINT('',#75400);
#75420=EDGE_CURVE('',#75390,#75410,#75370,.T.);
#75430=ORIENTED_EDGE('',*,*,#75420,.F.);
#75440=CARTESIAN_POINT('',(-5.97759,-15.621698,8.65));
#75450=DIRECTION('',(-1.,0.,0.));
#75460=VECTOR('',#75450,1.);
#75470=LINE('',#75440,#75460);
#75480=CARTESIAN_POINT('',(-1.838795,-15.621698,8.65));
#75490=VERTEX_POINT('',#75480);
#75500=EDGE_CURVE('',#75410,#75490,#75470,.T.);
#75510=ORIENTED_EDGE('',*,*,#75500,.F.);
#75520=CARTESIAN_POINT('',(-1.838795,-15.621698,7.5));
#75530=DIRECTION('',(0.,0.,1.));
#75540=VECTOR('',#75530,1.);
#75550=LINE('',#75520,#75540);
#75560=CARTESIAN_POINT('',(-1.838795,-15.621698,8.1287986637095));
#75570=VERTEX_POINT('',#75560);
#75580=EDGE_CURVE('',#75570,#75490,#75550,.T.);
#75590=ORIENTED_EDGE('',*,*,#75580,.T.);
#75600=CARTESIAN_POINT('',(-5.97759,-15.621698,8.16491738048756));
#75610=DIRECTION('',(-0.999961923064171,0.,0.00872653549837393));
#75620=VECTOR('',#75610,1.);
#75630=LINE('',#75600,#75620);
#75640=EDGE_CURVE('',#75390,#75570,#75630,.T.);
#75650=ORIENTED_EDGE('',*,*,#75640,.T.);
#75660=EDGE_LOOP('',(#75650,#75590,#75510,#75430));
#75670=FACE_OUTER_BOUND('',#75660,.T.);
#75680=ADVANCED_FACE('',(#75670),#75330,.F.);
#75690=COLOUR_RGB('',0.313725501298904,0.313725501298904,
0.313725501298904);
#75700=FILL_AREA_STYLE_COLOUR('',#75690);
#75710=FILL_AREA_STYLE('',(#75700));
#75720=SURFACE_STYLE_FILL_AREA(#75710);
#75730=SURFACE_SIDE_STYLE('',(#75720));
#75740=SURFACE_STYLE_USAGE(.BOTH.,#75730);
#75750=PRESENTATION_STYLE_ASSIGNMENT((#75740));
#75760=CARTESIAN_POINT('',(-1.838795,-13.821698,10.8300024));
#75770=DIRECTION('',(-1.,0.,0.));
#75780=DIRECTION('',(0.,-1.,0.));
#75790=AXIS2_PLACEMENT_3D('',#75760,#75770,#75780);
#75800=PLANE('',#75790);
#75810=CARTESIAN_POINT('',(-1.838795,0.,8.65));
#75820=DIRECTION('',(0.,-1.,0.));
#75830=VECTOR('',#75820,1.);
#75840=LINE('',#75810,#75830);
#75850=CARTESIAN_POINT('',(-1.838795,-14.571698,8.65));
#75860=VERTEX_POINT('',#75850);
#75870=EDGE_CURVE('',#75860,#75490,#75840,.T.);
#75880=ORIENTED_EDGE('',*,*,#75870,.T.);
#75890=CARTESIAN_POINT('',(-1.838795,-14.571698,7.5));
#75900=DIRECTION('',(0.,0.,-1.));
#75910=VECTOR('',#75900,1.);
#75920=LINE('',#75890,#75910);
#75930=CARTESIAN_POINT('',(-1.838795,-14.571698,8.1287986637095));
#75940=VERTEX_POINT('',#75930);
#75950=EDGE_CURVE('',#75860,#75940,#75920,.T.);
#75960=ORIENTED_EDGE('',*,*,#75950,.F.);
#75970=CARTESIAN_POINT('',(-1.838795,0.,8.1287986637095));
#75980=DIRECTION('',(0.,1.,0.));
#75990=VECTOR('',#75980,1.);
#76000=LINE('',#75970,#75990);
#76010=EDGE_CURVE('',#75570,#75940,#76000,.T.);
#76020=ORIENTED_EDGE('',*,*,#76010,.T.);
#76030=ORIENTED_EDGE('',*,*,#75580,.F.);
#76040=EDGE_LOOP('',(#76030,#76020,#75960,#75880));
#76050=FACE_OUTER_BOUND('',#76040,.T.);
#76060=ADVANCED_FACE('',(#76050),#75800,.F.);
#76070=COLOUR_RGB('',0.313725501298904,0.313725501298904,
0.313725501298904);
#76080=FILL_AREA_STYLE_COLOUR('',#76070);
#76090=FILL_AREA_STYLE('',(#76080));
#76100=SURFACE_STYLE_FILL_AREA(#76090);
#76110=SURFACE_SIDE_STYLE('',(#76100));
#76120=SURFACE_STYLE_USAGE(.BOTH.,#76110);
#76130=PRESENTATION_STYLE_ASSIGNMENT((#76120));
#76140=CARTESIAN_POINT('',(-3.21310216637003,-14.571698,1.31512079512216
));
#76150=DIRECTION('',(0.,1.,-0.));
#76160=DIRECTION('',(-1.,0.,0.));
#76170=AXIS2_PLACEMENT_3D('',#76140,#76150,#76160);
#76180=PLANE('',#76170);
#76190=CARTESIAN_POINT('',(-5.97759,-14.571698,8.16491738048756));
#76200=DIRECTION('',(0.999961923064171,0.,-0.00872653549837393));
#76210=VECTOR('',#76200,1.);
#76220=LINE('',#76190,#76210);
#76230=CARTESIAN_POINT('',(-0.938795000000001,-14.571698,
8.12094448269782));
#76240=VERTEX_POINT('',#76230);
#76250=EDGE_CURVE('',#75940,#76240,#76220,.T.);
#76260=ORIENTED_EDGE('',*,*,#76250,.T.);
#76270=ORIENTED_EDGE('',*,*,#75950,.T.);
#76280=CARTESIAN_POINT('',(-5.97759,-14.571698,8.65));
#76290=DIRECTION('',(1.,0.,0.));
#76300=VECTOR('',#76290,1.);
#76310=LINE('',#76280,#76300);
#76320=CARTESIAN_POINT('',(-0.938795000000001,-14.571698,8.65));
#76330=VERTEX_POINT('',#76320);
#76340=EDGE_CURVE('',#75860,#76330,#76310,.T.);
#76350=ORIENTED_EDGE('',*,*,#76340,.F.);
#76360=CARTESIAN_POINT('',(-0.938795000000001,-14.571698,7.5));
#76370=DIRECTION('',(0.,0.,1.));
#76380=VECTOR('',#76370,1.);
#76390=LINE('',#76360,#76380);
#76400=EDGE_CURVE('',#76240,#76330,#76390,.T.);
#76410=ORIENTED_EDGE('',*,*,#76400,.T.);
#76420=EDGE_LOOP('',(#76410,#76350,#76270,#76260));
#76430=FACE_OUTER_BOUND('',#76420,.T.);
#76440=ADVANCED_FACE('',(#76430),#76180,.F.);
#76450=COLOUR_RGB('',0.313725501298904,0.313725501298904,
0.313725501298904);
#76460=FILL_AREA_STYLE_COLOUR('',#76450);
#76470=FILL_AREA_STYLE('',(#76460));
#76480=SURFACE_STYLE_FILL_AREA(#76470);
#76490=SURFACE_SIDE_STYLE('',(#76480));
#76500=SURFACE_STYLE_USAGE(.BOTH.,#76490);
#76510=PRESENTATION_STYLE_ASSIGNMENT((#76500));
#76520=CARTESIAN_POINT('',(-3.03879499999999,-13.3459620687119,8.65));
#76530=DIRECTION('',(0.,0.,-1.));
#76540=DIRECTION('',(0.,1.,0.));
#76550=AXIS2_PLACEMENT_3D('',#76520,#76530,#76540);
#76560=PLANE('',#76550);
#76570=ORIENTED_EDGE('',*,*,#74430,.T.);
#76580=CARTESIAN_POINT('',(-3.03879499999999,-13.3459620687119,8.65));
#76590=DIRECTION('',(1.,0.,0.));
#76600=VECTOR('',#76590,1.);
#76610=LINE('',#76580,#76600);
#76620=CARTESIAN_POINT('',(-0.923900560997152,-13.3459620687129,8.65));
#76630=VERTEX_POINT('',#76620);
#76640=EDGE_CURVE('',#74400,#76630,#76610,.T.);
#76650=ORIENTED_EDGE('',*,*,#76640,.F.);
#76660=CARTESIAN_POINT('',(-0.738795000000001,-13.421698,8.65));
#76670=DIRECTION('',(0.,0.,1.));
#76680=DIRECTION('',(1.,0.,0.));
#76690=AXIS2_PLACEMENT_3D('',#76660,#76670,#76680);
#76700=CIRCLE('',#76690,0.2);
#76710=CARTESIAN_POINT('',(-0.938795000000001,-13.421698,8.65));
#76720=VERTEX_POINT('',#76710);
#76730=EDGE_CURVE('',#76630,#76720,#76700,.T.);
#76740=ORIENTED_EDGE('',*,*,#76730,.F.);
#76750=CARTESIAN_POINT('',(-0.938795000000001,0.,8.65));
#76760=DIRECTION('',(0.,1.,0.));
#76770=VECTOR('',#76760,1.);
#76780=LINE('',#76750,#76770);
#76790=EDGE_CURVE('',#76330,#76720,#76780,.T.);
#76800=ORIENTED_EDGE('',*,*,#76790,.T.);
#76810=ORIENTED_EDGE('',*,*,#76340,.T.);
#76820=ORIENTED_EDGE('',*,*,#75870,.F.);
#76830=ORIENTED_EDGE('',*,*,#75500,.T.);
#76840=CARTESIAN_POINT('',(-0.938795000000001,0.,8.65));
#76850=DIRECTION('',(0.,1.,0.));
#76860=VECTOR('',#76850,1.);
#76870=LINE('',#76840,#76860);
#76880=CARTESIAN_POINT('',(-0.938795000000001,-16.621698,8.65));
#76890=VERTEX_POINT('',#76880);
#76900=EDGE_CURVE('',#76890,#75410,#76870,.T.);
#76910=ORIENTED_EDGE('',*,*,#76900,.T.);
#76920=CARTESIAN_POINT('',(-5.97759,-16.621698,8.65));
#76930=DIRECTION('',(-1.,0.,0.));
#76940=VECTOR('',#76930,1.);
#76950=LINE('',#76920,#76940);
#76960=CARTESIAN_POINT('',(3.161205,-16.621698,8.65));
#76970=VERTEX_POINT('',#76960);
#76980=EDGE_CURVE('',#76970,#76890,#76950,.T.);
#76990=ORIENTED_EDGE('',*,*,#76980,.T.);
#77000=CARTESIAN_POINT('',(3.161205,0.,8.65));
#77010=DIRECTION('',(0.,-1.,0.));
#77020=VECTOR('',#77010,1.);
#77030=LINE('',#77000,#77020);
#77040=CARTESIAN_POINT('',(3.161205,-15.3045407124746,8.65));
#77050=VERTEX_POINT('',#77040);
#77060=EDGE_CURVE('',#77050,#76970,#77030,.T.);
#77070=ORIENTED_EDGE('',*,*,#77060,.T.);
#77080=CARTESIAN_POINT('',(2.96120500000001,-15.3045407124746,8.65));
#77090=DIRECTION('',(0.,0.,1.));
#77100=DIRECTION('',(1.,0.,0.));
#77110=AXIS2_PLACEMENT_3D('',#77080,#77090,#77100);
#77120=CIRCLE('',#77110,0.2);
#77130=CARTESIAN_POINT('',(3.10262635623731,-15.1631193562373,8.65));
#77140=VERTEX_POINT('',#77130);
#77150=EDGE_CURVE('',#77050,#77140,#77120,.T.);
#77160=ORIENTED_EDGE('',*,*,#77150,.F.);
#77170=CARTESIAN_POINT('',(-5.97759,-6.082903,8.65));
#77180=DIRECTION('',(0.707106781186548,-0.707106781186547,-0.));
#77190=VECTOR('',#77180,1.);
#77200=LINE('',#77170,#77190);
#77210=CARTESIAN_POINT('',(2.91978364376269,-14.9802766437627,8.65));
#77220=VERTEX_POINT('',#77210);
#77230=EDGE_CURVE('',#77220,#77140,#77200,.T.);
#77240=ORIENTED_EDGE('',*,*,#77230,.T.);
#77250=CARTESIAN_POINT('',(3.061205,-14.8388552875254,8.65));
#77260=DIRECTION('',(0.,0.,-1.));
#77270=DIRECTION('',(-1.,0.,0.));
#77280=AXIS2_PLACEMENT_3D('',#77250,#77260,#77270);
#77290=CIRCLE('',#77280,0.2);
#77300=CARTESIAN_POINT('',(2.861205,-14.8388552875254,8.65));
#77310=VERTEX_POINT('',#77300);
#77320=EDGE_CURVE('',#77220,#77310,#77290,.T.);
#77330=ORIENTED_EDGE('',*,*,#77320,.F.);
#77340=CARTESIAN_POINT('',(2.861205,0.,8.65));
#77350=DIRECTION('',(0.,-1.,0.));
#77360=VECTOR('',#77350,1.);
#77370=LINE('',#77340,#77360);
#77380=CARTESIAN_POINT('',(2.861205,-13.421698,8.65));
#77390=VERTEX_POINT('',#77380);
#77400=EDGE_CURVE('',#77390,#77310,#77370,.T.);
#77410=ORIENTED_EDGE('',*,*,#77400,.T.);
#77420=CARTESIAN_POINT('',(2.661205,-13.421698,8.65));
#77430=DIRECTION('',(0.,0.,1.));
#77440=DIRECTION('',(1.,0.,0.));
#77450=AXIS2_PLACEMENT_3D('',#77420,#77430,#77440);
#77460=CIRCLE('',#77450,0.2);
#77470=CARTESIAN_POINT('',(2.84631056099678,-13.3459620687119,8.65));
#77480=VERTEX_POINT('',#77470);
#77490=EDGE_CURVE('',#77390,#77480,#77460,.T.);
#77500=ORIENTED_EDGE('',*,*,#77490,.F.);
#77510=CARTESIAN_POINT('',(-5.97759,-13.3459620687119,8.65));
#77520=DIRECTION('',(-1.,0.,0.));
#77530=VECTOR('',#77520,1.);
#77540=LINE('',#77510,#77530);
#77550=CARTESIAN_POINT('',(4.461205,-13.3459620687119,8.65));
#77560=VERTEX_POINT('',#77550);
#77570=EDGE_CURVE('',#77560,#77480,#77540,.T.);
#77580=ORIENTED_EDGE('',*,*,#77570,.T.);
#77590=CARTESIAN_POINT('',(4.461205,0.,8.65));
#77600=DIRECTION('',(0.,1.,0.));
#77610=VECTOR('',#77600,1.);
#77620=LINE('',#77590,#77610);
#77630=EDGE_CURVE('',#58910,#77560,#77620,.T.);
#77640=ORIENTED_EDGE('',*,*,#77630,.T.);
#77650=ORIENTED_EDGE('',*,*,#58920,.F.);
#77660=ORIENTED_EDGE('',*,*,#39530,.F.);
#77670=ORIENTED_EDGE('',*,*,#61080,.F.);
#77680=ORIENTED_EDGE('',*,*,#52990,.T.);
#77690=CARTESIAN_POINT('',(-5.97759,-16.921698,8.65));
#77700=DIRECTION('',(1.,0.,0.));
#77710=VECTOR('',#77700,1.);
#77720=LINE('',#77690,#77710);
#77730=EDGE_CURVE('',#74420,#52900,#77720,.T.);
#77740=ORIENTED_EDGE('',*,*,#77730,.T.);
#77750=EDGE_LOOP('',(#77740,#77680,#77670,#77660,#77650,#77640,#77580,
#77500,#77410,#77330,#77240,#77160,#77070,#76990,#76910,#76830,#76820,
#76810,#76800,#76740,#76650,#76570));
#77760=FACE_OUTER_BOUND('',#77750,.T.);
#77770=ADVANCED_FACE('',(#77760),#76560,.F.);
#77780=COLOUR_RGB('',0.313725501298904,0.313725501298904,
0.313725501298904);
#77790=FILL_AREA_STYLE_COLOUR('',#77780);
#77800=FILL_AREA_STYLE('',(#77790));
#77810=SURFACE_STYLE_FILL_AREA(#77800);
#77820=SURFACE_SIDE_STYLE('',(#77810));
#77830=SURFACE_STYLE_USAGE(.BOTH.,#77820);
#77840=PRESENTATION_STYLE_ASSIGNMENT((#77830));
#77850=CARTESIAN_POINT('',(-3.03879499999999,-16.921698,8.35));
#77860=DIRECTION('',(1.,0.,0.));
#77870=DIRECTION('',(0.,1.,0.));
#77880=AXIS2_PLACEMENT_3D('',#77850,#77860,#77870);
#77890=CYLINDRICAL_SURFACE('',#77880,0.3);
#77900=ORIENTED_EDGE('',*,*,#74500,.T.);
#77910=ORIENTED_EDGE('',*,*,#77730,.F.);
#77920=ORIENTED_EDGE('',*,*,#52910,.F.);
#77930=ORIENTED_EDGE('',*,*,#35040,.T.);
#77940=EDGE_LOOP('',(#77930,#77920,#77910,#77900));
#77950=FACE_OUTER_BOUND('',#77940,.T.);
#77960=ADVANCED_FACE('',(#77950),#77890,.T.);
#77970=COLOUR_RGB('',0.313725501298904,0.313725501298904,
0.313725501298904);
#77980=FILL_AREA_STYLE_COLOUR('',#77970);
#77990=FILL_AREA_STYLE('',(#77980));
#78000=SURFACE_STYLE_FILL_AREA(#77990);
#78010=SURFACE_SIDE_STYLE('',(#78000));
#78020=SURFACE_STYLE_USAGE(.BOTH.,#78010);
#78030=PRESENTATION_STYLE_ASSIGNMENT((#78020));
#78040=CARTESIAN_POINT('',(4.461205,-15.7347326612075,0.330773311356566)
);
#78050=DIRECTION('',(1.,0.,0.));
#78060=DIRECTION('',(0.,1.,0.));
#78070=AXIS2_PLACEMENT_3D('',#78040,#78050,#78060);
#78080=PLANE('',#78070);
#78090=CARTESIAN_POINT('',(4.461205,-13.3459620687119,8.35));
#78100=DIRECTION('',(-1.,0.,0.));
#78110=DIRECTION('',(0.,-1.,0.));
#78120=AXIS2_PLACEMENT_3D('',#78090,#78100,#78110);
#78130=CIRCLE('',#78120,0.3);
#78140=CARTESIAN_POINT('',(4.461205,-13.133830034356,8.56213203435596));
#78150=VERTEX_POINT('',#78140);
#78160=EDGE_CURVE('',#77560,#78150,#78130,.T.);
#78170=ORIENTED_EDGE('',*,*,#78160,.F.);
#78180=CARTESIAN_POINT('',(4.461205,-12.071698,7.5));
#78190=DIRECTION('',(-0.,-0.707106781186548,0.707106781186548));
#78200=VECTOR('',#78190,1.);
#78210=LINE('',#78180,#78200);
#78220=EDGE_CURVE('',#58510,#78150,#78210,.T.);
#78230=ORIENTED_EDGE('',*,*,#78220,.T.);
#78240=ORIENTED_EDGE('',*,*,#58520,.T.);
#78250=ORIENTED_EDGE('',*,*,#29810,.F.);
#78260=ORIENTED_EDGE('',*,*,#67550,.T.);
#78270=ORIENTED_EDGE('',*,*,#61710,.T.);
#78280=CARTESIAN_POINT('',(4.461205,-12.7504189751771,7.5));
#78290=DIRECTION('',(-0.,-0.707106781186547,0.707106781186548));
#78300=VECTOR('',#78290,1.);
#78310=LINE('',#78280,#78300);
#78320=CARTESIAN_POINT('',(4.461205,-13.4204907710958,8.17007179591874))
;
#78330=VERTEX_POINT('',#78320);
#78340=EDGE_CURVE('',#61620,#78330,#78310,.T.);
#78350=ORIENTED_EDGE('',*,*,#78340,.F.);
#78360=CARTESIAN_POINT('',(4.461205,0.,8.17007179591874));
#78370=DIRECTION('',(0.,-1.,0.));
#78380=VECTOR('',#78370,1.);
#78390=LINE('',#78360,#78380);
#78400=EDGE_CURVE('',#78330,#58990,#78390,.T.);
#78410=ORIENTED_EDGE('',*,*,#78400,.F.);
#78420=ORIENTED_EDGE('',*,*,#59000,.F.);
#78430=ORIENTED_EDGE('',*,*,#77630,.F.);
#78440=EDGE_LOOP('',(#78430,#78420,#78410,#78350,#78270,#78260,#78250,
#78240,#78230,#78170));
#78450=FACE_OUTER_BOUND('',#78440,.T.);
#78460=ADVANCED_FACE('',(#78450),#78080,.T.);
#78470=COLOUR_RGB('',0.313725501298904,0.313725501298904,
0.313725501298904);
#78480=FILL_AREA_STYLE_COLOUR('',#78470);
#78490=FILL_AREA_STYLE('',(#78480));
#78500=SURFACE_STYLE_FILL_AREA(#78490);
#78510=SURFACE_SIDE_STYLE('',(#78500));
#78520=SURFACE_STYLE_USAGE(.BOTH.,#78510);
#78530=PRESENTATION_STYLE_ASSIGNMENT((#78520));
#78540=CARTESIAN_POINT('',(1.861205,-11.7216956,8.14738193966277));
#78550=DIRECTION('',(-0.00872653549837393,0.,0.999961923064171));
#78560=DIRECTION('',(0.999961923064171,0.,0.00872653549837393));
#78570=AXIS2_PLACEMENT_3D('',#78540,#78550,#78560);
#78580=PLANE('',#78570);
#78590=ORIENTED_EDGE('',*,*,#59060,.F.);
#78600=ORIENTED_EDGE('',*,*,#78400,.T.);
#78610=CARTESIAN_POINT('',(-5.97759,-13.4582247915154,8.07897381205891))
;
#78620=DIRECTION('',(0.999955390531953,0.00361462574224423,
0.00872647848982893));
#78630=VECTOR('',#78620,1.);
#78640=LINE('',#78610,#78630);
#78650=EDGE_CURVE('',#39680,#78330,#78640,.T.);
#78660=ORIENTED_EDGE('',*,*,#78650,.T.);
#78670=ORIENTED_EDGE('',*,*,#39690,.F.);
#78680=EDGE_LOOP('',(#78670,#78660,#78600,#78590));
#78690=FACE_OUTER_BOUND('',#78680,.T.);
#78700=ADVANCED_FACE('',(#78690),#78580,.F.);
#78710=COLOUR_RGB('',0.313725501298904,0.313725501298904,
0.313725501298904);
#78720=FILL_AREA_STYLE_COLOUR('',#78710);
#78730=FILL_AREA_STYLE('',(#78720));
#78740=SURFACE_STYLE_FILL_AREA(#78730);
#78750=SURFACE_SIDE_STYLE('',(#78740));
#78760=SURFACE_STYLE_USAGE(.BOTH.,#78750);
#78770=PRESENTATION_STYLE_ASSIGNMENT((#78760));
#78780=CARTESIAN_POINT('',(4.46111742304759,-13.0075056374175,
7.75708558139593));
#78790=DIRECTION('',(-0.00872653549837393,0.707079856727017,
0.707079856727016));
#78800=DIRECTION('',(0.,0.707106781186547,-0.707106781186548));
#78810=AXIS2_PLACEMENT_3D('',#78780,#78790,#78800);
#78820=PLANE('',#78810);
#78830=ORIENTED_EDGE('',*,*,#39770,.F.);
#78840=ORIENTED_EDGE('',*,*,#78650,.F.);
#78850=ORIENTED_EDGE('',*,*,#78340,.T.);
#78860=ORIENTED_EDGE('',*,*,#61630,.T.);
#78870=EDGE_LOOP('',(#78860,#78850,#78840,#78830));
#78880=FACE_OUTER_BOUND('',#78870,.T.);
#78890=ADVANCED_FACE('',(#78880),#78820,.F.);
#78900=COLOUR_RGB('',0.313725501298904,0.313725501298904,
0.313725501298904);
#78910=FILL_AREA_STYLE_COLOUR('',#78900);
#78920=FILL_AREA_STYLE('',(#78910));
#78930=SURFACE_STYLE_FILL_AREA(#78920);
#78940=SURFACE_SIDE_STYLE('',(#78930));
#78950=SURFACE_STYLE_USAGE(.BOTH.,#78940);
#78960=PRESENTATION_STYLE_ASSIGNMENT((#78950));
#78970=CARTESIAN_POINT('',(-3.038795,-12.221698,5.3));
#78980=DIRECTION('',(0.,0.,1.));
#78990=DIRECTION('',(-1.,0.,0.));
#79000=AXIS2_PLACEMENT_3D('',#78970,#78980,#78990);
#79010=PLANE('',#79000);
#79020=ORIENTED_EDGE('',*,*,#64850,.T.);
#79030=ORIENTED_EDGE('',*,*,#30050,.F.);
#79040=ORIENTED_EDGE('',*,*,#75000,.T.);
#79050=ORIENTED_EDGE('',*,*,#18040,.F.);
#79060=EDGE_LOOP('',(#79050,#79040,#79030,#79020));
#79070=FACE_OUTER_BOUND('',#79060,.T.);
#79080=ADVANCED_FACE('',(#79070),#79010,.F.);
#79090=COLOUR_RGB('',0.313725501298904,0.313725501298904,
0.313725501298904);
#79100=FILL_AREA_STYLE_COLOUR('',#79090);
#79110=FILL_AREA_STYLE('',(#79100));
#79120=SURFACE_STYLE_FILL_AREA(#79110);
#79130=SURFACE_SIDE_STYLE('',(#79120));
#79140=SURFACE_STYLE_USAGE(.BOTH.,#79130);
#79150=PRESENTATION_STYLE_ASSIGNMENT((#79140));
#79160=CARTESIAN_POINT('',(1.461205,-12.5449213047034,8.32677669529664))
;
#79170=DIRECTION('',(1.,0.,0.));
#79180=DIRECTION('',(0.,0.,-1.));
#79190=AXIS2_PLACEMENT_3D('',#79160,#79170,#79180);
#79200=CONICAL_SURFACE('',#79190,1.,0.00872664625997165);
#79210=ORIENTED_EDGE('',*,*,#74870,.T.);
#79220=CARTESIAN_POINT('',(-0.794030522586118,-13.3020282804032,
7.86966971959682));
#79230=DIRECTION('',(0.01234071497561,0.707052935342853,
0.707052935342854));
#79240=DIRECTION('',(-0.,-0.707106781186548,0.707106781186547));
#79250=AXIS2_PLACEMENT_3D('',#79220,#79230,#79240);
#79260=PLANE('',#79250);
#79270=CARTESIAN_POINT('',(-3.038795,-13.4735011533284,8.08032211815364)
);
#79280=CARTESIAN_POINT('',(-2.66379411652234,-13.4757455792578,
8.07602137781993));
#79290=CARTESIAN_POINT('',(-2.28879343742943,-13.4779618099652,
8.07169244588997));
#79300=CARTESIAN_POINT('',(-1.91379297456984,-13.4801490442986,
8.06733452130166));
#79310=CARTESIAN_POINT('',(-1.53879251172628,-13.4823362786319,
8.06297659671353));
#79320=CARTESIAN_POINT('',(-1.16379226509236,-13.4844945172037,
8.05858968012994));
#79330=CARTESIAN_POINT('',(-0.788792247390964,-13.4866228818733,
8.05417289364759));
#79340=CARTESIAN_POINT('',(-0.413792229712525,-13.4887512465429,
8.04975610716551));
#79350=CARTESIAN_POINT('',(-0.0387924409321199,-13.4908497379046,
8.04530945136086));
#79360=CARTESIAN_POINT('',(0.336207105122431,-13.4929173919571,
8.0408319624934));
#79370=CARTESIAN_POINT('',(0.711206651153162,-13.4949850460096,
8.03635447362623));
#79380=CARTESIAN_POINT('',(1.08620595449726,-13.4970218634458,
8.03184615236818));
#79390=CARTESIAN_POINT('',(1.46120500000032,-13.499026784299,
8.02730593903791));
#79400=B_SPLINE_CURVE_WITH_KNOTS('',3,(#79270,#79280,#79290,#79300,
#79310,#79320,#79330,#79340,#79350,#79360,#79370,#79380,#79390),
.UNSPECIFIED.,.F.,.F.,(4,3,3,3,4),(0.,1.1250966327689,2.25019297619732,
3.3752890387144,4.50038483025077),.UNSPECIFIED.);
#79410=SURFACE_CURVE('',#79400,(#79260,#79200),.CURVE_3D.);
#79420=EDGE_CURVE('',#74770,#27980,#79410,.T.);
#79430=ORIENTED_EDGE('',*,*,#79420,.F.);
#79440=ORIENTED_EDGE('',*,*,#27990,.F.);
#79450=CARTESIAN_POINT('',(1.46120499999999,-12.8443920610432,
7.37267121575179));
#79460=CARTESIAN_POINT('',(1.08620610224008,-12.8398518495012,
7.37467613581462));
#79470=CARTESIAN_POINT('',(0.711206903597529,-12.8353435295137,
7.37671295268336));
#79480=CARTESIAN_POINT('',(0.336207423010897,-12.8308660414098,
7.37878060635685));
#79490=CARTESIAN_POINT('',(-0.0387920575492445,-12.8263885533062,
7.38084826003018));
#79500=CARTESIAN_POINT('',(-0.413791820091006,-12.8219418978127,
7.38294675123514));
#79510=CARTESIAN_POINT('',(-0.788791845603678,-12.8175251112162,
7.385075115927));
#79520=CARTESIAN_POINT('',(-1.16379187109089,-12.81310832462,
7.38720348061871));
#79530=CARTESIAN_POINT('',(-1.53879215958174,-12.808721407543,
7.38936171942013));
#79540=CARTESIAN_POINT('',(-1.91379269181358,-12.8043634821331,
7.39154895414265));
#79550=CARTESIAN_POINT('',(-2.28879322401376,-12.8000055567235,
7.393736188865));
#79560=CARTESIAN_POINT('',(-2.66379399997486,-12.7956766235162,
7.39595242004437));
#79570=CARTESIAN_POINT('',(-3.03879499999999,-12.7913758818459,
7.39819684667127));
#79580=B_SPLINE_CURVE_WITH_KNOTS('',3,(#79450,#79460,#79470,#79480,
#79490,#79500,#79510,#79520,#79530,#79540,#79550,#79560,#79570),
.UNSPECIFIED.,.F.,.F.,(4,3,3,3,4),(0.,1.12509547424548,2.25019144672244,
3.37528790827093,4.50038482283506),.UNSPECIFIED.);
#79590=SURFACE_CURVE('',#79580,(#79260,#79200),.CURVE_3D.);
#79600=EDGE_CURVE('',#27890,#74860,#79590,.T.);
#79610=ORIENTED_EDGE('',*,*,#79600,.F.);
#79620=EDGE_LOOP('',(#79610,#79440,#79430,#79210));
#79630=FACE_OUTER_BOUND('',#79620,.T.);
#79640=ADVANCED_FACE('',(#79630),#79200,.T.);
#79650=COLOUR_RGB('',0.313725501298904,0.313725501298904,
0.313725501298904);
#79660=FILL_AREA_STYLE_COLOUR('',#79650);
#79670=FILL_AREA_STYLE('',(#79660));
#79680=SURFACE_STYLE_FILL_AREA(#79670);
#79690=SURFACE_SIDE_STYLE('',(#79680));
#79700=SURFACE_STYLE_USAGE(.BOTH.,#79690);
#79710=PRESENTATION_STYLE_ASSIGNMENT((#79700));
#79720=ORIENTED_EDGE('',*,*,#74780,.F.);
#79730=CARTESIAN_POINT('',(-5.97759,-13.5068034648041,8.16491738048756))
;
#79740=DIRECTION('',(-0.999923850477571,0.00872620324394422,
0.00872620324394422));
#79750=VECTOR('',#79740,1.);
#79760=LINE('',#79730,#79750);
#79770=EDGE_CURVE('',#28060,#74690,#79760,.T.);
#79780=ORIENTED_EDGE('',*,*,#79770,.T.);
#79790=ORIENTED_EDGE('',*,*,#28070,.T.);
#79800=ORIENTED_EDGE('',*,*,#79420,.T.);
#79810=EDGE_LOOP('',(#79800,#79790,#79780,#79720));
#79820=FACE_OUTER_BOUND('',#79810,.T.);
#79830=ADVANCED_FACE('',(#79820),#79260,.F.);
#79840=COLOUR_RGB('',0.313725501298904,0.313725501298904,
0.313725501298904);
#79850=FILL_AREA_STYLE_COLOUR('',#79840);
#79860=FILL_AREA_STYLE('',(#79850));
#79870=SURFACE_STYLE_FILL_AREA(#79860);
#79880=SURFACE_SIDE_STYLE('',(#79870));
#79890=SURFACE_STYLE_USAGE(.BOTH.,#79880);
#79900=PRESENTATION_STYLE_ASSIGNMENT((#79890));
#79910=CARTESIAN_POINT('',(-3.03862365378877,-12.721698,8.13926940974268
));
#79920=DIRECTION('',(-0.00872653549837393,-0.,-0.999961923064171));
#79930=DIRECTION('',(0.,-1.,0.));
#79940=AXIS2_PLACEMENT_3D('',#79910,#79920,#79930);
#79950=PLANE('',#79940);
#79960=ORIENTED_EDGE('',*,*,#76250,.F.);
#79970=CARTESIAN_POINT('',(-0.938795000000001,0.,8.12094448269782));
#79980=DIRECTION('',(0.,-1.,0.));
#79990=VECTOR('',#79980,1.);
#80000=LINE('',#79970,#79990);
#80010=EDGE_CURVE('',#76240,#75390,#80000,.T.);
#80020=ORIENTED_EDGE('',*,*,#80010,.F.);
#80030=ORIENTED_EDGE('',*,*,#75640,.F.);
#80040=ORIENTED_EDGE('',*,*,#76010,.F.);
#80050=EDGE_LOOP('',(#80040,#80030,#80020,#79960));
#80060=FACE_BOUND('',#80050,.T.);
#80070=ORIENTED_EDGE('',*,*,#28150,.T.);
#80080=ORIENTED_EDGE('',*,*,#79770,.F.);
#80090=ORIENTED_EDGE('',*,*,#74700,.T.);
#80100=CARTESIAN_POINT('',(-5.97671734645016,-16.686611572649,
8.1649097649554));
#80110=DIRECTION('',(-0.99992385047757,-0.00872620324394422,
0.00872620324394422));
#80120=VECTOR('',#80110,1.);
#80130=LINE('',#80100,#80120);
#80140=EDGE_CURVE('',#28140,#74610,#80130,.T.);
#80150=ORIENTED_EDGE('',*,*,#80140,.T.);
#80160=EDGE_LOOP('',(#80150,#80090,#80080,#80070));
#80170=FACE_OUTER_BOUND('',#80160,.T.);
#80180=ADVANCED_FACE('',(#80060,#80170),#79950,.T.);
#80190=COLOUR_RGB('',0.313725501298904,0.313725501298904,
0.313725501298904);
#80200=FILL_AREA_STYLE_COLOUR('',#80190);
#80210=FILL_AREA_STYLE('',(#80200));
#80220=SURFACE_STYLE_FILL_AREA(#80210);
#80230=SURFACE_SIDE_STYLE('',(#80220));
#80240=SURFACE_STYLE_USAGE(.BOTH.,#80230);
#80250=PRESENTATION_STYLE_ASSIGNMENT((#80240));
#80260=CARTESIAN_POINT('',(-0.938795000000001,-13.421698,8.65));
#80270=DIRECTION('',(-1.,0.,0.));
#80280=DIRECTION('',(0.,-1.,0.));
#80290=AXIS2_PLACEMENT_3D('',#80260,#80270,#80280);
#80300=PLANE('',#80290);
#80310=ORIENTED_EDGE('',*,*,#80010,.T.);
#80320=ORIENTED_EDGE('',*,*,#76400,.F.);
#80330=ORIENTED_EDGE('',*,*,#76790,.F.);
#80340=CARTESIAN_POINT('',(-0.938795000000001,-13.421698,8.7));
#80350=DIRECTION('',(0.,0.,1.));
#80360=VECTOR('',#80350,1.);
#80370=LINE('',#80340,#80360);
#80380=CARTESIAN_POINT('',(-0.938795000000001,-13.421698,9.7));
#80390=VERTEX_POINT('',#80380);
#80400=EDGE_CURVE('',#76720,#80390,#80370,.T.);
#80410=ORIENTED_EDGE('',*,*,#80400,.F.);
#80420=CARTESIAN_POINT('',(-0.938795000000001,0.,9.7));
#80430=DIRECTION('',(0.,1.,0.));
#80440=VECTOR('',#80430,1.);
#80450=LINE('',#80420,#80440);
#80460=CARTESIAN_POINT('',(-0.938795000000001,-16.221698,9.7));
#80470=VERTEX_POINT('',#80460);
#80480=EDGE_CURVE('',#80470,#80390,#80450,.T.);
#80490=ORIENTED_EDGE('',*,*,#80480,.T.);
#80500=CARTESIAN_POINT('',(-0.938795,-16.221698,7.5));
#80510=DIRECTION('',(0.,0.,1.));
#80520=VECTOR('',#80510,1.);
#80530=LINE('',#80500,#80520);
#80540=CARTESIAN_POINT('',(-0.938795000000001,-16.221698,
8.85000000000004));
#80550=VERTEX_POINT('',#80540);
#80560=EDGE_CURVE('',#80550,#80470,#80530,.T.);
#80570=ORIENTED_EDGE('',*,*,#80560,.T.);
#80580=CARTESIAN_POINT('',(-0.938795,0.,16.9608490000016));
#80590=DIRECTION('',(0.,-0.894427190999882,-0.447213595500027));
#80600=VECTOR('',#80590,1.);
#80610=LINE('',#80580,#80600);
#80620=EDGE_CURVE('',#80550,#76890,#80610,.T.);
#80630=ORIENTED_EDGE('',*,*,#80620,.F.);
#80640=ORIENTED_EDGE('',*,*,#76900,.F.);
#80650=ORIENTED_EDGE('',*,*,#75420,.T.);
#80660=EDGE_LOOP('',(#80650,#80640,#80630,#80570,#80490,#80410,#80330,
#80320,#80310));
#80670=FACE_OUTER_BOUND('',#80660,.T.);
#80680=ADVANCED_FACE('',(#80670),#80300,.T.);
#80690=COLOUR_RGB('',0.313725501298904,0.313725501298904,
0.313725501298904);
#80700=FILL_AREA_STYLE_COLOUR('',#80690);
#80710=FILL_AREA_STYLE('',(#80700));
#80720=SURFACE_STYLE_FILL_AREA(#80710);
#80730=SURFACE_SIDE_STYLE('',(#80720));
#80740=SURFACE_STYLE_USAGE(.BOTH.,#80730);
#80750=PRESENTATION_STYLE_ASSIGNMENT((#80740));
#80760=CARTESIAN_POINT('',(0.361205000000003,-13.421698,9.2));
#80770=DIRECTION('',(1.,0.,0.));
#80780=DIRECTION('',(0.,-1.,0.));
#80790=AXIS2_PLACEMENT_3D('',#80760,#80770,#80780);
#80800=PLANE('',#80790);
#80810=CARTESIAN_POINT('',(0.361205000000003,-13.3459620687119,8.35));
#80820=DIRECTION('',(1.,0.,0.));
#80830=DIRECTION('',(0.,1.,0.));
#80840=AXIS2_PLACEMENT_3D('',#80810,#80820,#80830);
#80850=CIRCLE('',#80840,0.3);
#80860=CARTESIAN_POINT('',(0.361205000000003,-13.221698,8.62305391633734
));
#80870=VERTEX_POINT('',#80860);
#80880=CARTESIAN_POINT('',(0.361205000000003,-13.3459620687119,8.65));
#80890=VERTEX_POINT('',#80880);
#80900=EDGE_CURVE('',#80870,#80890,#80850,.T.);
#80910=ORIENTED_EDGE('',*,*,#80900,.F.);
#80920=CARTESIAN_POINT('',(0.361205000000003,0.,8.65));
#80930=DIRECTION('',(0.,-1.,0.));
#80940=VECTOR('',#80930,1.);
#80950=LINE('',#80920,#80940);
#80960=CARTESIAN_POINT('',(0.361205000000003,-15.721698,8.65));
#80970=VERTEX_POINT('',#80960);
#80980=EDGE_CURVE('',#80890,#80970,#80950,.T.);
#80990=ORIENTED_EDGE('',*,*,#80980,.F.);
#81000=CARTESIAN_POINT('',(0.361205000000003,-15.721698,7.5));
#81010=DIRECTION('',(0.,0.,-1.));
#81020=VECTOR('',#81010,1.);
#81030=LINE('',#81000,#81020);
#81040=CARTESIAN_POINT('',(0.361205000000003,-15.721698,8.85000000000004
));
#81050=VERTEX_POINT('',#81040);
#81060=EDGE_CURVE('',#81050,#80970,#81030,.T.);
#81070=ORIENTED_EDGE('',*,*,#81060,.T.);
#81080=CARTESIAN_POINT('',(0.361205000000003,0.,8.85000000000004));
#81090=DIRECTION('',(0.,1.,0.));
#81100=VECTOR('',#81090,1.);
#81110=LINE('',#81080,#81100);
#81120=CARTESIAN_POINT('',(0.361205000000003,-13.221698,8.85000000000004
));
#81130=VERTEX_POINT('',#81120);
#81140=EDGE_CURVE('',#81050,#81130,#81110,.T.);
#81150=ORIENTED_EDGE('',*,*,#81140,.F.);
#81160=CARTESIAN_POINT('',(0.361205000000003,-13.221698,7.5));
#81170=DIRECTION('',(0.,0.,-1.));
#81180=VECTOR('',#81170,1.);
#81190=LINE('',#81160,#81180);
#81200=EDGE_CURVE('',#81130,#80870,#81190,.T.);
#81210=ORIENTED_EDGE('',*,*,#81200,.F.);
#81220=EDGE_LOOP('',(#81210,#81150,#81070,#80990,#80910));
#81230=FACE_OUTER_BOUND('',#81220,.T.);
#81240=ADVANCED_FACE('',(#81230),#80800,.T.);
#81250=COLOUR_RGB('',0.313725501298904,0.313725501298904,
0.313725501298904);
#81260=FILL_AREA_STYLE_COLOUR('',#81250);
#81270=FILL_AREA_STYLE('',(#81260));
#81280=SURFACE_STYLE_FILL_AREA(#81270);
#81290=SURFACE_SIDE_STYLE('',(#81280));
#81300=SURFACE_STYLE_USAGE(.BOTH.,#81290);
#81310=PRESENTATION_STYLE_ASSIGNMENT((#81300));
#81320=CARTESIAN_POINT('',(-0.388794999999996,-11.7216956,8.65));
#81330=DIRECTION('',(-1.,2.66453525910038E-15,0.));
#81340=DIRECTION('',(0.,0.,1.));
#81350=AXIS2_PLACEMENT_3D('',#81320,#81330,#81340);
#81360=PLANE('',#81350);
#81370=CARTESIAN_POINT('',(-0.388795000000007,-16.221698,8.7));
#81380=DIRECTION('',(0.,0.,1.));
#81390=VECTOR('',#81380,1.);
#81400=LINE('',#81370,#81390);
#81410=CARTESIAN_POINT('',(-0.388795000000009,-16.221698,
8.85000000000004));
#81420=VERTEX_POINT('',#81410);
#81430=CARTESIAN_POINT('',(-0.388795000000009,-16.221698,9.2));
#81440=VERTEX_POINT('',#81430);
#81450=EDGE_CURVE('',#81420,#81440,#81400,.T.);
#81460=ORIENTED_EDGE('',*,*,#81450,.F.);
#81470=CARTESIAN_POINT('',(-0.388794999999965,0.,9.2));
#81480=DIRECTION('',(-2.66453525910038E-15,-1.,0.));
#81490=VECTOR('',#81480,1.);
#81500=LINE('',#81470,#81490);
#81510=CARTESIAN_POINT('',(-0.388795000000001,-13.221698,9.2));
#81520=VERTEX_POINT('',#81510);
#81530=EDGE_CURVE('',#81520,#81440,#81500,.T.);
#81540=ORIENTED_EDGE('',*,*,#81530,.T.);
#81550=CARTESIAN_POINT('',(-0.388795,-13.221698,8.7));
#81560=DIRECTION('',(0.,0.,1.));
#81570=VECTOR('',#81560,1.);
#81580=LINE('',#81550,#81570);
#81590=CARTESIAN_POINT('',(-0.388795000000001,-13.221698,
8.85000000000004));
#81600=VERTEX_POINT('',#81590);
#81610=EDGE_CURVE('',#81600,#81520,#81580,.T.);
#81620=ORIENTED_EDGE('',*,*,#81610,.T.);
#81630=CARTESIAN_POINT('',(-0.388794999999965,0.,8.85000000000004));
#81640=DIRECTION('',(2.66453525910038E-15,1.,0.));
#81650=VECTOR('',#81640,1.);
#81660=LINE('',#81630,#81650);
#81670=EDGE_CURVE('',#81420,#81600,#81660,.T.);
#81680=ORIENTED_EDGE('',*,*,#81670,.T.);
#81690=EDGE_LOOP('',(#81680,#81620,#81540,#81460));
#81700=FACE_OUTER_BOUND('',#81690,.T.);
#81710=ADVANCED_FACE('',(#81700),#81360,.F.);
#81720=COLOUR_RGB('',0.313725501298904,0.313725501298904,
0.313725501298904);
#81730=FILL_AREA_STYLE_COLOUR('',#81720);
#81740=FILL_AREA_STYLE('',(#81730));
#81750=SURFACE_STYLE_FILL_AREA(#81740);
#81760=SURFACE_SIDE_STYLE('',(#81750));
#81770=SURFACE_STYLE_USAGE(.BOTH.,#81760);
#81780=PRESENTATION_STYLE_ASSIGNMENT((#81770));
#81790=CARTESIAN_POINT('',(-0.538795000000007,-15.321698,
8.85000000000004));
#81800=DIRECTION('',(0.,-0.,1.));
#81810=DIRECTION('',(1.,-2.66453525910038E-15,-0.));
#81820=AXIS2_PLACEMENT_3D('',#81790,#81800,#81810);
#81830=PLANE('',#81820);
#81840=CARTESIAN_POINT('',(-4.97759,-16.221698,8.85000000000004));
#81850=DIRECTION('',(-1.,0.,0.));
#81860=VECTOR('',#81850,1.);
#81870=LINE('',#81840,#81860);
#81880=CARTESIAN_POINT('',(2.31120499999996,-16.221698,8.85000000000004)
);
#81890=VERTEX_POINT('',#81880);
#81900=EDGE_CURVE('',#81890,#81420,#81870,.T.);
#81910=ORIENTED_EDGE('',*,*,#81900,.F.);
#81920=ORIENTED_EDGE('',*,*,#81670,.F.);
#81930=CARTESIAN_POINT('',(-5.97759,-13.221698,8.85000000000004));
#81940=DIRECTION('',(-1.,0.,0.));
#81950=VECTOR('',#81940,1.);
#81960=LINE('',#81930,#81950);
#81970=EDGE_CURVE('',#81130,#81600,#81960,.T.);
#81980=ORIENTED_EDGE('',*,*,#81970,.T.);
#81990=ORIENTED_EDGE('',*,*,#81140,.T.);
#82000=CARTESIAN_POINT('',(-5.97759,-15.721698,8.85000000000004));
#82010=DIRECTION('',(1.,0.,0.));
#82020=VECTOR('',#82010,1.);
#82030=LINE('',#82000,#82020);
#82040=CARTESIAN_POINT('',(1.561205,-15.721698,8.85000000000004));
#82050=VERTEX_POINT('',#82040);
#82060=EDGE_CURVE('',#81050,#82050,#82030,.T.);
#82070=ORIENTED_EDGE('',*,*,#82060,.F.);
#82080=CARTESIAN_POINT('',(1.561205,0.,8.85000000000004));
#82090=DIRECTION('',(0.,-1.,0.));
#82100=VECTOR('',#82090,1.);
#82110=LINE('',#82080,#82100);
#82120=CARTESIAN_POINT('',(1.561205,-13.221698,8.85000000000004));
#82130=VERTEX_POINT('',#82120);
#82140=EDGE_CURVE('',#82130,#82050,#82110,.T.);
#82150=ORIENTED_EDGE('',*,*,#82140,.T.);
#82160=CARTESIAN_POINT('',(-5.97759,-13.221698,8.85000000000004));
#82170=DIRECTION('',(-1.,0.,0.));
#82180=VECTOR('',#82170,1.);
#82190=LINE('',#82160,#82180);
#82200=CARTESIAN_POINT('',(2.31120499999997,-13.221698,8.85000000000004)
);
#82210=VERTEX_POINT('',#82200);
#82220=EDGE_CURVE('',#82210,#82130,#82190,.T.);
#82230=ORIENTED_EDGE('',*,*,#82220,.T.);
#82240=CARTESIAN_POINT('',(2.311205,0.,8.85000000000004));
#82250=DIRECTION('',(-2.66453525910038E-15,-1.,0.));
#82260=VECTOR('',#82250,1.);
#82270=LINE('',#82240,#82260);
#82280=EDGE_CURVE('',#82210,#81890,#82270,.T.);
#82290=ORIENTED_EDGE('',*,*,#82280,.F.);
#82300=EDGE_LOOP('',(#82290,#82230,#82150,#82070,#81990,#81980,#81920,
#81910));
#82310=FACE_OUTER_BOUND('',#82300,.T.);
#82320=ADVANCED_FACE('',(#82310),#81830,.T.);
#82330=COLOUR_RGB('',0.313725501298904,0.313725501298904,
0.313725501298904);
#82340=FILL_AREA_STYLE_COLOUR('',#82330);
#82350=FILL_AREA_STYLE('',(#82340));
#82360=SURFACE_STYLE_FILL_AREA(#82350);
#82370=SURFACE_SIDE_STYLE('',(#82360));
#82380=SURFACE_STYLE_USAGE(.BOTH.,#82370);
#82390=PRESENTATION_STYLE_ASSIGNMENT((#82380));
#82400=CARTESIAN_POINT('',(3.161205,-16.221698,9.05));
#82410=DIRECTION('',(-0.,-1.,-0.));
#82420=DIRECTION('',(-1.,0.,0.));
#82430=AXIS2_PLACEMENT_3D('',#82400,#82410,#82420);
#82440=PLANE('',#82430);
#82450=CARTESIAN_POINT('',(-4.97759,-16.221698,8.85000000000004));
#82460=DIRECTION('',(-1.,0.,0.));
#82470=VECTOR('',#82460,1.);
#82480=LINE('',#82450,#82470);
#82490=EDGE_CURVE('',#81420,#80550,#82480,.T.);
#82500=ORIENTED_EDGE('',*,*,#82490,.F.);
#82510=ORIENTED_EDGE('',*,*,#80560,.F.);
#82520=CARTESIAN_POINT('',(-0.638794999999999,-16.221698,9.7));
#82530=DIRECTION('',(-1.,0.,0.));
#82540=VECTOR('',#82530,1.);
#82550=LINE('',#82520,#82540);
#82560=CARTESIAN_POINT('',(0.211205000000002,-16.221698,9.7));
#82570=VERTEX_POINT('',#82560);
#82580=EDGE_CURVE('',#82570,#80470,#82550,.T.);
#82590=ORIENTED_EDGE('',*,*,#82580,.T.);
#82600=CARTESIAN_POINT('',(-4.97759,-16.221698,14.888795));
#82610=DIRECTION('',(0.707106781186549,0.,-0.707106781186546));
#82620=VECTOR('',#82610,1.);
#82630=LINE('',#82600,#82620);
#82640=CARTESIAN_POINT('',(0.361205000000003,-16.221698,9.55));
#82650=VERTEX_POINT('',#82640);
#82660=EDGE_CURVE('',#82570,#82650,#82630,.T.);
#82670=ORIENTED_EDGE('',*,*,#82660,.F.);
#82680=CARTESIAN_POINT('',(0.361205000000003,-16.221698,8.75));
#82690=DIRECTION('',(0.,0.,-1.));
#82700=VECTOR('',#82690,1.);
#82710=LINE('',#82680,#82700);
#82720=CARTESIAN_POINT('',(0.361205000000003,-16.221698,9.2));
#82730=VERTEX_POINT('',#82720);
#82740=EDGE_CURVE('',#82650,#82730,#82710,.T.);
#82750=ORIENTED_EDGE('',*,*,#82740,.F.);
#82760=CARTESIAN_POINT('',(-8.87759,-16.221698,9.2));
#82770=DIRECTION('',(1.,0.,0.));
#82780=VECTOR('',#82770,1.);
#82790=LINE('',#82760,#82780);
#82800=EDGE_CURVE('',#81440,#82730,#82790,.T.);
#82810=ORIENTED_EDGE('',*,*,#82800,.T.);
#82820=ORIENTED_EDGE('',*,*,#81450,.T.);
#82830=EDGE_LOOP('',(#82820,#82810,#82750,#82670,#82590,#82510,#82500));
#82840=FACE_OUTER_BOUND('',#82830,.T.);
#82850=ADVANCED_FACE('',(#82840),#82440,.T.);
#82860=COLOUR_RGB('',0.313725501298904,0.313725501298904,
0.313725501298904);
#82870=FILL_AREA_STYLE_COLOUR('',#82860);
#82880=FILL_AREA_STYLE('',(#82870));
#82890=SURFACE_STYLE_FILL_AREA(#82880);
#82900=SURFACE_SIDE_STYLE('',(#82890));
#82910=SURFACE_STYLE_USAGE(.BOTH.,#82900);
#82920=PRESENTATION_STYLE_ASSIGNMENT((#82910));
#82930=CARTESIAN_POINT('',(-3.03879499999999,-13.3459620687119,8.35));
#82940=DIRECTION('',(1.,0.,0.));
#82950=DIRECTION('',(0.,1.,0.));
#82960=AXIS2_PLACEMENT_3D('',#82930,#82940,#82950);
#82970=CYLINDRICAL_SURFACE('',#82960,0.3);
#82980=CARTESIAN_POINT('',(-3.03879499999999,-13.221698,8.62305391633734
));
#82990=DIRECTION('',(-1.,0.,0.));
#83000=VECTOR('',#82990,1.);
#83010=LINE('',#82980,#83000);
#83020=CARTESIAN_POINT('',(-0.738795000001647,-13.221698,
8.62305391633734));
#83030=VERTEX_POINT('',#83020);
#83040=EDGE_CURVE('',#80870,#83030,#83010,.T.);
#83050=ORIENTED_EDGE('',*,*,#83040,.F.);
#83060=CARTESIAN_POINT('',(-0.738795000000001,-13.421698,8.7));
#83070=DIRECTION('',(0.,0.,1.));
#83080=DIRECTION('',(1.,0.,0.));
#83090=AXIS2_PLACEMENT_3D('',#83060,#83070,#83080);
#83100=CYLINDRICAL_SURFACE('',#83090,0.2);
#83110=CARTESIAN_POINT('',(-0.738795000000001,-13.221698,
8.62305391633734));
#83120=CARTESIAN_POINT('',(-0.743741966662249,-13.221698,
8.62305391633734));
#83130=CARTESIAN_POINT('',(-0.74869455921878,-13.2218818846227,
8.62313782268764));
#83140=CARTESIAN_POINT('',(-0.753628783091251,-13.2222488614228,
8.62330393766323));
#83150=CARTESIAN_POINT('',(-0.758563488566311,-13.2226158740414,
8.6234700688524));
#83160=CARTESIAN_POINT('',(-0.763474693149837,-13.2231650332773,
8.62371797140689));
#83170=CARTESIAN_POINT('',(-0.768362664922854,-13.2238956916439,
8.62404342646646));
#83180=CARTESIAN_POINT('',(-0.77814318683518,-13.2253576927554,
8.62469464142627));
#83190=CARTESIAN_POINT('',(-0.787767956141115,-13.2275369163865,
8.62565409111092));
#83200=CARTESIAN_POINT('',(-0.797181799744135,-13.2304103066801,
8.62685337327067));
#83210=CARTESIAN_POINT('',(-0.806600170315774,-13.2332850787417,
8.62805323214626));
#83220=CARTESIAN_POINT('',(-0.815761359996573,-13.2368418479538,
8.62948672111702));
#83230=CARTESIAN_POINT('',(-0.824594268710786,-13.2410367548789,
8.63105280378793));
#83240=CARTESIAN_POINT('',(-0.83344037665975,-13.2452379303576,
8.63262122669505));
#83250=CARTESIAN_POINT('',(-0.84199754935742,-13.2501010874012,
8.63432990286545));
#83260=CARTESIAN_POINT('',(-0.850147723170273,-13.2555638041136,
8.63605620734032));
#83270=CARTESIAN_POINT('',(-0.858297905721026,-13.2610265266827,
8.63778251366599));
#83280=CARTESIAN_POINT('',(-0.8660354361379,-13.2670849220319,
8.6395240028379));
#83290=CARTESIAN_POINT('',(-0.873263039538658,-13.2736495405598,
8.64115442341177));
#83300=CARTESIAN_POINT('',(-0.880483477148218,-13.2802076506113,
8.64278322750882));
#83310=CARTESIAN_POINT('',(-0.887293144432403,-13.2873614504514,
8.64432363127234));
#83320=CARTESIAN_POINT('',(-0.893563505295545,-13.2950223915793,
8.64564361872639));
#83330=CARTESIAN_POINT('',(-0.896698102289842,-13.2988521493169,
8.64630348963275));
#83340=CARTESIAN_POINT('',(-0.899697123786302,-13.3028067260647,
8.64690808609927));
#83350=CARTESIAN_POINT('',(-0.902546412720867,-13.3068699771483,
8.64744210928714));
#83360=CARTESIAN_POINT('',(-0.905395712243524,-13.3109332433312,
8.64797613445947));
#83370=CARTESIAN_POINT('',(-0.908095033575383,-13.3151048243265,
8.64843950652487));
#83380=CARTESIAN_POINT('',(-0.910633097680993,-13.3193668308218,
8.64881883026604));
#83390=CARTESIAN_POINT('',(-0.913171192583507,-13.3236288890322,
8.64919815860993));
#83400=CARTESIAN_POINT('',(-0.915547818122159,-13.327980954864,
8.64949338981411));
#83410=CARTESIAN_POINT('',(-0.917755150251863,-13.3324048612836,
8.64969351365477));
#83420=CARTESIAN_POINT('',(-0.919961364310857,-13.3368265268803,
8.64989353612754));
#83430=CARTESIAN_POINT('',(-0.922014623960929,-13.3413526656573,8.65));
#83440=CARTESIAN_POINT('',(-0.92390056099677,-13.3459620687119,8.65));
#83450=B_SPLINE_CURVE_WITH_KNOTS('',3,(#83110,#83120,#83130,#83140,
#83150,#83160,#83170,#83180,#83190,#83200,#83210,#83220,#83230,#83240,
#83250,#83260,#83270,#83280,#83290,#83300,#83310,#83320,#83330,#83340,
#83350,#83360,#83370,#83380,#83390,#83400,#83410,#83420,#83430,#83440),
.UNSPECIFIED.,.F.,.F.,(4,3,3,3,3,3,3,3,3,3,3,4),(0.,0.0148502186527148,
0.0296983137635682,0.0594085374395314,0.0891350498731972,
0.118978415168293,0.148793856022272,0.178638775185912,0.193618975089509,
0.208571610195281,0.223457988333187,0.238350619621283),.UNSPECIFIED.);
#83460=SURFACE_CURVE('',#83450,(#82970,#83100),.CURVE_3D.);
#83470=EDGE_CURVE('',#83030,#76630,#83460,.T.);
#83480=ORIENTED_EDGE('',*,*,#83470,.F.);
#83490=ORIENTED_EDGE('',*,*,#76640,.T.);
#83500=ORIENTED_EDGE('',*,*,#75170,.T.);
#83510=CARTESIAN_POINT('',(-5.97759,-13.133830034356,8.56213203435596));
#83520=DIRECTION('',(-1.,0.,0.));
#83530=VECTOR('',#83520,1.);
#83540=LINE('',#83510,#83530);
#83550=EDGE_CURVE('',#78150,#75090,#83540,.T.);
#83560=ORIENTED_EDGE('',*,*,#83550,.T.);
#83570=ORIENTED_EDGE('',*,*,#78160,.T.);
#83580=ORIENTED_EDGE('',*,*,#77570,.F.);
#83590=CARTESIAN_POINT('',(-5.97759,-13.3459620687119,8.35));
#83600=DIRECTION('',(-1.,0.,0.));
#83610=DIRECTION('',(0.,-1.,0.));
#83620=AXIS2_PLACEMENT_3D('',#83590,#83600,#83610);
#83630=CYLINDRICAL_SURFACE('',#83620,0.3);
#83640=CARTESIAN_POINT('',(2.661205,-13.421698,8.7));
#83650=DIRECTION('',(0.,0.,1.));
#83660=DIRECTION('',(1.,0.,0.));
#83670=AXIS2_PLACEMENT_3D('',#83640,#83650,#83660);
#83680=CYLINDRICAL_SURFACE('',#83670,0.2);
#83690=CARTESIAN_POINT('',(2.84631056107675,-13.3459620689074,8.65));
#83700=CARTESIAN_POINT('',(2.8444201747856,-13.3413417914509,
8.65000000000301));
#83710=CARTESIAN_POINT('',(2.84235777116668,-13.3367957722652,
8.64989298408339));
#83720=CARTESIAN_POINT('',(2.84013680181278,-13.3323480682707,
8.64969093912227));
#83730=CARTESIAN_POINT('',(2.83791479514888,-13.3278982869635,
8.64948879979547));
#83740=CARTESIAN_POINT('',(2.83553942702859,-13.3235559239686,
8.6491923857737));
#83750=CARTESIAN_POINT('',(2.8330128783092,-13.3193161024258,
8.64881431103727));
#83760=CARTESIAN_POINT('',(2.830483700849,-13.3150718695722,
8.648435842934));
#83770=CARTESIAN_POINT('',(2.82779381209428,-13.3109160336193,
8.6479739356556));
#83780=CARTESIAN_POINT('',(2.82495322054245,-13.3068654250519,
8.64744151098077));
#83790=CARTESIAN_POINT('',(2.82211264926556,-13.3028148453961,
8.64690909010616));
#83800=CARTESIAN_POINT('',(2.8191215917532,-13.2988698299781,
8.64630621902941));
#83810=CARTESIAN_POINT('',(2.81599292492114,-13.2950461216141,
8.64564770645336));
#83820=CARTESIAN_POINT('',(2.80973470967705,-13.2873976274608,
8.6443304957489));
#83830=CARTESIAN_POINT('',(2.80292776490894,-13.280240766981,
8.6427909706638));
#83840=CARTESIAN_POINT('',(2.79569514043145,-13.2736696171583,
8.64115940899852));
#83850=CARTESIAN_POINT('',(2.78847172580224,-13.2671068348781,
8.63952992492421));
#83860=CARTESIAN_POINT('',(2.78074040539615,-13.2610507905855,
8.63778969001517));
#83870=CARTESIAN_POINT('',(2.77259254384291,-13.2555871482268,
8.63606358339978));
#83880=CARTESIAN_POINT('',(2.76444510769067,-13.2501237911256,
8.63433756690466));
#83890=CARTESIAN_POINT('',(2.75588841263013,-13.2452581471268,
8.6326284838686));
#83900=CARTESIAN_POINT('',(2.74704005677928,-13.2410537556198,
8.63105915008085));
#83910=CARTESIAN_POINT('',(2.73820451527489,-13.2368554529874,
8.62949208903023));
#83920=CARTESIAN_POINT('',(2.72903958901207,-13.2332954403157,
8.62805746118761));
#83930=CARTESIAN_POINT('',(2.71961743113387,-13.2304181320342,
8.62685663925036));
#83940=CARTESIAN_POINT('',(2.7101997020132,-13.2275421761923,
8.62565638174317));
#83950=CARTESIAN_POINT('',(2.70057081410621,-13.2253610011882,
8.62469610235069));
#83960=CARTESIAN_POINT('',(2.69078597287891,-13.2238976813867,
8.62404431274322));
#83970=CARTESIAN_POINT('',(2.68589583316117,-13.2231663625931,
8.62371856987494));
#83980=CARTESIAN_POINT('',(2.68098242456126,-13.2226167059835,
8.62347044462764));
#83990=CARTESIAN_POINT('',(2.67604550169411,-13.2222493612243,
8.62330416390185));
#84000=CARTESIAN_POINT('',(2.67110905500734,-13.2218820518966,
8.62313789921431));
#84010=CARTESIAN_POINT('',(2.66615421217239,-13.221698,8.62305391633733)
);
#84020=CARTESIAN_POINT('',(2.661205,-13.221698,8.62305391633733));
#84030=B_SPLINE_CURVE_WITH_KNOTS('',3,(#83690,#83700,#83710,#83720,
#83730,#83740,#83750,#83760,#83770,#83780,#83790,#83800,#83810,#83820,
#83830,#83840,#83850,#83860,#83870,#83880,#83890,#83900,#83910,#83920,
#83930,#83940,#83950,#83960,#83970,#83980,#83990,#84000,#84010,#84020),
.UNSPECIFIED.,.F.,.F.,(4,3,3,3,3,3,3,3,3,3,3,4),(0.,0.0149561587032554,
0.0298382295797994,0.0447372366506163,0.0596809100959259,
0.0895264921013206,0.119329639001745,0.149175444055624,0.178915084765078
,0.208638820974751,0.223493660156542,0.238350619771596),.UNSPECIFIED.);
#84040=SURFACE_CURVE('',#84030,(#83630,#83680),.CURVE_3D.);
#84050=CARTESIAN_POINT('',(2.661205,-13.221698,8.62305391633733));
#84060=VERTEX_POINT('',#84050);
#84070=EDGE_CURVE('',#77480,#84060,#84040,.T.);
#84080=ORIENTED_EDGE('',*,*,#84070,.F.);
#84090=CARTESIAN_POINT('',(-3.03879499999999,-13.221698,8.62305391633734
));
#84100=DIRECTION('',(-1.,0.,0.));
#84110=VECTOR('',#84100,1.);
#84120=LINE('',#84090,#84110);
#84130=CARTESIAN_POINT('',(1.561205,-13.221698,8.62305391633734));
#84140=VERTEX_POINT('',#84130);
#84150=EDGE_CURVE('',#84060,#84140,#84120,.T.);
#84160=ORIENTED_EDGE('',*,*,#84150,.F.);
#84170=CARTESIAN_POINT('',(1.561205,-13.3459620687119,8.35));
#84180=DIRECTION('',(1.,0.,0.));
#84190=DIRECTION('',(0.,1.,0.));
#84200=AXIS2_PLACEMENT_3D('',#84170,#84180,#84190);
#84210=CIRCLE('',#84200,0.3);
#84220=CARTESIAN_POINT('',(1.561205,-13.3459620687119,8.65));
#84230=VERTEX_POINT('',#84220);
#84240=EDGE_CURVE('',#84140,#84230,#84210,.T.);
#84250=ORIENTED_EDGE('',*,*,#84240,.F.);
#84260=CARTESIAN_POINT('',(-5.97759,-13.3459620687119,8.65));
#84270=DIRECTION('',(-1.,0.,0.));
#84280=VECTOR('',#84270,1.);
#84290=LINE('',#84260,#84280);
#84300=EDGE_CURVE('',#84230,#80890,#84290,.T.);
#84310=ORIENTED_EDGE('',*,*,#84300,.F.);
#84320=ORIENTED_EDGE('',*,*,#80900,.T.);
#84330=EDGE_LOOP('',(#84320,#84310,#84250,#84160,#84080,#83580,#83570,
#83560,#83500,#83490,#83480,#83050));
#84340=FACE_OUTER_BOUND('',#84330,.T.);
#84350=ADVANCED_FACE('',(#84340),#82970,.T.);
#84360=COLOUR_RGB('',0.313725501298904,0.313725501298904,
0.313725501298904);
#84370=FILL_AREA_STYLE_COLOUR('',#84360);
#84380=FILL_AREA_STYLE('',(#84370));
#84390=SURFACE_STYLE_FILL_AREA(#84380);
#84400=SURFACE_SIDE_STYLE('',(#84390));
#84410=SURFACE_STYLE_USAGE(.BOTH.,#84400);
#84420=PRESENTATION_STYLE_ASSIGNMENT((#84410));
#84430=CARTESIAN_POINT('',(1.561205,-13.221698,9.05));
#84440=DIRECTION('',(-0.,1.,0.));
#84450=DIRECTION('',(1.,0.,0.));
#84460=AXIS2_PLACEMENT_3D('',#84430,#84440,#84450);
#84470=PLANE('',#84460);
#84480=ORIENTED_EDGE('',*,*,#81200,.T.);
#84490=ORIENTED_EDGE('',*,*,#81970,.F.);
#84500=ORIENTED_EDGE('',*,*,#81610,.F.);
#84510=CARTESIAN_POINT('',(-8.87759,-13.221698,9.2));
#84520=DIRECTION('',(1.,0.,0.));
#84530=VECTOR('',#84520,1.);
#84540=LINE('',#84510,#84530);
#84550=CARTESIAN_POINT('',(0.361205000000003,-13.221698,9.2));
#84560=VERTEX_POINT('',#84550);
#84570=EDGE_CURVE('',#81520,#84560,#84540,.T.);
#84580=ORIENTED_EDGE('',*,*,#84570,.F.);
#84590=CARTESIAN_POINT('',(0.361205000000003,-13.221698,9.2));
#84600=DIRECTION('',(0.,0.,1.));
#84610=VECTOR('',#84600,1.);
#84620=LINE('',#84590,#84610);
#84630=CARTESIAN_POINT('',(0.361205000000003,-13.221698,9.55));
#84640=VERTEX_POINT('',#84630);
#84650=EDGE_CURVE('',#84560,#84640,#84620,.T.);
#84660=ORIENTED_EDGE('',*,*,#84650,.F.);
#84670=CARTESIAN_POINT('',(-5.97759,-13.221698,15.888795));
#84680=DIRECTION('',(-0.707106781186549,0.,0.707106781186546));
#84690=VECTOR('',#84680,1.);
#84700=LINE('',#84670,#84690);
#84710=CARTESIAN_POINT('',(0.211205000000002,-13.221698,9.7));
#84720=VERTEX_POINT('',#84710);
#84730=EDGE_CURVE('',#84640,#84720,#84700,.T.);
#84740=ORIENTED_EDGE('',*,*,#84730,.F.);
#84750=CARTESIAN_POINT('',(-5.97759,-13.221698,9.7));
#84760=DIRECTION('',(-1.,0.,0.));
#84770=VECTOR('',#84760,1.);
#84780=LINE('',#84750,#84770);
#84790=CARTESIAN_POINT('',(-0.738795000001647,-13.221698,9.7));
#84800=VERTEX_POINT('',#84790);
#84810=EDGE_CURVE('',#84720,#84800,#84780,.T.);
#84820=ORIENTED_EDGE('',*,*,#84810,.F.);
#84830=CARTESIAN_POINT('',(-0.738795000001647,-13.221698,7.5));
#84840=DIRECTION('',(0.,0.,1.));
#84850=VECTOR('',#84840,1.);
#84860=LINE('',#84830,#84850);
#84870=EDGE_CURVE('',#83030,#84800,#84860,.T.);
#84880=ORIENTED_EDGE('',*,*,#84870,.T.);
#84890=ORIENTED_EDGE('',*,*,#83040,.T.);
#84900=EDGE_LOOP('',(#84890,#84880,#84820,#84740,#84660,#84580,#84500,
#84490,#84480));
#84910=FACE_OUTER_BOUND('',#84900,.T.);
#84920=ADVANCED_FACE('',(#84910),#84470,.T.);
#84930=COLOUR_RGB('',0.313725501298904,0.313725501298904,
0.313725501298904);
#84940=FILL_AREA_STYLE_COLOUR('',#84930);
#84950=FILL_AREA_STYLE('',(#84940));
#84960=SURFACE_STYLE_FILL_AREA(#84950);
#84970=SURFACE_SIDE_STYLE('',(#84960));
#84980=SURFACE_STYLE_USAGE(.BOTH.,#84970);
#84990=PRESENTATION_STYLE_ASSIGNMENT((#84980));
#85000=CARTESIAN_POINT('',(2.51194612578606,-14.97322027833,9.2));
#85010=DIRECTION('',(0.,0.,1.));
#85020=DIRECTION('',(1.,0.,0.));
#85030=AXIS2_PLACEMENT_3D('',#85000,#85010,#85020);
#85040=PLANE('',#85030);
#85050=ORIENTED_EDGE('',*,*,#82800,.F.);
#85060=CARTESIAN_POINT('',(0.361205000000003,0.,9.2));
#85070=DIRECTION('',(0.,1.,0.));
#85080=VECTOR('',#85070,1.);
#85090=LINE('',#85060,#85080);
#85100=EDGE_CURVE('',#82730,#84560,#85090,.T.);
#85110=ORIENTED_EDGE('',*,*,#85100,.F.);
#85120=ORIENTED_EDGE('',*,*,#84570,.T.);
#85130=ORIENTED_EDGE('',*,*,#81530,.F.);
#85140=EDGE_LOOP('',(#85130,#85120,#85110,#85050));
#85150=FACE_OUTER_BOUND('',#85140,.T.);
#85160=ADVANCED_FACE('',(#85150),#85040,.F.);
#85170=COLOUR_RGB('',0.313725501298904,0.313725501298904,
0.313725501298904);
#85180=FILL_AREA_STYLE_COLOUR('',#85170);
#85190=FILL_AREA_STYLE('',(#85180));
#85200=SURFACE_STYLE_FILL_AREA(#85190);
#85210=SURFACE_SIDE_STYLE('',(#85200));
#85220=SURFACE_STYLE_USAGE(.BOTH.,#85210);
#85230=PRESENTATION_STYLE_ASSIGNMENT((#85220));
#85240=CARTESIAN_POINT('',(2.661205,-13.221698,8.65));
#85250=DIRECTION('',(0.,0.,-1.));
#85260=VECTOR('',#85250,1.);
#85270=LINE('',#85240,#85260);
#85280=CARTESIAN_POINT('',(2.661205,-13.221698,9.7));
#85290=VERTEX_POINT('',#85280);
#85300=EDGE_CURVE('',#85290,#84060,#85270,.T.);
#85310=ORIENTED_EDGE('',*,*,#85300,.F.);
#85320=ORIENTED_EDGE('',*,*,#84070,.T.);
#85330=ORIENTED_EDGE('',*,*,#77490,.T.);
#85340=CARTESIAN_POINT('',(2.861205,-13.421698,8.65));
#85350=DIRECTION('',(0.,0.,-1.));
#85360=VECTOR('',#85350,1.);
#85370=LINE('',#85340,#85360);
#85380=CARTESIAN_POINT('',(2.861205,-13.421698,9.7));
#85390=VERTEX_POINT('',#85380);
#85400=EDGE_CURVE('',#85390,#77390,#85370,.T.);
#85410=ORIENTED_EDGE('',*,*,#85400,.T.);
#85420=CARTESIAN_POINT('',(2.661205,-13.421698,9.7));
#85430=DIRECTION('',(0.,0.,1.));
#85440=DIRECTION('',(1.,0.,0.));
#85450=AXIS2_PLACEMENT_3D('',#85420,#85430,#85440);
#85460=CIRCLE('',#85450,0.2);
#85470=EDGE_CURVE('',#85390,#85290,#85460,.T.);
#85480=ORIENTED_EDGE('',*,*,#85470,.F.);
#85490=EDGE_LOOP('',(#85480,#85410,#85330,#85320,#85310));
#85500=FACE_OUTER_BOUND('',#85490,.T.);
#85510=ADVANCED_FACE('',(#85500),#83680,.T.);
#85520=COLOUR_RGB('',0.313725501298904,0.313725501298904,
0.313725501298904);
#85530=FILL_AREA_STYLE_COLOUR('',#85520);
#85540=FILL_AREA_STYLE('',(#85530));
#85550=SURFACE_STYLE_FILL_AREA(#85540);
#85560=SURFACE_SIDE_STYLE('',(#85550));
#85570=SURFACE_STYLE_USAGE(.BOTH.,#85560);
#85580=PRESENTATION_STYLE_ASSIGNMENT((#85570));
#85590=CARTESIAN_POINT('',(2.861205,-14.8388552875254,8.65));
#85600=DIRECTION('',(1.,0.,0.));
#85610=DIRECTION('',(0.,1.,0.));
#85620=AXIS2_PLACEMENT_3D('',#85590,#85600,#85610);
#85630=PLANE('',#85620);
#85640=CARTESIAN_POINT('',(2.861205,-14.8388552875254,8.7));
#85650=DIRECTION('',(0.,0.,-1.));
#85660=VECTOR('',#85650,1.);
#85670=LINE('',#85640,#85660);
#85680=CARTESIAN_POINT('',(2.861205,-14.8388552875254,9.7));
#85690=VERTEX_POINT('',#85680);
#85700=EDGE_CURVE('',#85690,#77310,#85670,.T.);
#85710=ORIENTED_EDGE('',*,*,#85700,.T.);
#85720=CARTESIAN_POINT('',(2.861205,0.,9.7));
#85730=DIRECTION('',(0.,1.,0.));
#85740=VECTOR('',#85730,1.);
#85750=LINE('',#85720,#85740);
#85760=EDGE_CURVE('',#85690,#85390,#85750,.T.);
#85770=ORIENTED_EDGE('',*,*,#85760,.F.);
#85780=ORIENTED_EDGE('',*,*,#85400,.F.);
#85790=ORIENTED_EDGE('',*,*,#77400,.F.);
#85800=EDGE_LOOP('',(#85790,#85780,#85770,#85710));
#85810=FACE_OUTER_BOUND('',#85800,.T.);
#85820=ADVANCED_FACE('',(#85810),#85630,.T.);
#85830=COLOUR_RGB('',0.313725501298904,0.313725501298904,
0.313725501298904);
#85840=FILL_AREA_STYLE_COLOUR('',#85830);
#85850=FILL_AREA_STYLE('',(#85840));
#85860=SURFACE_STYLE_FILL_AREA(#85850);
#85870=SURFACE_SIDE_STYLE('',(#85860));
#85880=SURFACE_STYLE_USAGE(.BOTH.,#85870);
#85890=PRESENTATION_STYLE_ASSIGNMENT((#85880));
#85900=CARTESIAN_POINT('',(2.31120499999994,-16.221698,8.70000000000001)
);
#85910=DIRECTION('',(-1.36187357687368E-13,0.,-1.));
#85920=VECTOR('',#85910,1.);
#85930=LINE('',#85900,#85920);
#85940=CARTESIAN_POINT('',(2.31120500000001,-16.221698,9.2));
#85950=VERTEX_POINT('',#85940);
#85960=EDGE_CURVE('',#85950,#81890,#85930,.T.);
#85970=ORIENTED_EDGE('',*,*,#85960,.T.);
#85980=CARTESIAN_POINT('',(-8.87759,-16.221698,9.2));
#85990=DIRECTION('',(1.,0.,0.));
#86000=VECTOR('',#85990,1.);
#86010=LINE('',#85980,#86000);
#86020=CARTESIAN_POINT('',(1.561205,-16.221698,9.2));
#86030=VERTEX_POINT('',#86020);
#86040=EDGE_CURVE('',#86030,#85950,#86010,.T.);
#86050=ORIENTED_EDGE('',*,*,#86040,.T.);
#86060=CARTESIAN_POINT('',(1.561205,-16.221698,8.75));
#86070=DIRECTION('',(0.,0.,1.));
#86080=VECTOR('',#86070,1.);
#86090=LINE('',#86060,#86080);
#86100=CARTESIAN_POINT('',(1.561205,-16.221698,9.55));
#86110=VERTEX_POINT('',#86100);
#86120=EDGE_CURVE('',#86030,#86110,#86090,.T.);
#86130=ORIENTED_EDGE('',*,*,#86120,.F.);
#86140=CARTESIAN_POINT('',(-4.97759,-16.221698,3.01120500000002));
#86150=DIRECTION('',(0.707106781186549,0.,0.707106781186546));
#86160=VECTOR('',#86150,1.);
#86170=LINE('',#86140,#86160);
#86180=CARTESIAN_POINT('',(1.711205,-16.221698,9.7));
#86190=VERTEX_POINT('',#86180);
#86200=EDGE_CURVE('',#86110,#86190,#86170,.T.);
#86210=ORIENTED_EDGE('',*,*,#86200,.F.);
#86220=CARTESIAN_POINT('',(-0.638794999999999,-16.221698,9.7));
#86230=DIRECTION('',(-1.,0.,0.));
#86240=VECTOR('',#86230,1.);
#86250=LINE('',#86220,#86240);
#86260=CARTESIAN_POINT('',(3.161205,-16.221698,9.7));
#86270=VERTEX_POINT('',#86260);
#86280=EDGE_CURVE('',#86270,#86190,#86250,.T.);
#86290=ORIENTED_EDGE('',*,*,#86280,.T.);
#86300=CARTESIAN_POINT('',(3.161205,-16.221698,0.600000000000001));
#86310=DIRECTION('',(0.,0.,1.));
#86320=VECTOR('',#86310,1.);
#86330=LINE('',#86300,#86320);
#86340=CARTESIAN_POINT('',(3.161205,-16.221698,8.85000000000004));
#86350=VERTEX_POINT('',#86340);
#86360=EDGE_CURVE('',#86350,#86270,#86330,.T.);
#86370=ORIENTED_EDGE('',*,*,#86360,.T.);
#86380=CARTESIAN_POINT('',(-4.97759,-16.221698,8.85000000000004));
#86390=DIRECTION('',(-1.,0.,0.));
#86400=VECTOR('',#86390,1.);
#86410=LINE('',#86380,#86400);
#86420=EDGE_CURVE('',#86350,#81890,#86410,.T.);
#86430=ORIENTED_EDGE('',*,*,#86420,.F.);
#86440=EDGE_LOOP('',(#86430,#86370,#86290,#86210,#86130,#86050,#85970));
#86450=FACE_OUTER_BOUND('',#86440,.T.);
#86460=ADVANCED_FACE('',(#86450),#82440,.T.);
#86470=COLOUR_RGB('',0.313725501298904,0.313725501298904,
0.313725501298904);
#86480=FILL_AREA_STYLE_COLOUR('',#86470);
#86490=FILL_AREA_STYLE('',(#86480));
#86500=SURFACE_STYLE_FILL_AREA(#86490);
#86510=SURFACE_SIDE_STYLE('',(#86500));
#86520=SURFACE_STYLE_USAGE(.BOTH.,#86510);
#86530=PRESENTATION_STYLE_ASSIGNMENT((#86520));
#86540=ORIENTED_EDGE('',*,*,#84150,.T.);
#86550=ORIENTED_EDGE('',*,*,#85300,.T.);
#86560=CARTESIAN_POINT('',(-5.97759,-13.221698,9.7));
#86570=DIRECTION('',(-1.,0.,0.));
#86580=VECTOR('',#86570,1.);
#86590=LINE('',#86560,#86580);
#86600=CARTESIAN_POINT('',(1.711205,-13.221698,9.7));
#86610=VERTEX_POINT('',#86600);
#86620=EDGE_CURVE('',#85290,#86610,#86590,.T.);
#86630=ORIENTED_EDGE('',*,*,#86620,.F.);
#86640=CARTESIAN_POINT('',(-5.97759,-13.221698,2.01120500000002));
#86650=DIRECTION('',(0.707106781186549,0.,0.707106781186546));
#86660=VECTOR('',#86650,1.);
#86670=LINE('',#86640,#86660);
#86680=CARTESIAN_POINT('',(1.561205,-13.221698,9.55));
#86690=VERTEX_POINT('',#86680);
#86700=EDGE_CURVE('',#86690,#86610,#86670,.T.);
#86710=ORIENTED_EDGE('',*,*,#86700,.T.);
#86720=CARTESIAN_POINT('',(1.561205,-13.221698,9.2));
#86730=DIRECTION('',(0.,0.,1.));
#86740=VECTOR('',#86730,1.);
#86750=LINE('',#86720,#86740);
#86760=CARTESIAN_POINT('',(1.561205,-13.221698,9.2));
#86770=VERTEX_POINT('',#86760);
#86780=EDGE_CURVE('',#86770,#86690,#86750,.T.);
#86790=ORIENTED_EDGE('',*,*,#86780,.T.);
#86800=CARTESIAN_POINT('',(-8.87759,-13.221698,9.2));
#86810=DIRECTION('',(1.,0.,0.));
#86820=VECTOR('',#86810,1.);
#86830=LINE('',#86800,#86820);
#86840=CARTESIAN_POINT('',(2.31120500000002,-13.221698,9.2));
#86850=VERTEX_POINT('',#86840);
#86860=EDGE_CURVE('',#86770,#86850,#86830,.T.);
#86870=ORIENTED_EDGE('',*,*,#86860,.F.);
#86880=CARTESIAN_POINT('',(2.31120499999995,-13.221698,8.70000000000001)
);
#86890=DIRECTION('',(-1.36187357687368E-13,0.,-1.));
#86900=VECTOR('',#86890,1.);
#86910=LINE('',#86880,#86900);
#86920=EDGE_CURVE('',#86850,#82210,#86910,.T.);
#86930=ORIENTED_EDGE('',*,*,#86920,.F.);
#86940=ORIENTED_EDGE('',*,*,#82220,.F.);
#86950=CARTESIAN_POINT('',(1.561205,-13.221698,7.5));
#86960=DIRECTION('',(0.,0.,1.));
#86970=VECTOR('',#86960,1.);
#86980=LINE('',#86950,#86970);
#86990=EDGE_CURVE('',#84140,#82130,#86980,.T.);
#87000=ORIENTED_EDGE('',*,*,#86990,.T.);
#87010=EDGE_LOOP('',(#87000,#86940,#86930,#86870,#86790,#86710,#86630,
#86550,#86540));
#87020=FACE_OUTER_BOUND('',#87010,.T.);
#87030=ADVANCED_FACE('',(#87020),#84470,.T.);
#87040=COLOUR_RGB('',0.313725501298904,0.313725501298904,
0.313725501298904);
#87050=FILL_AREA_STYLE_COLOUR('',#87040);
#87060=FILL_AREA_STYLE('',(#87050));
#87070=SURFACE_STYLE_FILL_AREA(#87060);
#87080=SURFACE_SIDE_STYLE('',(#87070));
#87090=SURFACE_STYLE_USAGE(.BOTH.,#87080);
#87100=PRESENTATION_STYLE_ASSIGNMENT((#87090));
#87110=CARTESIAN_POINT('',(1.561205,-16.021698,9.2));
#87120=DIRECTION('',(-1.,0.,0.));
#87130=DIRECTION('',(0.,1.,0.));
#87140=AXIS2_PLACEMENT_3D('',#87110,#87120,#87130);
#87150=PLANE('',#87140);
#87160=ORIENTED_EDGE('',*,*,#86990,.F.);
#87170=ORIENTED_EDGE('',*,*,#82140,.F.);
#87180=CARTESIAN_POINT('',(1.561205,-15.721698,7.5));
#87190=DIRECTION('',(0.,0.,1.));
#87200=VECTOR('',#87190,1.);
#87210=LINE('',#87180,#87200);
#87220=CARTESIAN_POINT('',(1.561205,-15.721698,8.65));
#87230=VERTEX_POINT('',#87220);
#87240=EDGE_CURVE('',#87230,#82050,#87210,.T.);
#87250=ORIENTED_EDGE('',*,*,#87240,.T.);
#87260=CARTESIAN_POINT('',(1.561205,0.,8.65));
#87270=DIRECTION('',(0.,1.,0.));
#87280=VECTOR('',#87270,1.);
#87290=LINE('',#87260,#87280);
#87300=EDGE_CURVE('',#87230,#84230,#87290,.T.);
#87310=ORIENTED_EDGE('',*,*,#87300,.F.);
#87320=ORIENTED_EDGE('',*,*,#84240,.T.);
#87330=EDGE_LOOP('',(#87320,#87310,#87250,#87170,#87160));
#87340=FACE_OUTER_BOUND('',#87330,.T.);
#87350=ADVANCED_FACE('',(#87340),#87150,.T.);
#87360=COLOUR_RGB('',0.313725501298904,0.313725501298904,
0.313725501298904);
#87370=FILL_AREA_STYLE_COLOUR('',#87360);
#87380=FILL_AREA_STYLE('',(#87370));
#87390=SURFACE_STYLE_FILL_AREA(#87380);
#87400=SURFACE_SIDE_STYLE('',(#87390));
#87410=SURFACE_STYLE_USAGE(.BOTH.,#87400);
#87420=PRESENTATION_STYLE_ASSIGNMENT((#87410));
#87430=CARTESIAN_POINT('',(0.961205000000002,-15.721698,8.75000000000002
));
#87440=DIRECTION('',(0.,1.,-0.));
#87450=DIRECTION('',(-1.,0.,0.));
#87460=AXIS2_PLACEMENT_3D('',#87430,#87440,#87450);
#87470=PLANE('',#87460);
#87480=CARTESIAN_POINT('',(-5.97759,-15.721698,8.65));
#87490=DIRECTION('',(-1.,0.,0.));
#87500=VECTOR('',#87490,1.);
#87510=LINE('',#87480,#87500);
#87520=EDGE_CURVE('',#87230,#80970,#87510,.T.);
#87530=ORIENTED_EDGE('',*,*,#87520,.T.);
#87540=ORIENTED_EDGE('',*,*,#87240,.F.);
#87550=ORIENTED_EDGE('',*,*,#82060,.T.);
#87560=ORIENTED_EDGE('',*,*,#81060,.F.);
#87570=EDGE_LOOP('',(#87560,#87550,#87540,#87530));
#87580=FACE_OUTER_BOUND('',#87570,.T.);
#87590=ADVANCED_FACE('',(#87580),#87470,.T.);
#87600=COLOUR_RGB('',0.313725501298904,0.313725501298904,
0.313725501298904);
#87610=FILL_AREA_STYLE_COLOUR('',#87600);
#87620=FILL_AREA_STYLE('',(#87610));
#87630=SURFACE_STYLE_FILL_AREA(#87620);
#87640=SURFACE_SIDE_STYLE('',(#87630));
#87650=SURFACE_STYLE_USAGE(.BOTH.,#87640);
#87660=PRESENTATION_STYLE_ASSIGNMENT((#87650));
#87670=CARTESIAN_POINT('',(1.96120500000001,-11.7216956,9.2));
#87680=DIRECTION('',(0.,-0.,1.));
#87690=DIRECTION('',(1.,-2.66453525910038E-15,-0.));
#87700=AXIS2_PLACEMENT_3D('',#87670,#87680,#87690);
#87710=PLANE('',#87700);
#87720=CARTESIAN_POINT('',(2.31120500000005,0.,9.2));
#87730=DIRECTION('',(-2.66453525910038E-15,-1.,0.));
#87740=VECTOR('',#87730,1.);
#87750=LINE('',#87720,#87740);
#87760=EDGE_CURVE('',#86850,#85950,#87750,.T.);
#87770=ORIENTED_EDGE('',*,*,#87760,.T.);
#87780=ORIENTED_EDGE('',*,*,#86860,.T.);
#87790=CARTESIAN_POINT('',(1.561205,0.,9.2));
#87800=DIRECTION('',(0.,1.,0.));
#87810=VECTOR('',#87800,1.);
#87820=LINE('',#87790,#87810);
#87830=EDGE_CURVE('',#86030,#86770,#87820,.T.);
#87840=ORIENTED_EDGE('',*,*,#87830,.T.);
#87850=ORIENTED_EDGE('',*,*,#86040,.F.);
#87860=EDGE_LOOP('',(#87850,#87840,#87780,#87770));
#87870=FACE_OUTER_BOUND('',#87860,.T.);
#87880=ADVANCED_FACE('',(#87870),#87710,.F.);
#87890=COLOUR_RGB('',0.313725501298904,0.313725501298904,
0.313725501298904);
#87900=FILL_AREA_STYLE_COLOUR('',#87890);
#87910=FILL_AREA_STYLE('',(#87900));
#87920=SURFACE_STYLE_FILL_AREA(#87910);
#87930=SURFACE_SIDE_STYLE('',(#87920));
#87940=SURFACE_STYLE_USAGE(.BOTH.,#87930);
#87950=PRESENTATION_STYLE_ASSIGNMENT((#87940));
#87960=ORIENTED_EDGE('',*,*,#86780,.F.);
#87970=CARTESIAN_POINT('',(1.561205,-14.721698,9.55));
#87980=DIRECTION('',(0.,1.,0.));
#87990=VECTOR('',#87980,1.);
#88000=LINE('',#87970,#87990);
#88010=EDGE_CURVE('',#86110,#86690,#88000,.T.);
#88020=ORIENTED_EDGE('',*,*,#88010,.T.);
#88030=ORIENTED_EDGE('',*,*,#86120,.T.);
#88040=ORIENTED_EDGE('',*,*,#87830,.F.);
#88050=EDGE_LOOP('',(#88040,#88030,#88020,#87960));
#88060=FACE_OUTER_BOUND('',#88050,.T.);
#88070=ADVANCED_FACE('',(#88060),#87150,.T.);
#88080=COLOUR_RGB('',0.313725501298904,0.313725501298904,
0.313725501298904);
#88090=FILL_AREA_STYLE_COLOUR('',#88080);
#88100=FILL_AREA_STYLE('',(#88090));
#88110=SURFACE_STYLE_FILL_AREA(#88100);
#88120=SURFACE_SIDE_STYLE('',(#88110));
#88130=SURFACE_STYLE_USAGE(.BOTH.,#88120);
#88140=PRESENTATION_STYLE_ASSIGNMENT((#88130));
#88150=CARTESIAN_POINT('',(1.636205,-14.721698,9.625));
#88160=DIRECTION('',(-0.707106781186546,0.,0.707106781186549));
#88170=DIRECTION('',(0.707106781186549,0.,0.707106781186546));
#88180=AXIS2_PLACEMENT_3D('',#88150,#88160,#88170);
#88190=PLANE('',#88180);
#88200=CARTESIAN_POINT('',(1.711205,0.,9.7));
#88210=DIRECTION('',(0.,1.,0.));
#88220=VECTOR('',#88210,1.);
#88230=LINE('',#88200,#88220);
#88240=EDGE_CURVE('',#86190,#86610,#88230,.T.);
#88250=ORIENTED_EDGE('',*,*,#88240,.T.);
#88260=ORIENTED_EDGE('',*,*,#86200,.T.);
#88270=ORIENTED_EDGE('',*,*,#88010,.F.);
#88280=ORIENTED_EDGE('',*,*,#86700,.F.);
#88290=EDGE_LOOP('',(#88280,#88270,#88260,#88250));
#88300=FACE_OUTER_BOUND('',#88290,.T.);
#88310=ADVANCED_FACE('',(#88300),#88190,.T.);
#88320=COLOUR_RGB('',0.313725501298904,0.313725501298904,
0.313725501298904);
#88330=FILL_AREA_STYLE_COLOUR('',#88320);
#88340=FILL_AREA_STYLE('',(#88330));
#88350=SURFACE_STYLE_FILL_AREA(#88340);
#88360=SURFACE_SIDE_STYLE('',(#88350));
#88370=SURFACE_STYLE_USAGE(.BOTH.,#88360);
#88380=PRESENTATION_STYLE_ASSIGNMENT((#88370));
#88390=CARTESIAN_POINT('',(2.31120500000001,-11.7216956,9.14999999999995
));
#88400=DIRECTION('',(1.,-2.66453525910038E-15,-1.36187357687368E-13));
#88410=DIRECTION('',(-1.36187357687368E-13,3.62876016401708E-28,-1.));
#88420=AXIS2_PLACEMENT_3D('',#88390,#88400,#88410);
#88430=PLANE('',#88420);
#88440=ORIENTED_EDGE('',*,*,#85960,.F.);
#88450=ORIENTED_EDGE('',*,*,#82280,.T.);
#88460=ORIENTED_EDGE('',*,*,#86920,.T.);
#88470=ORIENTED_EDGE('',*,*,#87760,.F.);
#88480=EDGE_LOOP('',(#88470,#88460,#88450,#88440));
#88490=FACE_OUTER_BOUND('',#88480,.T.);
#88500=ADVANCED_FACE('',(#88490),#88430,.F.);
#88510=COLOUR_RGB('',0.313725501298904,0.313725501298904,
0.313725501298904);
#88520=FILL_AREA_STYLE_COLOUR('',#88510);
#88530=FILL_AREA_STYLE('',(#88520));
#88540=SURFACE_STYLE_FILL_AREA(#88530);
#88550=SURFACE_SIDE_STYLE('',(#88540));
#88560=SURFACE_STYLE_USAGE(.BOTH.,#88550);
#88570=PRESENTATION_STYLE_ASSIGNMENT((#88560));
#88580=CARTESIAN_POINT('',(2.51194612578606,-14.97322027833,9.7));
#88590=DIRECTION('',(0.,0.,1.));
#88600=DIRECTION('',(1.,0.,0.));
#88610=AXIS2_PLACEMENT_3D('',#88580,#88590,#88600);
#88620=PLANE('',#88610);
#88630=ORIENTED_EDGE('',*,*,#86620,.T.);
#88640=ORIENTED_EDGE('',*,*,#85470,.T.);
#88650=ORIENTED_EDGE('',*,*,#85760,.T.);
#88660=CARTESIAN_POINT('',(3.061205,-14.8388552875254,9.7));
#88670=DIRECTION('',(0.,0.,-1.));
#88680=DIRECTION('',(-1.,0.,0.));
#88690=AXIS2_PLACEMENT_3D('',#88660,#88670,#88680);
#88700=CIRCLE('',#88690,0.2);
#88710=CARTESIAN_POINT('',(2.91978364376269,-14.9802766437627,9.7));
#88720=VERTEX_POINT('',#88710);
#88730=EDGE_CURVE('',#88720,#85690,#88700,.T.);
#88740=ORIENTED_EDGE('',*,*,#88730,.T.);
#88750=CARTESIAN_POINT('',(-5.97759,-6.082903,9.7));
#88760=DIRECTION('',(-0.707106781186548,0.707106781186547,0.));
#88770=VECTOR('',#88760,1.);
#88780=LINE('',#88750,#88770);
#88790=CARTESIAN_POINT('',(3.10262635623731,-15.1631193562373,9.7));
#88800=VERTEX_POINT('',#88790);
#88810=EDGE_CURVE('',#88800,#88720,#88780,.T.);
#88820=ORIENTED_EDGE('',*,*,#88810,.T.);
#88830=CARTESIAN_POINT('',(2.96120500000001,-15.3045407124746,9.7));
#88840=DIRECTION('',(0.,0.,1.));
#88850=DIRECTION('',(1.,0.,0.));
#88860=AXIS2_PLACEMENT_3D('',#88830,#88840,#88850);
#88870=CIRCLE('',#88860,0.2);
#88880=CARTESIAN_POINT('',(3.161205,-15.3045407124746,9.7));
#88890=VERTEX_POINT('',#88880);
#88900=EDGE_CURVE('',#88890,#88800,#88870,.T.);
#88910=ORIENTED_EDGE('',*,*,#88900,.T.);
#88920=CARTESIAN_POINT('',(3.161205,0.,9.7));
#88930=DIRECTION('',(0.,1.,0.));
#88940=VECTOR('',#88930,1.);
#88950=LINE('',#88920,#88940);
#88960=EDGE_CURVE('',#86270,#88890,#88950,.T.);
#88970=ORIENTED_EDGE('',*,*,#88960,.T.);
#88980=ORIENTED_EDGE('',*,*,#86280,.F.);
#88990=ORIENTED_EDGE('',*,*,#88240,.F.);
#89000=EDGE_LOOP('',(#88990,#88980,#88970,#88910,#88820,#88740,#88650,
#88640,#88630));
#89010=FACE_OUTER_BOUND('',#89000,.T.);
#89020=ADVANCED_FACE('',(#89010),#88620,.T.);
#89030=COLOUR_RGB('',0.313725501298904,0.313725501298904,
0.313725501298904);
#89040=FILL_AREA_STYLE_COLOUR('',#89030);
#89050=FILL_AREA_STYLE('',(#89040));
#89060=SURFACE_STYLE_FILL_AREA(#89050);
#89070=SURFACE_SIDE_STYLE('',(#89060));
#89080=SURFACE_STYLE_USAGE(.BOTH.,#89070);
#89090=PRESENTATION_STYLE_ASSIGNMENT((#89080));
#89100=CARTESIAN_POINT('',(1.86120500000004,-16.621698,8.65));
#89110=DIRECTION('',(0.,-0.447213595500027,0.894427190999882));
#89120=DIRECTION('',(0.,0.894427190999882,0.447213595500027));
#89130=AXIS2_PLACEMENT_3D('',#89100,#89110,#89120);
#89140=PLANE('',#89130);
#89150=ORIENTED_EDGE('',*,*,#86420,.T.);
#89160=CARTESIAN_POINT('',(3.161205,0.,16.9608490000016));
#89170=DIRECTION('',(0.,0.894427190999882,0.447213595500027));
#89180=VECTOR('',#89170,1.);
#89190=LINE('',#89160,#89180);
#89200=EDGE_CURVE('',#76970,#86350,#89190,.T.);
#89210=ORIENTED_EDGE('',*,*,#89200,.T.);
#89220=ORIENTED_EDGE('',*,*,#76980,.F.);
#89230=ORIENTED_EDGE('',*,*,#80620,.T.);
#89240=ORIENTED_EDGE('',*,*,#82490,.T.);
#89250=ORIENTED_EDGE('',*,*,#81900,.T.);
#89260=EDGE_LOOP('',(#89250,#89240,#89230,#89220,#89210,#89150));
#89270=FACE_OUTER_BOUND('',#89260,.T.);
#89280=ADVANCED_FACE('',(#89270),#89140,.T.);
#89290=COLOUR_RGB('',0.313725501298904,0.313725501298904,
0.313725501298904);
#89300=FILL_AREA_STYLE_COLOUR('',#89290);
#89310=FILL_AREA_STYLE('',(#89300));
#89320=SURFACE_STYLE_FILL_AREA(#89310);
#89330=SURFACE_SIDE_STYLE('',(#89320));
#89340=SURFACE_STYLE_USAGE(.BOTH.,#89330);
#89350=PRESENTATION_STYLE_ASSIGNMENT((#89340));
#89360=CARTESIAN_POINT('',(3.161205,-16.621698,8.65));
#89370=DIRECTION('',(1.,0.,0.));
#89380=DIRECTION('',(0.,1.,0.));
#89390=AXIS2_PLACEMENT_3D('',#89360,#89370,#89380);
#89400=PLANE('',#89390);
#89410=ORIENTED_EDGE('',*,*,#89200,.F.);
#89420=ORIENTED_EDGE('',*,*,#86360,.F.);
#89430=ORIENTED_EDGE('',*,*,#88960,.F.);
#89440=CARTESIAN_POINT('',(3.161205,-15.3045407124746,8.65));
#89450=DIRECTION('',(0.,0.,-1.));
#89460=VECTOR('',#89450,1.);
#89470=LINE('',#89440,#89460);
#89480=EDGE_CURVE('',#88890,#77050,#89470,.T.);
#89490=ORIENTED_EDGE('',*,*,#89480,.F.);
#89500=ORIENTED_EDGE('',*,*,#77060,.F.);
#89510=EDGE_LOOP('',(#89500,#89490,#89430,#89420,#89410));
#89520=FACE_OUTER_BOUND('',#89510,.T.);
#89530=ADVANCED_FACE('',(#89520),#89400,.T.);
#89540=COLOUR_RGB('',0.313725501298904,0.313725501298904,
0.313725501298904);
#89550=FILL_AREA_STYLE_COLOUR('',#89540);
#89560=FILL_AREA_STYLE('',(#89550));
#89570=SURFACE_STYLE_FILL_AREA(#89560);
#89580=SURFACE_SIDE_STYLE('',(#89570));
#89590=SURFACE_STYLE_USAGE(.BOTH.,#89580);
#89600=PRESENTATION_STYLE_ASSIGNMENT((#89590));
#89610=CARTESIAN_POINT('',(2.96120500000001,-15.3045407124746,8.7));
#89620=DIRECTION('',(0.,0.,1.));
#89630=DIRECTION('',(1.,0.,0.));
#89640=AXIS2_PLACEMENT_3D('',#89610,#89620,#89630);
#89650=CYLINDRICAL_SURFACE('',#89640,0.2);
#89660=CARTESIAN_POINT('',(3.10262635623731,-15.1631193562373,8.65));
#89670=DIRECTION('',(0.,0.,-1.));
#89680=VECTOR('',#89670,1.);
#89690=LINE('',#89660,#89680);
#89700=EDGE_CURVE('',#88800,#77140,#89690,.T.);
#89710=ORIENTED_EDGE('',*,*,#89700,.F.);
#89720=ORIENTED_EDGE('',*,*,#77150,.T.);
#89730=ORIENTED_EDGE('',*,*,#89480,.T.);
#89740=ORIENTED_EDGE('',*,*,#88900,.F.);
#89750=EDGE_LOOP('',(#89740,#89730,#89720,#89710));
#89760=FACE_OUTER_BOUND('',#89750,.T.);
#89770=ADVANCED_FACE('',(#89760),#89650,.T.);
#89780=COLOUR_RGB('',0.313725501298904,0.313725501298904,
0.313725501298904);
#89790=FILL_AREA_STYLE_COLOUR('',#89780);
#89800=FILL_AREA_STYLE('',(#89790));
#89810=SURFACE_STYLE_FILL_AREA(#89800);
#89820=SURFACE_SIDE_STYLE('',(#89810));
#89830=SURFACE_STYLE_USAGE(.BOTH.,#89820);
#89840=PRESENTATION_STYLE_ASSIGNMENT((#89830));
#89850=CARTESIAN_POINT('',(2.46120500000001,-14.521698,9.05));
#89860=DIRECTION('',(0.707106781186547,0.707106781186548,0.));
#89870=DIRECTION('',(0.707106781186548,-0.707106781186547,-0.));
#89880=AXIS2_PLACEMENT_3D('',#89850,#89860,#89870);
#89890=PLANE('',#89880);
#89900=ORIENTED_EDGE('',*,*,#89700,.T.);
#89910=ORIENTED_EDGE('',*,*,#88810,.F.);
#89920=CARTESIAN_POINT('',(2.91978364376269,-14.9802766437627,8.7));
#89930=DIRECTION('',(0.,0.,-1.));
#89940=VECTOR('',#89930,1.);
#89950=LINE('',#89920,#89940);
#89960=EDGE_CURVE('',#88720,#77220,#89950,.T.);
#89970=ORIENTED_EDGE('',*,*,#89960,.F.);
#89980=ORIENTED_EDGE('',*,*,#77230,.F.);
#89990=EDGE_LOOP('',(#89980,#89970,#89910,#89900));
#90000=FACE_OUTER_BOUND('',#89990,.T.);
#90010=ADVANCED_FACE('',(#90000),#89890,.T.);
#90020=COLOUR_RGB('',0.313725501298904,0.313725501298904,
0.313725501298904);
#90030=FILL_AREA_STYLE_COLOUR('',#90020);
#90040=FILL_AREA_STYLE('',(#90030));
#90050=SURFACE_STYLE_FILL_AREA(#90040);
#90060=SURFACE_SIDE_STYLE('',(#90050));
#90070=SURFACE_STYLE_USAGE(.BOTH.,#90060);
#90080=PRESENTATION_STYLE_ASSIGNMENT((#90070));
#90090=CARTESIAN_POINT('',(3.061205,-14.8388552875254,8.7));
#90100=DIRECTION('',(0.,0.,-1.));
#90110=DIRECTION('',(-1.,0.,0.));
#90120=AXIS2_PLACEMENT_3D('',#90090,#90100,#90110);
#90130=CYLINDRICAL_SURFACE('',#90120,0.2);
#90140=ORIENTED_EDGE('',*,*,#85700,.F.);
#90150=ORIENTED_EDGE('',*,*,#77320,.T.);
#90160=ORIENTED_EDGE('',*,*,#89960,.T.);
#90170=ORIENTED_EDGE('',*,*,#88730,.F.);
#90180=EDGE_LOOP('',(#90170,#90160,#90150,#90140));
#90190=FACE_OUTER_BOUND('',#90180,.T.);
#90200=ADVANCED_FACE('',(#90190),#90130,.F.);
#90210=COLOUR_RGB('',0.313725501298904,0.313725501298904,
0.313725501298904);
#90220=FILL_AREA_STYLE_COLOUR('',#90210);
#90230=FILL_AREA_STYLE('',(#90220));
#90240=SURFACE_STYLE_FILL_AREA(#90230);
#90250=SURFACE_SIDE_STYLE('',(#90240));
#90260=SURFACE_STYLE_USAGE(.BOTH.,#90250);
#90270=PRESENTATION_STYLE_ASSIGNMENT((#90260));
#90280=CARTESIAN_POINT('',(-0.538795,-12.871698,8.3));
#90290=DIRECTION('',(-0.,0.707106781186548,0.707106781186548));
#90300=DIRECTION('',(-0.,-0.707106781186547,0.707106781186547));
#90310=AXIS2_PLACEMENT_3D('',#90280,#90290,#90300);
#90320=PLANE('',#90310);
#90330=ORIENTED_EDGE('',*,*,#75100,.T.);
#90340=ORIENTED_EDGE('',*,*,#58600,.F.);
#90350=ORIENTED_EDGE('',*,*,#78220,.F.);
#90360=ORIENTED_EDGE('',*,*,#83550,.F.);
#90370=EDGE_LOOP('',(#90360,#90350,#90340,#90330));
#90380=FACE_OUTER_BOUND('',#90370,.T.);
#90390=ADVANCED_FACE('',(#90380),#90320,.T.);
#90400=COLOUR_RGB('',0.313725501298904,0.313725501298904,
0.313725501298904);
#90410=FILL_AREA_STYLE_COLOUR('',#90400);
#90420=FILL_AREA_STYLE('',(#90410));
#90430=SURFACE_STYLE_FILL_AREA(#90420);
#90440=SURFACE_SIDE_STYLE('',(#90430));
#90450=SURFACE_STYLE_USAGE(.BOTH.,#90440);
#90460=PRESENTATION_STYLE_ASSIGNMENT((#90450));
#90470=CARTESIAN_POINT('',(0.211205000000004,0.,9.7));
#90480=DIRECTION('',(0.,1.,0.));
#90490=VECTOR('',#90480,1.);
#90500=LINE('',#90470,#90490);
#90510=EDGE_CURVE('',#82570,#84720,#90500,.T.);
#90520=ORIENTED_EDGE('',*,*,#90510,.T.);
#90530=ORIENTED_EDGE('',*,*,#82580,.F.);
#90540=ORIENTED_EDGE('',*,*,#80480,.F.);
#90550=CARTESIAN_POINT('',(-0.738795000000001,-13.421698,9.7));
#90560=DIRECTION('',(0.,0.,1.));
#90570=DIRECTION('',(1.,0.,0.));
#90580=AXIS2_PLACEMENT_3D('',#90550,#90560,#90570);
#90590=CIRCLE('',#90580,0.2);
#90600=EDGE_CURVE('',#84800,#80390,#90590,.T.);
#90610=ORIENTED_EDGE('',*,*,#90600,.T.);
#90620=ORIENTED_EDGE('',*,*,#84810,.T.);
#90630=EDGE_LOOP('',(#90620,#90610,#90540,#90530,#90520));
#90640=FACE_OUTER_BOUND('',#90630,.T.);
#90650=ADVANCED_FACE('',(#90640),#88620,.T.);
#90660=COLOUR_RGB('',0.313725501298904,0.313725501298904,
0.313725501298904);
#90670=FILL_AREA_STYLE_COLOUR('',#90660);
#90680=FILL_AREA_STYLE('',(#90670));
#90690=SURFACE_STYLE_FILL_AREA(#90680);
#90700=SURFACE_SIDE_STYLE('',(#90690));
#90710=SURFACE_STYLE_USAGE(.BOTH.,#90700);
#90720=PRESENTATION_STYLE_ASSIGNMENT((#90710));
#90730=CARTESIAN_POINT('',(0.286205000000002,-14.721698,9.625));
#90740=DIRECTION('',(0.707106781186546,-0.,0.707106781186549));
#90750=DIRECTION('',(0.707106781186549,0.,-0.707106781186546));
#90760=AXIS2_PLACEMENT_3D('',#90730,#90740,#90750);
#90770=PLANE('',#90760);
#90780=ORIENTED_EDGE('',*,*,#84730,.T.);
#90790=CARTESIAN_POINT('',(0.361205000000003,-14.721698,9.55));
#90800=DIRECTION('',(0.,1.,0.));
#90810=VECTOR('',#90800,1.);
#90820=LINE('',#90790,#90810);
#90830=EDGE_CURVE('',#82650,#84640,#90820,.T.);
#90840=ORIENTED_EDGE('',*,*,#90830,.T.);
#90850=ORIENTED_EDGE('',*,*,#82660,.T.);
#90860=ORIENTED_EDGE('',*,*,#90510,.F.);
#90870=EDGE_LOOP('',(#90860,#90850,#90840,#90780));
#90880=FACE_OUTER_BOUND('',#90870,.T.);
#90890=ADVANCED_FACE('',(#90880),#90770,.T.);
#90900=COLOUR_RGB('',0.313725501298904,0.313725501298904,
0.313725501298904);
#90910=FILL_AREA_STYLE_COLOUR('',#90900);
#90920=FILL_AREA_STYLE('',(#90910));
#90930=SURFACE_STYLE_FILL_AREA(#90920);
#90940=SURFACE_SIDE_STYLE('',(#90930));
#90950=SURFACE_STYLE_USAGE(.BOTH.,#90940);
#90960=PRESENTATION_STYLE_ASSIGNMENT((#90950));
#90970=ORIENTED_EDGE('',*,*,#82740,.T.);
#90980=ORIENTED_EDGE('',*,*,#90830,.F.);
#90990=ORIENTED_EDGE('',*,*,#84650,.T.);
#91000=ORIENTED_EDGE('',*,*,#85100,.T.);
#91010=EDGE_LOOP('',(#91000,#90990,#90980,#90970));
#91020=FACE_OUTER_BOUND('',#91010,.T.);
#91030=ADVANCED_FACE('',(#91020),#80800,.T.);
#91040=COLOUR_RGB('',0.313725501298904,0.313725501298904,
0.313725501298904);
#91050=FILL_AREA_STYLE_COLOUR('',#91040);
#91060=FILL_AREA_STYLE('',(#91050));
#91070=SURFACE_STYLE_FILL_AREA(#91060);
#91080=SURFACE_SIDE_STYLE('',(#91070));
#91090=SURFACE_STYLE_USAGE(.BOTH.,#91080);
#91100=PRESENTATION_STYLE_ASSIGNMENT((#91090));
#91110=ORIENTED_EDGE('',*,*,#80400,.T.);
#91120=ORIENTED_EDGE('',*,*,#76730,.T.);
#91130=ORIENTED_EDGE('',*,*,#83470,.T.);
#91140=ORIENTED_EDGE('',*,*,#84870,.F.);
#91150=ORIENTED_EDGE('',*,*,#90600,.F.);
#91160=EDGE_LOOP('',(#91150,#91140,#91130,#91120,#91110));
#91170=FACE_OUTER_BOUND('',#91160,.T.);
#91180=ADVANCED_FACE('',(#91170),#83100,.T.);
#91190=COLOUR_RGB('',0.313725501298904,0.313725501298904,
0.313725501298904);
#91200=FILL_AREA_STYLE_COLOUR('',#91190);
#91210=FILL_AREA_STYLE('',(#91200));
#91220=SURFACE_STYLE_FILL_AREA(#91210);
#91230=SURFACE_SIDE_STYLE('',(#91220));
#91240=SURFACE_STYLE_USAGE(.BOTH.,#91230);
#91250=PRESENTATION_STYLE_ASSIGNMENT((#91240));
#91260=CARTESIAN_POINT('',(0.247731958168674,-15.721698,8.65));
#91270=DIRECTION('',(0.,0.,-1.));
#91280=DIRECTION('',(1.,0.,0.));
#91290=AXIS2_PLACEMENT_3D('',#91260,#91270,#91280);
#91300=PLANE('',#91290);
#91310=ORIENTED_EDGE('',*,*,#84300,.T.);
#91320=ORIENTED_EDGE('',*,*,#87300,.T.);
#91330=ORIENTED_EDGE('',*,*,#87520,.F.);
#91340=ORIENTED_EDGE('',*,*,#80980,.T.);
#91350=EDGE_LOOP('',(#91340,#91330,#91320,#91310));
#91360=FACE_OUTER_BOUND('',#91350,.T.);
#91370=ADVANCED_FACE('',(#91360),#91300,.F.);
#91380=COLOUR_RGB('',0.313725501298904,0.313725501298904,
0.313725501298904);
#91390=FILL_AREA_STYLE_COLOUR('',#91380);
#91400=FILL_AREA_STYLE('',(#91390));
#91410=SURFACE_STYLE_FILL_AREA(#91400);
#91420=SURFACE_SIDE_STYLE('',(#91410));
#91430=SURFACE_STYLE_USAGE(.BOTH.,#91420);
#91440=PRESENTATION_STYLE_ASSIGNMENT((#91430));
#91450=CARTESIAN_POINT('',(-5.97759,-16.686611572649,8.06491357264898));
#91460=DIRECTION('',(-0.99992385047757,-0.00872620324394422,
0.00872620324394422));
#91470=DIRECTION('',(0.00872653549837393,-0.999961923064171,-0.));
#91480=AXIS2_PLACEMENT_3D('',#91450,#91460,#91470);
#91490=CYLINDRICAL_SURFACE('',#91480,0.1);
#91500=ORIENTED_EDGE('',*,*,#74620,.T.);
#91510=ORIENTED_EDGE('',*,*,#33560,.T.);
#91520=ORIENTED_EDGE('',*,*,#28240,.T.);
#91530=ORIENTED_EDGE('',*,*,#80140,.F.);
#91540=EDGE_LOOP('',(#91530,#91520,#91510,#91500));
#91550=FACE_OUTER_BOUND('',#91540,.T.);
#91560=ADVANCED_FACE('',(#91550),#91490,.F.);
#91570=COLOUR_RGB('',0.313725501298904,0.313725501298904,
0.313725501298904);
#91580=FILL_AREA_STYLE_COLOUR('',#91570);
#91590=FILL_AREA_STYLE('',(#91580));
#91600=SURFACE_STYLE_FILL_AREA(#91590);
#91610=SURFACE_SIDE_STYLE('',(#91600));
#91620=SURFACE_STYLE_USAGE(.BOTH.,#91610);
#91630=PRESENTATION_STYLE_ASSIGNMENT((#91620));
#91640=ORIENTED_EDGE('',*,*,#57890,.F.);
#91650=ORIENTED_EDGE('',*,*,#53150,.T.);
#91660=ORIENTED_EDGE('',*,*,#61010,.F.);
#91670=ORIENTED_EDGE('',*,*,#39370,.F.);
#91680=EDGE_LOOP('',(#91670,#91660,#91650,#91640));
#91690=FACE_OUTER_BOUND('',#91680,.T.);
#91700=ADVANCED_FACE('',(#91690),#78580,.F.);
#91710=COLOUR_RGB('',0.313725501298904,0.313725501298904,
0.313725501298904);
#91720=FILL_AREA_STYLE_COLOUR('',#91710);
#91730=FILL_AREA_STYLE('',(#91720));
#91740=SURFACE_STYLE_FILL_AREA(#91730);
#91750=SURFACE_SIDE_STYLE('',(#91740));
#91760=SURFACE_STYLE_USAGE(.BOTH.,#91750);
#91770=PRESENTATION_STYLE_ASSIGNMENT((#91760));
#91780=ORIENTED_EDGE('',*,*,#74930,.F.);
#91790=ORIENTED_EDGE('',*,*,#79600,.T.);
#91800=ORIENTED_EDGE('',*,*,#27900,.T.);
#91810=ORIENTED_EDGE('',*,*,#18200,.F.);
#91820=EDGE_LOOP('',(#91810,#91800,#91790,#91780));
#91830=FACE_OUTER_BOUND('',#91820,.T.);
#91840=ADVANCED_FACE('',(#91830),#79260,.F.);
#91850=COLOUR_RGB('',0.313725501298904,0.313725501298904,
0.313725501298904);
#91860=FILL_AREA_STYLE_COLOUR('',#91850);
#91870=FILL_AREA_STYLE('',(#91860));
#91880=SURFACE_STYLE_FILL_AREA(#91870);
#91890=SURFACE_SIDE_STYLE('',(#91880));
#91900=SURFACE_STYLE_USAGE(.BOTH.,#91890);
#91910=PRESENTATION_STYLE_ASSIGNMENT((#91900));
#91920=CARTESIAN_POINT('',(1.461205,-15.171698,6.9));
#91930=DIRECTION('',(1.,0.,0.));
#91940=DIRECTION('',(0.,1.,0.));
#91950=AXIS2_PLACEMENT_3D('',#91920,#91930,#91940);
#91960=CONICAL_SURFACE('',#91950,0.3,0.244978663126863);
#91970=ORIENTED_EDGE('',*,*,#65080,.T.);
#91980=ORIENTED_EDGE('',*,*,#71710,.T.);
#91990=ORIENTED_EDGE('',*,*,#66970,.T.);
#92000=ORIENTED_EDGE('',*,*,#26070,.T.);
#92010=EDGE_LOOP('',(#92000,#91990,#91980,#91970));
#92020=FACE_OUTER_BOUND('',#92010,.T.);
#92030=ADVANCED_FACE('',(#92020),#91960,.T.);
#92040=COLOUR_RGB('',0.313725501298904,0.313725501298904,
0.313725501298904);
#92050=FILL_AREA_STYLE_COLOUR('',#92040);
#92060=FILL_AREA_STYLE('',(#92050));
#92070=SURFACE_STYLE_FILL_AREA(#92060);
#92080=SURFACE_SIDE_STYLE('',(#92070));
#92090=SURFACE_STYLE_USAGE(.BOTH.,#92080);
#92100=PRESENTATION_STYLE_ASSIGNMENT((#92090));
#92110=CLOSED_SHELL('',(#400,#1370,#3140,#3700,#4870,#5250,#5630,#6500,
#6880,#7190,#7590,#7980,#8450,#8760,#9240,#9480,#9720,#10100,#10730,
#11060,#11790,#12260,#12990,#13660,#13900,#14280,#14590,#15000,#15400,
#15680,#15990,#16300,#16790,#17100,#17370,#17750,#19090,#19760,#20000,
#20200,#21060,#21300,#21490,#21770,#21910,#22150,#22590,#23030,#23290,
#23600,#23980,#24450,#28340,#28630,#30150,#30440,#31140,#31450,#31740,
#31980,#32220,#32410,#32900,#33850,#34270,#36340,#36650,#36960,#37270,
#37510,#37760,#38050,#40590,#40780,#41070,#41360,#41680,#41920,#42160,
#42400,#42600,#42790,#43180,#43650,#43960,#44270,#44710,#45020,#45410,
#45720,#46010,#46400,#46710,#47090,#47410,#47790,#47980,#48290,#48670,
#48960,#49150,#49390,#49630,#49940,#50250,#50490,#50680,#50920,#51390,
#51770,#52700,#53330,#53710,#54020,#54400,#54590,#54780,#54970,#55260,
#55500,#55870,#56340,#56630,#56820,#57060,#57260,#57640,#57940,#58320,
#58720,#59100,#59410,#59650,#59890,#60130,#60520,#60830,#61120,#61440,
#61820,#62160,#62400,#62710,#63020,#63350,#63540,#63790,#64030,#64270,
#64460,#64650,#64890,#65200,#65670,#66690,#67070,#67380,#67620,#68000,
#68310,#68550,#68790,#69080,#69270,#69640,#69970,#70210,#70400,#70640,
#70950,#71270,#71510,#71980,#72220,#72890,#73130,#73370,#73610,#73850,
#74030,#74220,#75210,#75680,#76060,#76440,#77770,#77960,#78460,#78700,
#78890,#79080,#79640,#79830,#80180,#80680,#81240,#81710,#82320,#82850,
#84350,#84920,#85160,#85510,#85820,#86460,#87030,#87350,#87590,#87880,
#88070,#88310,#88500,#89020,#89280,#89530,#89770,#90010,#90200,#90390,
#90650,#90890,#91030,#91180,#91370,#91560,#91700,#91840,#92030));
#92120=MANIFOLD_SOLID_BREP('',#92110);
#92130=CARTESIAN_POINT('',(0.,0.,0.));
#92140=DIRECTION('',(0.,0.,1.));
#92150=DIRECTION('',(1.,0.,0.));
#92160=AXIS2_PLACEMENT_3D('',#92130,#92140,#92150);
#92170=APPLICATION_CONTEXT(' ');
#92180=APPLICATION_PROTOCOL_DEFINITION(' ','automotive_design',1998,
#92170);
#92190=PRODUCT_CONTEXT('',#92170,'mechanical');
#92200=PRODUCT_DEFINITION_CONTEXT('part definition',#92170,'design');
#92210=PRODUCT('AT_PTSM_0_5_2_5_HH_SMD','AT_PTSM_0_5_2_5_HH_SMD','',(
#92190));
#92220=PRODUCT_RELATED_PRODUCT_CATEGORY('part',' ',(#92210));
#92230=PRODUCT_DEFINITION_FORMATION_WITH_SPECIFIED_SOURCE('','',#92210,
.BOUGHT.);
#92240=PRODUCT_DEFINITION('',' ',#92230,#92200);
#92250=PRODUCT_DEFINITION_SHAPE('','',#92240);
#92260=DIMENSIONAL_EXPONENTS(1.,0.,0.,0.,0.,0.,0.);
#92270=DIMENSIONAL_EXPONENTS(0.,0.,0.,0.,0.,0.,0.);
#92280=DIMENSIONAL_EXPONENTS(0.,0.,0.,0.,0.,0.,0.);
#92290=(LENGTH_UNIT() NAMED_UNIT(*) SI_UNIT(.MILLI.,.METRE.));
#92300=(NAMED_UNIT(*) PLANE_ANGLE_UNIT() SI_UNIT($,.RADIAN.));
#92310=(NAMED_UNIT(*) SI_UNIT($,.STERADIAN.) SOLID_ANGLE_UNIT());
#92320=(GEOMETRIC_REPRESENTATION_CONTEXT(3) 
GLOBAL_UNCERTAINTY_ASSIGNED_CONTEXT((#92330)) 
GLOBAL_UNIT_ASSIGNED_CONTEXT((#92290,#92300,#92310)) 
REPRESENTATION_CONTEXT('',''));
#92330=UNCERTAINTY_MEASURE_WITH_UNIT(LENGTH_MEASURE(1.E-6),#92290,
'distance_accuracy_value','maximum gap value');
#92340=ADVANCED_BREP_SHAPE_REPRESENTATION('',(#92160,#92120),#92320);
#92350=SHAPE_DEFINITION_REPRESENTATION(#92250,#92340);
#92360=COLOUR_RGB('',0.313725501298904,0.313725501298904,
0.313725501298904);
#92370=FILL_AREA_STYLE_COLOUR('',#92360);
#92380=FILL_AREA_STYLE('',(#92370));
#92390=SURFACE_STYLE_FILL_AREA(#92380);
#92400=SURFACE_SIDE_STYLE('',(#92390));
#92410=SURFACE_STYLE_USAGE(.BOTH.,#92400);
#92420=PRESENTATION_STYLE_ASSIGNMENT((#92410));
#92430=STYLED_ITEM('',(#92420),#92120);
#92440=OVER_RIDING_STYLED_ITEM('',(#470),#400,#92430);
#92450=OVER_RIDING_STYLED_ITEM('',(#1440),#1370,#92430);
#92460=OVER_RIDING_STYLED_ITEM('',(#3210),#3140,#92430);
#92470=OVER_RIDING_STYLED_ITEM('',(#3770),#3700,#92430);
#92480=OVER_RIDING_STYLED_ITEM('',(#4940),#4870,#92430);
#92490=OVER_RIDING_STYLED_ITEM('',(#5320),#5250,#92430);
#92500=OVER_RIDING_STYLED_ITEM('',(#5700),#5630,#92430);
#92510=OVER_RIDING_STYLED_ITEM('',(#6570),#6500,#92430);
#92520=OVER_RIDING_STYLED_ITEM('',(#6950),#6880,#92430);
#92530=OVER_RIDING_STYLED_ITEM('',(#7260),#7190,#92430);
#92540=OVER_RIDING_STYLED_ITEM('',(#7660),#7590,#92430);
#92550=OVER_RIDING_STYLED_ITEM('',(#8050),#7980,#92430);
#92560=OVER_RIDING_STYLED_ITEM('',(#8520),#8450,#92430);
#92570=OVER_RIDING_STYLED_ITEM('',(#8830),#8760,#92430);
#92580=OVER_RIDING_STYLED_ITEM('',(#9310),#9240,#92430);
#92590=OVER_RIDING_STYLED_ITEM('',(#9550),#9480,#92430);
#92600=OVER_RIDING_STYLED_ITEM('',(#9790),#9720,#92430);
#92610=OVER_RIDING_STYLED_ITEM('',(#10170),#10100,#92430);
#92620=OVER_RIDING_STYLED_ITEM('',(#10800),#10730,#92430);
#92630=OVER_RIDING_STYLED_ITEM('',(#11130),#11060,#92430);
#92640=OVER_RIDING_STYLED_ITEM('',(#11860),#11790,#92430);
#92650=OVER_RIDING_STYLED_ITEM('',(#12330),#12260,#92430);
#92660=OVER_RIDING_STYLED_ITEM('',(#13060),#12990,#92430);
#92670=OVER_RIDING_STYLED_ITEM('',(#13730),#13660,#92430);
#92680=OVER_RIDING_STYLED_ITEM('',(#13970),#13900,#92430);
#92690=OVER_RIDING_STYLED_ITEM('',(#14350),#14280,#92430);
#92700=OVER_RIDING_STYLED_ITEM('',(#14660),#14590,#92430);
#92710=OVER_RIDING_STYLED_ITEM('',(#15070),#15000,#92430);
#92720=OVER_RIDING_STYLED_ITEM('',(#15470),#15400,#92430);
#92730=OVER_RIDING_STYLED_ITEM('',(#15750),#15680,#92430);
#92740=OVER_RIDING_STYLED_ITEM('',(#16060),#15990,#92430);
#92750=OVER_RIDING_STYLED_ITEM('',(#16370),#16300,#92430);
#92760=OVER_RIDING_STYLED_ITEM('',(#16860),#16790,#92430);
#92770=OVER_RIDING_STYLED_ITEM('',(#17170),#17100,#92430);
#92780=OVER_RIDING_STYLED_ITEM('',(#17440),#17370,#92430);
#92790=OVER_RIDING_STYLED_ITEM('',(#17820),#17750,#92430);
#92800=OVER_RIDING_STYLED_ITEM('',(#19160),#19090,#92430);
#92810=OVER_RIDING_STYLED_ITEM('',(#19830),#19760,#92430);
#92820=OVER_RIDING_STYLED_ITEM('',(#20070),#20000,#92430);
#92830=OVER_RIDING_STYLED_ITEM('',(#20270),#20200,#92430);
#92840=OVER_RIDING_STYLED_ITEM('',(#21130),#21060,#92430);
#92850=OVER_RIDING_STYLED_ITEM('',(#21370),#21300,#92430);
#92860=OVER_RIDING_STYLED_ITEM('',(#21560),#21490,#92430);
#92870=OVER_RIDING_STYLED_ITEM('',(#21840),#21770,#92430);
#92880=OVER_RIDING_STYLED_ITEM('',(#21980),#21910,#92430);
#92890=OVER_RIDING_STYLED_ITEM('',(#22220),#22150,#92430);
#92900=OVER_RIDING_STYLED_ITEM('',(#22660),#22590,#92430);
#92910=OVER_RIDING_STYLED_ITEM('',(#23100),#23030,#92430);
#92920=OVER_RIDING_STYLED_ITEM('',(#23360),#23290,#92430);
#92930=OVER_RIDING_STYLED_ITEM('',(#23670),#23600,#92430);
#92940=OVER_RIDING_STYLED_ITEM('',(#24050),#23980,#92430);
#92950=OVER_RIDING_STYLED_ITEM('',(#24520),#24450,#92430);
#92960=OVER_RIDING_STYLED_ITEM('',(#28410),#28340,#92430);
#92970=OVER_RIDING_STYLED_ITEM('',(#28700),#28630,#92430);
#92980=OVER_RIDING_STYLED_ITEM('',(#30220),#30150,#92430);
#92990=OVER_RIDING_STYLED_ITEM('',(#30510),#30440,#92430);
#93000=OVER_RIDING_STYLED_ITEM('',(#31210),#31140,#92430);
#93010=OVER_RIDING_STYLED_ITEM('',(#31520),#31450,#92430);
#93020=OVER_RIDING_STYLED_ITEM('',(#31810),#31740,#92430);
#93030=OVER_RIDING_STYLED_ITEM('',(#32050),#31980,#92430);
#93040=OVER_RIDING_STYLED_ITEM('',(#32290),#32220,#92430);
#93050=OVER_RIDING_STYLED_ITEM('',(#32480),#32410,#92430);
#93060=OVER_RIDING_STYLED_ITEM('',(#32970),#32900,#92430);
#93070=OVER_RIDING_STYLED_ITEM('',(#33920),#33850,#92430);
#93080=OVER_RIDING_STYLED_ITEM('',(#34340),#34270,#92430);
#93090=OVER_RIDING_STYLED_ITEM('',(#36410),#36340,#92430);
#93100=OVER_RIDING_STYLED_ITEM('',(#36720),#36650,#92430);
#93110=OVER_RIDING_STYLED_ITEM('',(#37030),#36960,#92430);
#93120=OVER_RIDING_STYLED_ITEM('',(#37340),#37270,#92430);
#93130=OVER_RIDING_STYLED_ITEM('',(#37580),#37510,#92430);
#93140=OVER_RIDING_STYLED_ITEM('',(#37830),#37760,#92430);
#93150=OVER_RIDING_STYLED_ITEM('',(#38120),#38050,#92430);
#93160=OVER_RIDING_STYLED_ITEM('',(#40660),#40590,#92430);
#93170=OVER_RIDING_STYLED_ITEM('',(#40850),#40780,#92430);
#93180=OVER_RIDING_STYLED_ITEM('',(#41140),#41070,#92430);
#93190=OVER_RIDING_STYLED_ITEM('',(#41430),#41360,#92430);
#93200=OVER_RIDING_STYLED_ITEM('',(#41750),#41680,#92430);
#93210=OVER_RIDING_STYLED_ITEM('',(#41990),#41920,#92430);
#93220=OVER_RIDING_STYLED_ITEM('',(#42230),#42160,#92430);
#93230=OVER_RIDING_STYLED_ITEM('',(#42470),#42400,#92430);
#93240=OVER_RIDING_STYLED_ITEM('',(#42670),#42600,#92430);
#93250=OVER_RIDING_STYLED_ITEM('',(#42860),#42790,#92430);
#93260=OVER_RIDING_STYLED_ITEM('',(#43250),#43180,#92430);
#93270=OVER_RIDING_STYLED_ITEM('',(#43720),#43650,#92430);
#93280=OVER_RIDING_STYLED_ITEM('',(#44030),#43960,#92430);
#93290=OVER_RIDING_STYLED_ITEM('',(#44340),#44270,#92430);
#93300=OVER_RIDING_STYLED_ITEM('',(#44780),#44710,#92430);
#93310=OVER_RIDING_STYLED_ITEM('',(#45090),#45020,#92430);
#93320=OVER_RIDING_STYLED_ITEM('',(#45480),#45410,#92430);
#93330=OVER_RIDING_STYLED_ITEM('',(#45790),#45720,#92430);
#93340=OVER_RIDING_STYLED_ITEM('',(#46080),#46010,#92430);
#93350=OVER_RIDING_STYLED_ITEM('',(#46470),#46400,#92430);
#93360=OVER_RIDING_STYLED_ITEM('',(#46780),#46710,#92430);
#93370=OVER_RIDING_STYLED_ITEM('',(#47160),#47090,#92430);
#93380=OVER_RIDING_STYLED_ITEM('',(#47480),#47410,#92430);
#93390=OVER_RIDING_STYLED_ITEM('',(#47860),#47790,#92430);
#93400=OVER_RIDING_STYLED_ITEM('',(#48050),#47980,#92430);
#93410=OVER_RIDING_STYLED_ITEM('',(#48360),#48290,#92430);
#93420=OVER_RIDING_STYLED_ITEM('',(#48740),#48670,#92430);
#93430=OVER_RIDING_STYLED_ITEM('',(#49030),#48960,#92430);
#93440=OVER_RIDING_STYLED_ITEM('',(#49220),#49150,#92430);
#93450=OVER_RIDING_STYLED_ITEM('',(#49460),#49390,#92430);
#93460=OVER_RIDING_STYLED_ITEM('',(#49700),#49630,#92430);
#93470=OVER_RIDING_STYLED_ITEM('',(#50010),#49940,#92430);
#93480=OVER_RIDING_STYLED_ITEM('',(#50320),#50250,#92430);
#93490=OVER_RIDING_STYLED_ITEM('',(#50560),#50490,#92430);
#93500=OVER_RIDING_STYLED_ITEM('',(#50750),#50680,#92430);
#93510=OVER_RIDING_STYLED_ITEM('',(#50990),#50920,#92430);
#93520=OVER_RIDING_STYLED_ITEM('',(#51460),#51390,#92430);
#93530=OVER_RIDING_STYLED_ITEM('',(#51840),#51770,#92430);
#93540=OVER_RIDING_STYLED_ITEM('',(#52770),#52700,#92430);
#93550=OVER_RIDING_STYLED_ITEM('',(#53400),#53330,#92430);
#93560=OVER_RIDING_STYLED_ITEM('',(#53780),#53710,#92430);
#93570=OVER_RIDING_STYLED_ITEM('',(#54090),#54020,#92430);
#93580=OVER_RIDING_STYLED_ITEM('',(#54470),#54400,#92430);
#93590=OVER_RIDING_STYLED_ITEM('',(#54660),#54590,#92430);
#93600=OVER_RIDING_STYLED_ITEM('',(#54850),#54780,#92430);
#93610=OVER_RIDING_STYLED_ITEM('',(#55040),#54970,#92430);
#93620=OVER_RIDING_STYLED_ITEM('',(#55330),#55260,#92430);
#93630=OVER_RIDING_STYLED_ITEM('',(#55570),#55500,#92430);
#93640=OVER_RIDING_STYLED_ITEM('',(#55940),#55870,#92430);
#93650=OVER_RIDING_STYLED_ITEM('',(#56410),#56340,#92430);
#93660=OVER_RIDING_STYLED_ITEM('',(#56700),#56630,#92430);
#93670=OVER_RIDING_STYLED_ITEM('',(#56890),#56820,#92430);
#93680=OVER_RIDING_STYLED_ITEM('',(#57130),#57060,#92430);
#93690=OVER_RIDING_STYLED_ITEM('',(#57330),#57260,#92430);
#93700=OVER_RIDING_STYLED_ITEM('',(#57710),#57640,#92430);
#93710=OVER_RIDING_STYLED_ITEM('',(#58010),#57940,#92430);
#93720=OVER_RIDING_STYLED_ITEM('',(#58390),#58320,#92430);
#93730=OVER_RIDING_STYLED_ITEM('',(#58790),#58720,#92430);
#93740=OVER_RIDING_STYLED_ITEM('',(#59170),#59100,#92430);
#93750=OVER_RIDING_STYLED_ITEM('',(#59480),#59410,#92430);
#93760=OVER_RIDING_STYLED_ITEM('',(#59720),#59650,#92430);
#93770=OVER_RIDING_STYLED_ITEM('',(#59960),#59890,#92430);
#93780=OVER_RIDING_STYLED_ITEM('',(#60200),#60130,#92430);
#93790=OVER_RIDING_STYLED_ITEM('',(#60590),#60520,#92430);
#93800=OVER_RIDING_STYLED_ITEM('',(#60900),#60830,#92430);
#93810=OVER_RIDING_STYLED_ITEM('',(#61190),#61120,#92430);
#93820=OVER_RIDING_STYLED_ITEM('',(#61510),#61440,#92430);
#93830=OVER_RIDING_STYLED_ITEM('',(#61890),#61820,#92430);
#93840=OVER_RIDING_STYLED_ITEM('',(#62230),#62160,#92430);
#93850=OVER_RIDING_STYLED_ITEM('',(#62470),#62400,#92430);
#93860=OVER_RIDING_STYLED_ITEM('',(#62780),#62710,#92430);
#93870=OVER_RIDING_STYLED_ITEM('',(#63090),#63020,#92430);
#93880=OVER_RIDING_STYLED_ITEM('',(#63420),#63350,#92430);
#93890=OVER_RIDING_STYLED_ITEM('',(#63610),#63540,#92430);
#93900=OVER_RIDING_STYLED_ITEM('',(#63860),#63790,#92430);
#93910=OVER_RIDING_STYLED_ITEM('',(#64100),#64030,#92430);
#93920=OVER_RIDING_STYLED_ITEM('',(#64340),#64270,#92430);
#93930=OVER_RIDING_STYLED_ITEM('',(#64530),#64460,#92430);
#93940=OVER_RIDING_STYLED_ITEM('',(#64720),#64650,#92430);
#93950=OVER_RIDING_STYLED_ITEM('',(#64960),#64890,#92430);
#93960=OVER_RIDING_STYLED_ITEM('',(#65270),#65200,#92430);
#93970=OVER_RIDING_STYLED_ITEM('',(#65740),#65670,#92430);
#93980=OVER_RIDING_STYLED_ITEM('',(#66760),#66690,#92430);
#93990=OVER_RIDING_STYLED_ITEM('',(#67140),#67070,#92430);
#94000=OVER_RIDING_STYLED_ITEM('',(#67450),#67380,#92430);
#94010=OVER_RIDING_STYLED_ITEM('',(#67690),#67620,#92430);
#94020=OVER_RIDING_STYLED_ITEM('',(#68070),#68000,#92430);
#94030=OVER_RIDING_STYLED_ITEM('',(#68380),#68310,#92430);
#94040=OVER_RIDING_STYLED_ITEM('',(#68620),#68550,#92430);
#94050=OVER_RIDING_STYLED_ITEM('',(#68860),#68790,#92430);
#94060=OVER_RIDING_STYLED_ITEM('',(#69150),#69080,#92430);
#94070=OVER_RIDING_STYLED_ITEM('',(#69340),#69270,#92430);
#94080=OVER_RIDING_STYLED_ITEM('',(#69710),#69640,#92430);
#94090=OVER_RIDING_STYLED_ITEM('',(#70040),#69970,#92430);
#94100=OVER_RIDING_STYLED_ITEM('',(#70280),#70210,#92430);
#94110=OVER_RIDING_STYLED_ITEM('',(#70470),#70400,#92430);
#94120=OVER_RIDING_STYLED_ITEM('',(#70710),#70640,#92430);
#94130=OVER_RIDING_STYLED_ITEM('',(#71020),#70950,#92430);
#94140=OVER_RIDING_STYLED_ITEM('',(#71340),#71270,#92430);
#94150=OVER_RIDING_STYLED_ITEM('',(#71580),#71510,#92430);
#94160=OVER_RIDING_STYLED_ITEM('',(#72050),#71980,#92430);
#94170=OVER_RIDING_STYLED_ITEM('',(#72290),#72220,#92430);
#94180=OVER_RIDING_STYLED_ITEM('',(#72960),#72890,#92430);
#94190=OVER_RIDING_STYLED_ITEM('',(#73200),#73130,#92430);
#94200=OVER_RIDING_STYLED_ITEM('',(#73440),#73370,#92430);
#94210=OVER_RIDING_STYLED_ITEM('',(#73680),#73610,#92430);
#94220=OVER_RIDING_STYLED_ITEM('',(#73920),#73850,#92430);
#94230=OVER_RIDING_STYLED_ITEM('',(#74100),#74030,#92430);
#94240=OVER_RIDING_STYLED_ITEM('',(#74290),#74220,#92430);
#94250=OVER_RIDING_STYLED_ITEM('',(#75280),#75210,#92430);
#94260=OVER_RIDING_STYLED_ITEM('',(#75750),#75680,#92430);
#94270=OVER_RIDING_STYLED_ITEM('',(#76130),#76060,#92430);
#94280=OVER_RIDING_STYLED_ITEM('',(#76510),#76440,#92430);
#94290=OVER_RIDING_STYLED_ITEM('',(#77840),#77770,#92430);
#94300=OVER_RIDING_STYLED_ITEM('',(#78030),#77960,#92430);
#94310=OVER_RIDING_STYLED_ITEM('',(#78530),#78460,#92430);
#94320=OVER_RIDING_STYLED_ITEM('',(#78770),#78700,#92430);
#94330=OVER_RIDING_STYLED_ITEM('',(#78960),#78890,#92430);
#94340=OVER_RIDING_STYLED_ITEM('',(#79150),#79080,#92430);
#94350=OVER_RIDING_STYLED_ITEM('',(#79710),#79640,#92430);
#94360=OVER_RIDING_STYLED_ITEM('',(#79900),#79830,#92430);
#94370=OVER_RIDING_STYLED_ITEM('',(#80250),#80180,#92430);
#94380=OVER_RIDING_STYLED_ITEM('',(#80750),#80680,#92430);
#94390=OVER_RIDING_STYLED_ITEM('',(#81310),#81240,#92430);
#94400=OVER_RIDING_STYLED_ITEM('',(#81780),#81710,#92430);
#94410=OVER_RIDING_STYLED_ITEM('',(#82390),#82320,#92430);
#94420=OVER_RIDING_STYLED_ITEM('',(#82920),#82850,#92430);
#94430=OVER_RIDING_STYLED_ITEM('',(#84420),#84350,#92430);
#94440=OVER_RIDING_STYLED_ITEM('',(#84990),#84920,#92430);
#94450=OVER_RIDING_STYLED_ITEM('',(#85230),#85160,#92430);
#94460=OVER_RIDING_STYLED_ITEM('',(#85580),#85510,#92430);
#94470=OVER_RIDING_STYLED_ITEM('',(#85890),#85820,#92430);
#94480=OVER_RIDING_STYLED_ITEM('',(#86530),#86460,#92430);
#94490=OVER_RIDING_STYLED_ITEM('',(#87100),#87030,#92430);
#94500=OVER_RIDING_STYLED_ITEM('',(#87420),#87350,#92430);
#94510=OVER_RIDING_STYLED_ITEM('',(#87660),#87590,#92430);
#94520=OVER_RIDING_STYLED_ITEM('',(#87950),#87880,#92430);
#94530=OVER_RIDING_STYLED_ITEM('',(#88140),#88070,#92430);
#94540=OVER_RIDING_STYLED_ITEM('',(#88380),#88310,#92430);
#94550=OVER_RIDING_STYLED_ITEM('',(#88570),#88500,#92430);
#94560=OVER_RIDING_STYLED_ITEM('',(#89090),#89020,#92430);
#94570=OVER_RIDING_STYLED_ITEM('',(#89350),#89280,#92430);
#94580=OVER_RIDING_STYLED_ITEM('',(#89600),#89530,#92430);
#94590=OVER_RIDING_STYLED_ITEM('',(#89840),#89770,#92430);
#94600=OVER_RIDING_STYLED_ITEM('',(#90080),#90010,#92430);
#94610=OVER_RIDING_STYLED_ITEM('',(#90270),#90200,#92430);
#94620=OVER_RIDING_STYLED_ITEM('',(#90460),#90390,#92430);
#94630=OVER_RIDING_STYLED_ITEM('',(#90720),#90650,#92430);
#94640=OVER_RIDING_STYLED_ITEM('',(#90960),#90890,#92430);
#94650=OVER_RIDING_STYLED_ITEM('',(#91100),#91030,#92430);
#94660=OVER_RIDING_STYLED_ITEM('',(#91250),#91180,#92430);
#94670=OVER_RIDING_STYLED_ITEM('',(#91440),#91370,#92430);
#94680=OVER_RIDING_STYLED_ITEM('',(#91630),#91560,#92430);
#94690=OVER_RIDING_STYLED_ITEM('',(#91770),#91700,#92430);
#94700=OVER_RIDING_STYLED_ITEM('',(#91910),#91840,#92430);
#94710=OVER_RIDING_STYLED_ITEM('',(#92100),#92030,#92430);
#94720=DRAUGHTING_MODEL('',(#92430,#92440,#92450,#92460,#92470,#92480,
#92490,#92500,#92510,#92520,#92530,#92540,#92550,#92560,#92570,#92580,
#92590,#92600,#92610,#92620,#92630,#92640,#92650,#92660,#92670,#92680,
#92690,#92700,#92710,#92720,#92730,#92740,#92750,#92760,#92770,#92780,
#92790,#92800,#92810,#92820,#92830,#92840,#92850,#92860,#92870,#92880,
#92890,#92900,#92910,#92920,#92930,#92940,#92950,#92960,#92970,#92980,
#92990,#93000,#93010,#93020,#93030,#93040,#93050,#93060,#93070,#93080,
#93090,#93100,#93110,#93120,#93130,#93140,#93150,#93160,#93170,#93180,
#93190,#93200,#93210,#93220,#93230,#93240,#93250,#93260,#93270,#93280,
#93290,#93300,#93310,#93320,#93330,#93340,#93350,#93360,#93370,#93380,
#93390,#93400,#93410,#93420,#93430,#93440,#93450,#93460,#93470,#93480,
#93490,#93500,#93510,#93520,#93530,#93540,#93550,#93560,#93570,#93580,
#93590,#93600,#93610,#93620,#93630,#93640,#93650,#93660,#93670,#93680,
#93690,#93700,#93710,#93720,#93730,#93740,#93750,#93760,#93770,#93780,
#93790,#93800,#93810,#93820,#93830,#93840,#93850,#93860,#93870,#93880,
#93890,#93900,#93910,#93920,#93930,#93940,#93950,#93960,#93970,#93980,
#93990,#94000,#94010,#94020,#94030,#94040,#94050,#94060,#94070,#94080,
#94090,#94100,#94110,#94120,#94130,#94140,#94150,#94160,#94170,#94180,
#94190,#94200,#94210,#94220,#94230,#94240,#94250,#94260,#94270,#94280,
#94290,#94300,#94310,#94320,#94330,#94340,#94350,#94360,#94370,#94380,
#94390,#94400,#94410,#94420,#94430,#94440,#94450,#94460,#94470,#94480,
#94490,#94500,#94510,#94520,#94530,#94540,#94550,#94560,#94570,#94580,
#94590,#94600,#94610,#94620,#94630,#94640,#94650,#94660,#94670,#94680,
#94690,#94700,#94710),#92320);
#94730=CARTESIAN_POINT('',(2.49999999999999,3.038795,17.221698));
#94740=DIRECTION('',(1.,0.,0.));
#94750=DIRECTION('',(0.,1.,0.));
#94760=AXIS2_PLACEMENT_3D('',#94730,#94740,#94750);
#94770=ITEM_DEFINED_TRANSFORMATION('AT_PTSM_0_5_2_5_HH_SMD','',#92160,
#94760);
#94780=CARTESIAN_POINT('',(-2.5,2.75,14.25));
#94790=DIRECTION('',(1.,0.,-0.));
#94800=DIRECTION('',(0.,0.,1.));
#94810=AXIS2_PLACEMENT_3D('',#94780,#94790,#94800);
#94820=PLANE('',#94810);
#94830=CARTESIAN_POINT('',(-2.5,2.75,13.25));
#94840=DIRECTION('',(0.,1.,0.));
#94850=VECTOR('',#94840,1.);
#94860=LINE('',#94830,#94850);
#94870=CARTESIAN_POINT('',(-2.5,-0.650000000000002,13.25));
#94880=VERTEX_POINT('',#94870);
#94890=CARTESIAN_POINT('',(-2.5,2.95,13.25));
#94900=VERTEX_POINT('',#94890);
#94910=EDGE_CURVE('',#94880,#94900,#94860,.T.);
#94920=ORIENTED_EDGE('',*,*,#94910,.T.);
#94930=CARTESIAN_POINT('',(-2.5,0.,13.25));
#94940=DIRECTION('',(0.,1.,0.));
#94950=VECTOR('',#94940,1.);
#94960=LINE('',#94930,#94950);
#94970=CARTESIAN_POINT('',(-2.5,-1.15,13.25));
#94980=VERTEX_POINT('',#94970);
#94990=EDGE_CURVE('',#94980,#94880,#94960,.T.);
#95000=ORIENTED_EDGE('',*,*,#94990,.T.);
#95010=CARTESIAN_POINT('',(-2.5,-1.15,13.45));
#95020=DIRECTION('',(-1.,0.,0.));
#95030=DIRECTION('',(0.,1.,0.));
#95040=AXIS2_PLACEMENT_3D('',#95010,#95020,#95030);
#95050=CIRCLE('',#95040,0.2);
#95060=CARTESIAN_POINT('',(-2.5,-1.35,13.45));
#95070=VERTEX_POINT('',#95060);
#95080=EDGE_CURVE('',#94980,#95070,#95050,.T.);
#95090=ORIENTED_EDGE('',*,*,#95080,.F.);
#95100=CARTESIAN_POINT('',(-2.5,-1.35,0.));
#95110=DIRECTION('',(0.,0.,-1.));
#95120=VECTOR('',#95110,1.);
#95130=LINE('',#95100,#95120);
#95140=CARTESIAN_POINT('',(-2.5,-1.35,14.25));
#95150=VERTEX_POINT('',#95140);
#95160=EDGE_CURVE('',#95150,#95070,#95130,.T.);
#95170=ORIENTED_EDGE('',*,*,#95160,.T.);
#95180=CARTESIAN_POINT('',(-2.5,-1.15,14.25));
#95190=DIRECTION('',(-1.,0.,0.));
#95200=DIRECTION('',(0.,1.,0.));
#95210=AXIS2_PLACEMENT_3D('',#95180,#95190,#95200);
#95220=CIRCLE('',#95210,0.2);
#95230=CARTESIAN_POINT('',(-2.5,-1.15,14.45));
#95240=VERTEX_POINT('',#95230);
#95250=EDGE_CURVE('',#95150,#95240,#95220,.T.);
#95260=ORIENTED_EDGE('',*,*,#95250,.F.);
#95270=CARTESIAN_POINT('',(-2.5,0.,14.45));
#95280=DIRECTION('',(0.,-1.,0.));
#95290=VECTOR('',#95280,1.);
#95300=LINE('',#95270,#95290);
#95310=CARTESIAN_POINT('',(-2.5,0.249999999999998,14.45));
#95320=VERTEX_POINT('',#95310);
#95330=EDGE_CURVE('',#95320,#95240,#95300,.T.);
#95340=ORIENTED_EDGE('',*,*,#95330,.T.);
#95350=CARTESIAN_POINT('',(-2.5,0.249999999999998,0.));
#95360=DIRECTION('',(0.,0.,1.));
#95370=VECTOR('',#95360,1.);
#95380=LINE('',#95350,#95370);
#95390=CARTESIAN_POINT('',(-2.5,0.249999999999998,14.05));
#95400=VERTEX_POINT('',#95390);
#95410=EDGE_CURVE('',#95400,#95320,#95380,.T.);
#95420=ORIENTED_EDGE('',*,*,#95410,.T.);
#95430=CARTESIAN_POINT('',(-2.5,0.449999999999998,14.05));
#95440=DIRECTION('',(1.,0.,0.));
#95450=DIRECTION('',(0.,-1.,0.));
#95460=AXIS2_PLACEMENT_3D('',#95430,#95440,#95450);
#95470=CIRCLE('',#95460,0.2);
#95480=CARTESIAN_POINT('',(-2.5,0.449999999999998,13.85));
#95490=VERTEX_POINT('',#95480);
#95500=EDGE_CURVE('',#95400,#95490,#95470,.T.);
#95510=ORIENTED_EDGE('',*,*,#95500,.F.);
#95520=CARTESIAN_POINT('',(-2.5,0.,13.85));
#95530=DIRECTION('',(0.,-1.,0.));
#95540=VECTOR('',#95530,1.);
#95550=LINE('',#95520,#95540);
#95560=CARTESIAN_POINT('',(-2.5,1.85,13.85));
#95570=VERTEX_POINT('',#95560);
#95580=EDGE_CURVE('',#95570,#95490,#95550,.T.);
#95590=ORIENTED_EDGE('',*,*,#95580,.T.);
#95600=CARTESIAN_POINT('',(-2.5,1.85,14.05));
#95610=DIRECTION('',(1.,0.,0.));
#95620=DIRECTION('',(0.,-1.,0.));
#95630=AXIS2_PLACEMENT_3D('',#95600,#95610,#95620);
#95640=CIRCLE('',#95630,0.2);
#95650=CARTESIAN_POINT('',(-2.5,2.05,14.05));
#95660=VERTEX_POINT('',#95650);
#95670=EDGE_CURVE('',#95570,#95660,#95640,.T.);
#95680=ORIENTED_EDGE('',*,*,#95670,.F.);
#95690=CARTESIAN_POINT('',(-2.5,2.05,0.));
#95700=DIRECTION('',(0.,0.,-1.));
#95710=VECTOR('',#95700,1.);
#95720=LINE('',#95690,#95710);
#95730=CARTESIAN_POINT('',(-2.5,2.05,14.45));
#95740=VERTEX_POINT('',#95730);
#95750=EDGE_CURVE('',#95740,#95660,#95720,.T.);
#95760=ORIENTED_EDGE('',*,*,#95750,.T.);
#95770=CARTESIAN_POINT('',(-2.5,0.,14.45));
#95780=DIRECTION('',(0.,-1.,0.));
#95790=VECTOR('',#95780,1.);
#95800=LINE('',#95770,#95790);
#95810=CARTESIAN_POINT('',(-2.5,3.45,14.45));
#95820=VERTEX_POINT('',#95810);
#95830=EDGE_CURVE('',#95820,#95740,#95800,.T.);
#95840=ORIENTED_EDGE('',*,*,#95830,.T.);
#95850=CARTESIAN_POINT('',(-2.5,3.45,14.25));
#95860=DIRECTION('',(-1.,0.,0.));
#95870=DIRECTION('',(0.,1.,0.));
#95880=AXIS2_PLACEMENT_3D('',#95850,#95860,#95870);
#95890=CIRCLE('',#95880,0.2);
#95900=CARTESIAN_POINT('',(-2.5,3.65,14.25));
#95910=VERTEX_POINT('',#95900);
#95920=EDGE_CURVE('',#95820,#95910,#95890,.T.);
#95930=ORIENTED_EDGE('',*,*,#95920,.F.);
#95940=CARTESIAN_POINT('',(-2.5,3.65,0.));
#95950=DIRECTION('',(0.,0.,1.));
#95960=VECTOR('',#95950,1.);
#95970=LINE('',#95940,#95960);
#95980=CARTESIAN_POINT('',(-2.5,3.65,13.45));
#95990=VERTEX_POINT('',#95980);
#96000=EDGE_CURVE('',#95990,#95910,#95970,.T.);
#96010=ORIENTED_EDGE('',*,*,#96000,.T.);
#96020=CARTESIAN_POINT('',(-2.5,3.45,13.45));
#96030=DIRECTION('',(-1.,0.,0.));
#96040=DIRECTION('',(0.,1.,0.));
#96050=AXIS2_PLACEMENT_3D('',#96020,#96030,#96040);
#96060=CIRCLE('',#96050,0.2);
#96070=CARTESIAN_POINT('',(-2.5,3.45,13.25));
#96080=VERTEX_POINT('',#96070);
#96090=EDGE_CURVE('',#95990,#96080,#96060,.T.);
#96100=ORIENTED_EDGE('',*,*,#96090,.F.);
#96110=CARTESIAN_POINT('',(-2.5,0.,13.25));
#96120=DIRECTION('',(0.,1.,0.));
#96130=VECTOR('',#96120,1.);
#96140=LINE('',#96110,#96130);
#96150=EDGE_CURVE('',#94900,#96080,#96140,.T.);
#96160=ORIENTED_EDGE('',*,*,#96150,.T.);
#96170=EDGE_LOOP('',(#96160,#96100,#96010,#95930,#95840,#95760,#95680,
#95590,#95510,#95420,#95340,#95260,#95170,#95090,#95000,#94920));
#96180=FACE_OUTER_BOUND('',#96170,.T.);
#96190=ADVANCED_FACE('',(#96180),#94820,.T.);
#96200=COLOUR_RGB('',0.823529481887817,0.823529481887817,
0.784313797950745);
#96210=FILL_AREA_STYLE_COLOUR('',#96200);
#96220=FILL_AREA_STYLE('',(#96210));
#96230=SURFACE_STYLE_FILL_AREA(#96220);
#96240=SURFACE_SIDE_STYLE('',(#96230));
#96250=SURFACE_STYLE_USAGE(.BOTH.,#96240);
#96260=PRESENTATION_STYLE_ASSIGNMENT((#96250));
#96270=CARTESIAN_POINT('',(-2.5,-1.35,13.25));
#96280=DIRECTION('',(-0.,-0.,-1.));
#96290=DIRECTION('',(0.,-1.,0.));
#96300=AXIS2_PLACEMENT_3D('',#96270,#96280,#96290);
#96310=PLANE('',#96300);
#96320=CARTESIAN_POINT('',(-2.8,0.,13.25));
#96330=DIRECTION('',(0.,1.,0.));
#96340=VECTOR('',#96330,1.);
#96350=LINE('',#96320,#96340);
#96360=CARTESIAN_POINT('',(-2.8,-1.15,13.25));
#96370=VERTEX_POINT('',#96360);
#96380=CARTESIAN_POINT('',(-2.8,-0.650000000000002,13.25));
#96390=VERTEX_POINT('',#96380);
#96400=EDGE_CURVE('',#96370,#96390,#96350,.T.);
#96410=ORIENTED_EDGE('',*,*,#96400,.T.);
#96420=CARTESIAN_POINT('',(0.,-1.15,13.25));
#96430=DIRECTION('',(-1.,0.,0.));
#96440=VECTOR('',#96430,1.);
#96450=LINE('',#96420,#96440);
#96460=EDGE_CURVE('',#94980,#96370,#96450,.T.);
#96470=ORIENTED_EDGE('',*,*,#96460,.T.);
#96480=ORIENTED_EDGE('',*,*,#94990,.F.);
#96490=CARTESIAN_POINT('',(0.,-0.650000000000002,13.25));
#96500=DIRECTION('',(-1.,0.,0.));
#96510=VECTOR('',#96500,1.);
#96520=LINE('',#96490,#96510);
#96530=EDGE_CURVE('',#94880,#96390,#96520,.T.);
#96540=ORIENTED_EDGE('',*,*,#96530,.F.);
#96550=EDGE_LOOP('',(#96540,#96480,#96470,#96410));
#96560=FACE_OUTER_BOUND('',#96550,.T.);
#96570=ADVANCED_FACE('',(#96560),#96310,.T.);
#96580=COLOUR_RGB('',0.823529481887817,0.823529481887817,
0.784313797950745);
#96590=FILL_AREA_STYLE_COLOUR('',#96580);
#96600=FILL_AREA_STYLE('',(#96590));
#96610=SURFACE_STYLE_FILL_AREA(#96600);
#96620=SURFACE_SIDE_STYLE('',(#96610));
#96630=SURFACE_STYLE_USAGE(.BOTH.,#96620);
#96640=PRESENTATION_STYLE_ASSIGNMENT((#96630));
#96650=CARTESIAN_POINT('',(1.2,2.45,12.5999976));
#96660=DIRECTION('',(-0.,-1.,-0.));
#96670=DIRECTION('',(-1.,0.,0.));
#96680=AXIS2_PLACEMENT_3D('',#96650,#96660,#96670);
#96690=PLANE('',#96680);
#96700=CARTESIAN_POINT('',(-1.7,2.45,0.));
#96710=DIRECTION('',(0.,0.,1.));
#96720=VECTOR('',#96710,1.);
#96730=LINE('',#96700,#96720);
#96740=CARTESIAN_POINT('',(-1.7,2.45,12.75));
#96750=VERTEX_POINT('',#96740);
#96760=CARTESIAN_POINT('',(-1.7,2.45,13.05));
#96770=VERTEX_POINT('',#96760);
#96780=EDGE_CURVE('',#96750,#96770,#96730,.T.);
#96790=ORIENTED_EDGE('',*,*,#96780,.T.);
#96800=CARTESIAN_POINT('',(0.,2.45,12.75));
#96810=DIRECTION('',(1.,0.,0.));
#96820=VECTOR('',#96810,1.);
#96830=LINE('',#96800,#96820);
#96840=CARTESIAN_POINT('',(0.599999999999997,2.45,12.75));
#96850=VERTEX_POINT('',#96840);
#96860=EDGE_CURVE('',#96750,#96850,#96830,.T.);
#96870=ORIENTED_EDGE('',*,*,#96860,.F.);
#96880=CARTESIAN_POINT('',(0.599999999999997,2.45,0.));
#96890=DIRECTION('',(0.,0.,-1.));
#96900=VECTOR('',#96890,1.);
#96910=LINE('',#96880,#96900);
#96920=CARTESIAN_POINT('',(0.600000000000001,2.45,13.05));
#96930=VERTEX_POINT('',#96920);
#96940=EDGE_CURVE('',#96930,#96850,#96910,.T.);
#96950=ORIENTED_EDGE('',*,*,#96940,.T.);
#96960=CARTESIAN_POINT('',(0.,2.45,13.05));
#96970=DIRECTION('',(1.,0.,0.));
#96980=VECTOR('',#96970,1.);
#96990=LINE('',#96960,#96980);
#97000=EDGE_CURVE('',#96770,#96930,#96990,.T.);
#97010=ORIENTED_EDGE('',*,*,#97000,.T.);
#97020=EDGE_LOOP('',(#97010,#96950,#96870,#96790));
#97030=FACE_OUTER_BOUND('',#97020,.T.);
#97040=ADVANCED_FACE('',(#97030),#96690,.F.);
#97050=COLOUR_RGB('',0.823529481887817,0.823529481887817,
0.784313797950745);
#97060=FILL_AREA_STYLE_COLOUR('',#97050);
#97070=FILL_AREA_STYLE('',(#97060));
#97080=SURFACE_STYLE_FILL_AREA(#97070);
#97090=SURFACE_SIDE_STYLE('',(#97080));
#97100=SURFACE_STYLE_USAGE(.BOTH.,#97090);
#97110=PRESENTATION_STYLE_ASSIGNMENT((#97100));
#97120=CARTESIAN_POINT('',(-1.2,1.45,13.05));
#97130=DIRECTION('',(-1.,0.,0.));
#97140=DIRECTION('',(0.,1.,0.));
#97150=AXIS2_PLACEMENT_3D('',#97120,#97130,#97140);
#97160=PLANE('',#97150);
#97170=CARTESIAN_POINT('',(-1.19999999999989,1.55,12.75));
#97180=DIRECTION('',(0.,0.,-1.));
#97190=VECTOR('',#97180,1.);
#97200=LINE('',#97170,#97190);
#97210=CARTESIAN_POINT('',(-1.2,1.55,12.75));
#97220=VERTEX_POINT('',#97210);
#97230=CARTESIAN_POINT('',(-1.19999999999989,1.55,12.6));
#97240=VERTEX_POINT('',#97230);
#97250=EDGE_CURVE('',#97220,#97240,#97200,.T.);
#97260=ORIENTED_EDGE('',*,*,#97250,.T.);
#97270=CARTESIAN_POINT('',(-1.2,0.,12.75));
#97280=DIRECTION('',(0.,-1.,0.));
#97290=VECTOR('',#97280,1.);
#97300=LINE('',#97270,#97290);
#97310=CARTESIAN_POINT('',(-1.2,0.749999999999999,12.75));
#97320=VERTEX_POINT('',#97310);
#97330=EDGE_CURVE('',#97220,#97320,#97300,.T.);
#97340=ORIENTED_EDGE('',*,*,#97330,.F.);
#97350=CARTESIAN_POINT('',(-1.19999999999989,0.749999999999999,12.75));
#97360=DIRECTION('',(0.,0.,-1.));
#97370=VECTOR('',#97360,1.);
#97380=LINE('',#97350,#97370);
#97390=CARTESIAN_POINT('',(-1.19999999999989,0.749999999999999,12.6));
#97400=VERTEX_POINT('',#97390);
#97410=EDGE_CURVE('',#97320,#97400,#97380,.T.);
#97420=ORIENTED_EDGE('',*,*,#97410,.F.);
#97430=CARTESIAN_POINT('',(-1.19999999999989,0.749999999999999,12.6));
#97440=DIRECTION('',(0.,1.,0.));
#97450=VECTOR('',#97440,1.);
#97460=LINE('',#97430,#97450);
#97470=EDGE_CURVE('',#97400,#97240,#97460,.T.);
#97480=ORIENTED_EDGE('',*,*,#97470,.F.);
#97490=EDGE_LOOP('',(#97480,#97420,#97340,#97260));
#97500=FACE_OUTER_BOUND('',#97490,.T.);
#97510=ADVANCED_FACE('',(#97500),#97160,.T.);
#97520=COLOUR_RGB('',0.823529481887817,0.823529481887817,
0.784313797950745);
#97530=FILL_AREA_STYLE_COLOUR('',#97520);
#97540=FILL_AREA_STYLE('',(#97530));
#97550=SURFACE_STYLE_FILL_AREA(#97540);
#97560=SURFACE_SIDE_STYLE('',(#97550));
#97570=SURFACE_STYLE_USAGE(.BOTH.,#97560);
#97580=PRESENTATION_STYLE_ASSIGNMENT((#97570));
#97590=CARTESIAN_POINT('',(0.899999999999997,-0.0500000000000028,12.95))
;
#97600=DIRECTION('',(-0.316227766016838,0.948683298050514,0.));
#97610=DIRECTION('',(-0.948683298050514,-0.316227766016838,0.));
#97620=AXIS2_PLACEMENT_3D('',#97590,#97600,#97610);
#97630=PLANE('',#97620);
#97640=CARTESIAN_POINT('',(1.2,0.0499999999999973,0.));
#97650=DIRECTION('',(0.,0.,1.));
#97660=VECTOR('',#97650,1.);
#97670=LINE('',#97640,#97660);
#97680=CARTESIAN_POINT('',(1.2,0.0499999999999973,12.75));
#97690=VERTEX_POINT('',#97680);
#97700=CARTESIAN_POINT('',(1.2,0.0499999999999973,13.05));
#97710=VERTEX_POINT('',#97700);
#97720=EDGE_CURVE('',#97690,#97710,#97670,.T.);
#97730=ORIENTED_EDGE('',*,*,#97720,.T.);
#97740=CARTESIAN_POINT('',(0.,-0.350000000000002,12.75));
#97750=DIRECTION('',(-0.948683298050514,-0.316227766016838,0.));
#97760=VECTOR('',#97750,1.);
#97770=LINE('',#97740,#97760);
#97780=CARTESIAN_POINT('',(0.599999999999997,-0.150000000000003,12.75));
#97790=VERTEX_POINT('',#97780);
#97800=EDGE_CURVE('',#97690,#97790,#97770,.T.);
#97810=ORIENTED_EDGE('',*,*,#97800,.F.);
#97820=CARTESIAN_POINT('',(0.599999999999997,-0.150000000000003,0.));
#97830=DIRECTION('',(0.,0.,-1.));
#97840=VECTOR('',#97830,1.);
#97850=LINE('',#97820,#97840);
#97860=CARTESIAN_POINT('',(0.599999999999997,-0.150000000000003,13.05));
#97870=VERTEX_POINT('',#97860);
#97880=EDGE_CURVE('',#97870,#97790,#97850,.T.);
#97890=ORIENTED_EDGE('',*,*,#97880,.T.);
#97900=CARTESIAN_POINT('',(0.,-0.350000000000002,13.05));
#97910=DIRECTION('',(0.948683298050514,0.316227766016838,0.));
#97920=VECTOR('',#97910,1.);
#97930=LINE('',#97900,#97920);
#97940=EDGE_CURVE('',#97870,#97710,#97930,.T.);
#97950=ORIENTED_EDGE('',*,*,#97940,.F.);
#97960=EDGE_LOOP('',(#97950,#97890,#97810,#97730));
#97970=FACE_OUTER_BOUND('',#97960,.T.);
#97980=ADVANCED_FACE('',(#97970),#97630,.F.);
#97990=COLOUR_RGB('',0.823529481887817,0.823529481887817,
0.784313797950745);
#98000=FILL_AREA_STYLE_COLOUR('',#97990);
#98010=FILL_AREA_STYLE('',(#98000));
#98020=SURFACE_STYLE_FILL_AREA(#98010);
#98030=SURFACE_SIDE_STYLE('',(#98020));
#98040=SURFACE_STYLE_USAGE(.BOTH.,#98030);
#98050=PRESENTATION_STYLE_ASSIGNMENT((#98040));
#98060=CARTESIAN_POINT('',(-0.399999999999999,1.55,13.05));
#98070=DIRECTION('',(-0.,1.,0.));
#98080=DIRECTION('',(1.,0.,0.));
#98090=AXIS2_PLACEMENT_3D('',#98060,#98070,#98080);
#98100=PLANE('',#98090);
#98110=ORIENTED_EDGE('',*,*,#97250,.F.);
#98120=CARTESIAN_POINT('',(-1.19999999999989,1.55,12.6));
#98130=DIRECTION('',(1.,0.,0.));
#98140=VECTOR('',#98130,1.);
#98150=LINE('',#98120,#98140);
#98160=CARTESIAN_POINT('',(-0.399999999999894,1.55,12.6));
#98170=VERTEX_POINT('',#98160);
#98180=EDGE_CURVE('',#97240,#98170,#98150,.T.);
#98190=ORIENTED_EDGE('',*,*,#98180,.F.);
#98200=CARTESIAN_POINT('',(-0.399999999999894,1.55,12.75));
#98210=DIRECTION('',(0.,0.,-1.));
#98220=VECTOR('',#98210,1.);
#98230=LINE('',#98200,#98220);
#98240=CARTESIAN_POINT('',(-0.399999999999894,1.55,12.75));
#98250=VERTEX_POINT('',#98240);
#98260=EDGE_CURVE('',#98250,#98170,#98230,.T.);
#98270=ORIENTED_EDGE('',*,*,#98260,.T.);
#98280=CARTESIAN_POINT('',(0.,1.55,12.75));
#98290=DIRECTION('',(-1.,0.,0.));
#98300=VECTOR('',#98290,1.);
#98310=LINE('',#98280,#98300);
#98320=EDGE_CURVE('',#98250,#97220,#98310,.T.);
#98330=ORIENTED_EDGE('',*,*,#98320,.F.);
#98340=EDGE_LOOP('',(#98330,#98270,#98190,#98110));
#98350=FACE_OUTER_BOUND('',#98340,.T.);
#98360=ADVANCED_FACE('',(#98350),#98100,.T.);
#98370=COLOUR_RGB('',0.823529481887817,0.823529481887817,
0.784313797950745);
#98380=FILL_AREA_STYLE_COLOUR('',#98370);
#98390=FILL_AREA_STYLE('',(#98380));
#98400=SURFACE_STYLE_FILL_AREA(#98390);
#98410=SURFACE_SIDE_STYLE('',(#98400));
#98420=SURFACE_STYLE_USAGE(.BOTH.,#98410);
#98430=PRESENTATION_STYLE_ASSIGNMENT((#98420));
#98440=CARTESIAN_POINT('',(-0.399999999999894,0.749999999999999,12.75));
#98450=DIRECTION('',(1.,0.,0.));
#98460=DIRECTION('',(0.,1.,0.));
#98470=AXIS2_PLACEMENT_3D('',#98440,#98450,#98460);
#98480=PLANE('',#98470);
#98490=ORIENTED_EDGE('',*,*,#98260,.F.);
#98500=CARTESIAN_POINT('',(-0.399999999999894,1.55,12.6));
#98510=DIRECTION('',(0.,-1.,0.));
#98520=VECTOR('',#98510,1.);
#98530=LINE('',#98500,#98520);
#98540=CARTESIAN_POINT('',(-0.399999999999894,0.749999999999999,12.6));
#98550=VERTEX_POINT('',#98540);
#98560=EDGE_CURVE('',#98170,#98550,#98530,.T.);
#98570=ORIENTED_EDGE('',*,*,#98560,.F.);
#98580=CARTESIAN_POINT('',(-0.399999999999894,0.749999999999999,12.75));
#98590=DIRECTION('',(0.,0.,-1.));
#98600=VECTOR('',#98590,1.);
#98610=LINE('',#98580,#98600);
#98620=CARTESIAN_POINT('',(-0.399999999999894,0.749999999999999,12.75));
#98630=VERTEX_POINT('',#98620);
#98640=EDGE_CURVE('',#98630,#98550,#98610,.T.);
#98650=ORIENTED_EDGE('',*,*,#98640,.T.);
#98660=CARTESIAN_POINT('',(-0.399999999999894,0.,12.75));
#98670=DIRECTION('',(0.,-1.,0.));
#98680=VECTOR('',#98670,1.);
#98690=LINE('',#98660,#98680);
#98700=EDGE_CURVE('',#98250,#98630,#98690,.T.);
#98710=ORIENTED_EDGE('',*,*,#98700,.T.);
#98720=EDGE_LOOP('',(#98710,#98650,#98570,#98490));
#98730=FACE_OUTER_BOUND('',#98720,.T.);
#98740=ADVANCED_FACE('',(#98730),#98480,.T.);
#98750=COLOUR_RGB('',0.823529481887817,0.823529481887817,
0.784313797950745);
#98760=FILL_AREA_STYLE_COLOUR('',#98750);
#98770=FILL_AREA_STYLE('',(#98760));
#98780=SURFACE_STYLE_FILL_AREA(#98770);
#98790=SURFACE_SIDE_STYLE('',(#98780));
#98800=SURFACE_STYLE_USAGE(.BOTH.,#98790);
#98810=PRESENTATION_STYLE_ASSIGNMENT((#98800));
#98820=CARTESIAN_POINT('',(-2.8,2.75,13.25));
#98830=DIRECTION('',(-1.,-0.,-0.));
#98840=DIRECTION('',(0.,0.,-1.));
#98850=AXIS2_PLACEMENT_3D('',#98820,#98830,#98840);
#98860=PLANE('',#98850);
#98870=CARTESIAN_POINT('',(-2.8,0.,13.25));
#98880=DIRECTION('',(0.,1.,0.));
#98890=VECTOR('',#98880,1.);
#98900=LINE('',#98870,#98890);
#98910=CARTESIAN_POINT('',(-2.8,2.95,13.25));
#98920=VERTEX_POINT('',#98910);
#98930=CARTESIAN_POINT('',(-2.8,3.45,13.25));
#98940=VERTEX_POINT('',#98930);
#98950=EDGE_CURVE('',#98920,#98940,#98900,.T.);
#98960=ORIENTED_EDGE('',*,*,#98950,.F.);
#98970=CARTESIAN_POINT('',(-2.8,3.45,13.45));
#98980=DIRECTION('',(-1.,0.,0.));
#98990=DIRECTION('',(0.,1.,0.));
#99000=AXIS2_PLACEMENT_3D('',#98970,#98980,#98990);
#99010=CIRCLE('',#99000,0.2);
#99020=CARTESIAN_POINT('',(-2.8,3.65,13.45));
#99030=VERTEX_POINT('',#99020);
#99040=EDGE_CURVE('',#99030,#98940,#99010,.T.);
#99050=ORIENTED_EDGE('',*,*,#99040,.T.);
#99060=CARTESIAN_POINT('',(-2.8,3.65,0.));
#99070=DIRECTION('',(0.,0.,1.));
#99080=VECTOR('',#99070,1.);
#99090=LINE('',#99060,#99080);
#99100=CARTESIAN_POINT('',(-2.8,3.65,14.25));
#99110=VERTEX_POINT('',#99100);
#99120=EDGE_CURVE('',#99030,#99110,#99090,.T.);
#99130=ORIENTED_EDGE('',*,*,#99120,.F.);
#99140=CARTESIAN_POINT('',(-2.8,3.45,14.25));
#99150=DIRECTION('',(-1.,0.,0.));
#99160=DIRECTION('',(0.,1.,0.));
#99170=AXIS2_PLACEMENT_3D('',#99140,#99150,#99160);
#99180=CIRCLE('',#99170,0.2);
#99190=CARTESIAN_POINT('',(-2.8,3.45,14.45));
#99200=VERTEX_POINT('',#99190);
#99210=EDGE_CURVE('',#99200,#99110,#99180,.T.);
#99220=ORIENTED_EDGE('',*,*,#99210,.T.);
#99230=CARTESIAN_POINT('',(-2.8,0.,14.45));
#99240=DIRECTION('',(0.,-1.,0.));
#99250=VECTOR('',#99240,1.);
#99260=LINE('',#99230,#99250);
#99270=CARTESIAN_POINT('',(-2.8,2.05,14.45));
#99280=VERTEX_POINT('',#99270);
#99290=EDGE_CURVE('',#99200,#99280,#99260,.T.);
#99300=ORIENTED_EDGE('',*,*,#99290,.F.);
#99310=CARTESIAN_POINT('',(-2.8,2.05,0.));
#99320=DIRECTION('',(0.,0.,-1.));
#99330=VECTOR('',#99320,1.);
#99340=LINE('',#99310,#99330);
#99350=CARTESIAN_POINT('',(-2.8,2.05,14.05));
#99360=VERTEX_POINT('',#99350);
#99370=EDGE_CURVE('',#99280,#99360,#99340,.T.);
#99380=ORIENTED_EDGE('',*,*,#99370,.F.);
#99390=CARTESIAN_POINT('',(-2.8,1.85,14.05));
#99400=DIRECTION('',(1.,0.,0.));
#99410=DIRECTION('',(0.,-1.,0.));
#99420=AXIS2_PLACEMENT_3D('',#99390,#99400,#99410);
#99430=CIRCLE('',#99420,0.2);
#99440=CARTESIAN_POINT('',(-2.8,1.85,13.85));
#99450=VERTEX_POINT('',#99440);
#99460=EDGE_CURVE('',#99450,#99360,#99430,.T.);
#99470=ORIENTED_EDGE('',*,*,#99460,.T.);
#99480=CARTESIAN_POINT('',(-2.8,0.,13.85));
#99490=DIRECTION('',(0.,-1.,0.));
#99500=VECTOR('',#99490,1.);
#99510=LINE('',#99480,#99500);
#99520=CARTESIAN_POINT('',(-2.8,0.449999999999998,13.85));
#99530=VERTEX_POINT('',#99520);
#99540=EDGE_CURVE('',#99450,#99530,#99510,.T.);
#99550=ORIENTED_EDGE('',*,*,#99540,.F.);
#99560=CARTESIAN_POINT('',(-2.8,0.449999999999998,14.05));
#99570=DIRECTION('',(1.,0.,0.));
#99580=DIRECTION('',(0.,-1.,0.));
#99590=AXIS2_PLACEMENT_3D('',#99560,#99570,#99580);
#99600=CIRCLE('',#99590,0.2);
#99610=CARTESIAN_POINT('',(-2.8,0.249999999999998,14.05));
#99620=VERTEX_POINT('',#99610);
#99630=EDGE_CURVE('',#99620,#99530,#99600,.T.);
#99640=ORIENTED_EDGE('',*,*,#99630,.T.);
#99650=CARTESIAN_POINT('',(-2.8,0.249999999999998,0.));
#99660=DIRECTION('',(0.,0.,1.));
#99670=VECTOR('',#99660,1.);
#99680=LINE('',#99650,#99670);
#99690=CARTESIAN_POINT('',(-2.8,0.249999999999998,14.45));
#99700=VERTEX_POINT('',#99690);
#99710=EDGE_CURVE('',#99620,#99700,#99680,.T.);
#99720=ORIENTED_EDGE('',*,*,#99710,.F.);
#99730=CARTESIAN_POINT('',(-2.8,-1.15,14.45));
#99740=VERTEX_POINT('',#99730);
#99750=EDGE_CURVE('',#99700,#99740,#99260,.T.);
#99760=ORIENTED_EDGE('',*,*,#99750,.F.);
#99770=CARTESIAN_POINT('',(-2.8,-1.15,14.25));
#99780=DIRECTION('',(-1.,0.,0.));
#99790=DIRECTION('',(0.,1.,0.));
#99800=AXIS2_PLACEMENT_3D('',#99770,#99780,#99790);
#99810=CIRCLE('',#99800,0.2);
#99820=CARTESIAN_POINT('',(-2.8,-1.35,14.25));
#99830=VERTEX_POINT('',#99820);
#99840=EDGE_CURVE('',#99830,#99740,#99810,.T.);
#99850=ORIENTED_EDGE('',*,*,#99840,.T.);
#99860=CARTESIAN_POINT('',(-2.8,-1.35,0.));
#99870=DIRECTION('',(0.,0.,-1.));
#99880=VECTOR('',#99870,1.);
#99890=LINE('',#99860,#99880);
#99900=CARTESIAN_POINT('',(-2.8,-1.35,13.45));
#99910=VERTEX_POINT('',#99900);
#99920=EDGE_CURVE('',#99830,#99910,#99890,.T.);
#99930=ORIENTED_EDGE('',*,*,#99920,.F.);
#99940=CARTESIAN_POINT('',(-2.8,-1.15,13.45));
#99950=DIRECTION('',(-1.,0.,0.));
#99960=DIRECTION('',(0.,1.,0.));
#99970=AXIS2_PLACEMENT_3D('',#99940,#99950,#99960);
#99980=CIRCLE('',#99970,0.2);
#99990=EDGE_CURVE('',#96370,#99910,#99980,.T.);
#100000=ORIENTED_EDGE('',*,*,#99990,.T.);
#100010=ORIENTED_EDGE('',*,*,#96400,.F.);
#100020=CARTESIAN_POINT('',(-2.8,0.,13.25));
#100030=DIRECTION('',(0.,-1.,0.));
#100040=VECTOR('',#100030,1.);
#100050=LINE('',#100020,#100040);
#100060=EDGE_CURVE('',#98920,#96390,#100050,.T.);
#100070=ORIENTED_EDGE('',*,*,#100060,.T.);
#100080=EDGE_LOOP('',(#100070,#100010,#100000,#99930,#99850,#99760,
#99720,#99640,#99550,#99470,#99380,#99300,#99220,#99130,#99050,#98960));
#100090=FACE_OUTER_BOUND('',#100080,.T.);
#100100=ADVANCED_FACE('',(#100090),#98860,.T.);
#100110=COLOUR_RGB('',0.823529481887817,0.823529481887817,
0.784313797950745);
#100120=FILL_AREA_STYLE_COLOUR('',#100110);
#100130=FILL_AREA_STYLE('',(#100120));
#100140=SURFACE_STYLE_FILL_AREA(#100130);
#100150=SURFACE_SIDE_STYLE('',(#100140));
#100160=SURFACE_STYLE_USAGE(.BOTH.,#100150);
#100170=PRESENTATION_STYLE_ASSIGNMENT((#100160));
#100180=CARTESIAN_POINT('',(-1.1,0.749999999999999,13.05));
#100190=DIRECTION('',(-0.,-1.,-0.));
#100200=DIRECTION('',(-1.,0.,0.));
#100210=AXIS2_PLACEMENT_3D('',#100180,#100190,#100200);
#100220=PLANE('',#100210);
#100230=ORIENTED_EDGE('',*,*,#98640,.F.);
#100240=CARTESIAN_POINT('',(-0.399999999999894,0.749999999999999,12.6));
#100250=DIRECTION('',(-1.,0.,0.));
#100260=VECTOR('',#100250,1.);
#100270=LINE('',#100240,#100260);
#100280=EDGE_CURVE('',#98550,#97400,#100270,.T.);
#100290=ORIENTED_EDGE('',*,*,#100280,.F.);
#100300=ORIENTED_EDGE('',*,*,#97410,.T.);
#100310=CARTESIAN_POINT('',(0.,0.749999999999999,12.75));
#100320=DIRECTION('',(1.,0.,0.));
#100330=VECTOR('',#100320,1.);
#100340=LINE('',#100310,#100330);
#100350=EDGE_CURVE('',#97320,#98630,#100340,.T.);
#100360=ORIENTED_EDGE('',*,*,#100350,.F.);
#100370=EDGE_LOOP('',(#100360,#100300,#100290,#100230));
#100380=FACE_OUTER_BOUND('',#100370,.T.);
#100390=ADVANCED_FACE('',(#100380),#100220,.T.);
#100400=COLOUR_RGB('',0.823529481887817,0.823529481887817,
0.784313797950745);
#100410=FILL_AREA_STYLE_COLOUR('',#100400);
#100420=FILL_AREA_STYLE('',(#100410));
#100430=SURFACE_STYLE_FILL_AREA(#100420);
#100440=SURFACE_SIDE_STYLE('',(#100430));
#100450=SURFACE_STYLE_USAGE(.BOTH.,#100440);
#100460=PRESENTATION_STYLE_ASSIGNMENT((#100450));
#100470=CARTESIAN_POINT('',(-2.56966810171168,-0.650000000000002,13.95))
;
#100480=DIRECTION('',(0.,-1.,0.));
#100490=DIRECTION('',(0.,0.,-1.));
#100500=AXIS2_PLACEMENT_3D('',#100470,#100480,#100490);
#100510=PLANE('',#100500);
#100520=ORIENTED_EDGE('',*,*,#96530,.T.);
#100530=CARTESIAN_POINT('',(-2.3,-0.650000000000002,13.25));
#100540=DIRECTION('',(0.,1.,0.));
#100550=DIRECTION('',(1.,0.,0.));
#100560=AXIS2_PLACEMENT_3D('',#100530,#100540,#100550);
#100570=CIRCLE('',#100560,0.2);
#100580=CARTESIAN_POINT('',(-2.3,-0.650000000000002,13.05));
#100590=VERTEX_POINT('',#100580);
#100600=EDGE_CURVE('',#100590,#94880,#100570,.T.);
#100610=ORIENTED_EDGE('',*,*,#100600,.T.);
#100620=CARTESIAN_POINT('',(0.,-0.650000000000002,13.05));
#100630=DIRECTION('',(-1.,0.,0.));
#100640=VECTOR('',#100630,1.);
#100650=LINE('',#100620,#100640);
#100660=CARTESIAN_POINT('',(-1.9,-0.650000000000002,13.05));
#100670=VERTEX_POINT('',#100660);
#100680=EDGE_CURVE('',#100670,#100590,#100650,.T.);
#100690=ORIENTED_EDGE('',*,*,#100680,.T.);
#100700=CARTESIAN_POINT('',(-1.9,-0.650000000000002,0.));
#100710=DIRECTION('',(0.,0.,-1.));
#100720=VECTOR('',#100710,1.);
#100730=LINE('',#100700,#100720);
#100740=CARTESIAN_POINT('',(-1.9,-0.650000000000002,12.75));
#100750=VERTEX_POINT('',#100740);
#100760=EDGE_CURVE('',#100670,#100750,#100730,.T.);
#100770=ORIENTED_EDGE('',*,*,#100760,.F.);
#100780=CARTESIAN_POINT('',(0.,-0.650000000000002,12.75));
#100790=DIRECTION('',(-1.,0.,0.));
#100800=VECTOR('',#100790,1.);
#100810=LINE('',#100780,#100800);
#100820=CARTESIAN_POINT('',(-2.3,-0.650000000000002,12.75));
#100830=VERTEX_POINT('',#100820);
#100840=EDGE_CURVE('',#100750,#100830,#100810,.T.);
#100850=ORIENTED_EDGE('',*,*,#100840,.F.);
#100860=CARTESIAN_POINT('',(-2.3,-0.650000000000002,13.25));
#100870=DIRECTION('',(0.,-1.,0.));
#100880=DIRECTION('',(1.,0.,0.));
#100890=AXIS2_PLACEMENT_3D('',#100860,#100870,#100880);
#100900=CIRCLE('',#100890,0.5);
#100910=EDGE_CURVE('',#96390,#100830,#100900,.T.);
#100920=ORIENTED_EDGE('',*,*,#100910,.T.);
#100930=EDGE_LOOP('',(#100920,#100850,#100770,#100690,#100610,#100520));
#100940=FACE_OUTER_BOUND('',#100930,.T.);
#100950=ADVANCED_FACE('',(#100940),#100510,.T.);
#100960=COLOUR_RGB('',0.823529481887817,0.823529481887817,
0.784313797950745);
#100970=FILL_AREA_STYLE_COLOUR('',#100960);
#100980=FILL_AREA_STYLE('',(#100970));
#100990=SURFACE_STYLE_FILL_AREA(#100980);
#101000=SURFACE_SIDE_STYLE('',(#100990));
#101010=SURFACE_STYLE_USAGE(.BOTH.,#101000);
#101020=PRESENTATION_STYLE_ASSIGNMENT((#101010));
#101030=CARTESIAN_POINT('',(1.2,-0.450000000000003,13.05));
#101040=DIRECTION('',(1.,0.,0.));
#101050=DIRECTION('',(0.,-1.,0.));
#101060=AXIS2_PLACEMENT_3D('',#101030,#101040,#101050);
#101070=PLANE('',#101060);
#101080=CARTESIAN_POINT('',(1.2,0.,13.05));
#101090=DIRECTION('',(0.,1.,0.));
#101100=VECTOR('',#101090,1.);
#101110=LINE('',#101080,#101100);
#101120=CARTESIAN_POINT('',(1.2,2.25,13.05));
#101130=VERTEX_POINT('',#101120);
#101140=EDGE_CURVE('',#97710,#101130,#101110,.T.);
#101150=ORIENTED_EDGE('',*,*,#101140,.F.);
#101160=CARTESIAN_POINT('',(1.2,2.25,0.));
#101170=DIRECTION('',(0.,0.,1.));
#101180=VECTOR('',#101170,1.);
#101190=LINE('',#101160,#101180);
#101200=CARTESIAN_POINT('',(1.2,2.25,12.75));
#101210=VERTEX_POINT('',#101200);
#101220=EDGE_CURVE('',#101210,#101130,#101190,.T.);
#101230=ORIENTED_EDGE('',*,*,#101220,.T.);
#101240=CARTESIAN_POINT('',(1.2,0.,12.75));
#101250=DIRECTION('',(0.,1.,0.));
#101260=VECTOR('',#101250,1.);
#101270=LINE('',#101240,#101260);
#101280=EDGE_CURVE('',#97690,#101210,#101270,.T.);
#101290=ORIENTED_EDGE('',*,*,#101280,.T.);
#101300=ORIENTED_EDGE('',*,*,#97720,.F.);
#101310=EDGE_LOOP('',(#101300,#101290,#101230,#101150));
#101320=FACE_OUTER_BOUND('',#101310,.T.);
#101330=ADVANCED_FACE('',(#101320),#101070,.T.);
#101340=COLOUR_RGB('',0.823529481887817,0.823529481887817,
0.784313797950745);
#101350=FILL_AREA_STYLE_COLOUR('',#101340);
#101360=FILL_AREA_STYLE('',(#101350));
#101370=SURFACE_STYLE_FILL_AREA(#101360);
#101380=SURFACE_SIDE_STYLE('',(#101370));
#101390=SURFACE_STYLE_USAGE(.BOTH.,#101380);
#101400=PRESENTATION_STYLE_ASSIGNMENT((#101390));
#101410=CARTESIAN_POINT('',(0.,3.45,13.45));
#101420=DIRECTION('',(-1.,0.,0.));
#101430=DIRECTION('',(0.,1.,0.));
#101440=AXIS2_PLACEMENT_3D('',#101410,#101420,#101430);
#101450=CYLINDRICAL_SURFACE('',#101440,0.2);
#101460=CARTESIAN_POINT('',(0.,3.65,13.45));
#101470=DIRECTION('',(-1.,0.,0.));
#101480=VECTOR('',#101470,1.);
#101490=LINE('',#101460,#101480);
#101500=EDGE_CURVE('',#95990,#99030,#101490,.T.);
#101510=ORIENTED_EDGE('',*,*,#101500,.F.);
#101520=ORIENTED_EDGE('',*,*,#99040,.F.);
#101530=CARTESIAN_POINT('',(0.,3.45,13.25));
#101540=DIRECTION('',(-1.,0.,0.));
#101550=VECTOR('',#101540,1.);
#101560=LINE('',#101530,#101550);
#101570=EDGE_CURVE('',#96080,#98940,#101560,.T.);
#101580=ORIENTED_EDGE('',*,*,#101570,.T.);
#101590=ORIENTED_EDGE('',*,*,#96090,.T.);
#101600=EDGE_LOOP('',(#101590,#101580,#101520,#101510));
#101610=FACE_OUTER_BOUND('',#101600,.T.);
#101620=ADVANCED_FACE('',(#101610),#101450,.T.);
#101630=COLOUR_RGB('',0.823529481887817,0.823529481887817,
0.784313797950745);
#101640=FILL_AREA_STYLE_COLOUR('',#101630);
#101650=FILL_AREA_STYLE('',(#101640));
#101660=SURFACE_STYLE_FILL_AREA(#101650);
#101670=SURFACE_SIDE_STYLE('',(#101660));
#101680=SURFACE_STYLE_USAGE(.BOTH.,#101670);
#101690=PRESENTATION_STYLE_ASSIGNMENT((#101680));
#101700=CARTESIAN_POINT('',(0.899999999999997,2.35,12.95));
#101710=DIRECTION('',(-0.316227766016838,-0.948683298050514,0.));
#101720=DIRECTION('',(0.948683298050514,-0.316227766016838,0.));
#101730=AXIS2_PLACEMENT_3D('',#101700,#101710,#101720);
#101740=PLANE('',#101730);
#101750=CARTESIAN_POINT('',(0.,2.65,13.05));
#101760=DIRECTION('',(0.948683298050514,-0.316227766016838,0.));
#101770=VECTOR('',#101760,1.);
#101780=LINE('',#101750,#101770);
#101790=EDGE_CURVE('',#96930,#101130,#101780,.T.);
#101800=ORIENTED_EDGE('',*,*,#101790,.T.);
#101810=ORIENTED_EDGE('',*,*,#96940,.F.);
#101820=CARTESIAN_POINT('',(0.,2.65,12.75));
#101830=DIRECTION('',(0.948683298050514,-0.316227766016838,0.));
#101840=VECTOR('',#101830,1.);
#101850=LINE('',#101820,#101840);
#101860=EDGE_CURVE('',#96850,#101210,#101850,.T.);
#101870=ORIENTED_EDGE('',*,*,#101860,.F.);
#101880=ORIENTED_EDGE('',*,*,#101220,.F.);
#101890=EDGE_LOOP('',(#101880,#101870,#101810,#101800));
#101900=FACE_OUTER_BOUND('',#101890,.T.);
#101910=ADVANCED_FACE('',(#101900),#101740,.F.);
#101920=COLOUR_RGB('',0.823529481887817,0.823529481887817,
0.784313797950745);
#101930=FILL_AREA_STYLE_COLOUR('',#101920);
#101940=FILL_AREA_STYLE('',(#101930));
#101950=SURFACE_STYLE_FILL_AREA(#101940);
#101960=SURFACE_SIDE_STYLE('',(#101950));
#101970=SURFACE_STYLE_USAGE(.BOTH.,#101960);
#101980=PRESENTATION_STYLE_ASSIGNMENT((#101970));
#101990=CARTESIAN_POINT('',(0.,-1.15,13.45));
#102000=DIRECTION('',(-1.,0.,0.));
#102010=DIRECTION('',(0.,1.,0.));
#102020=AXIS2_PLACEMENT_3D('',#101990,#102000,#102010);
#102030=CYLINDRICAL_SURFACE('',#102020,0.2);
#102040=ORIENTED_EDGE('',*,*,#96460,.F.);
#102050=ORIENTED_EDGE('',*,*,#99990,.F.);
#102060=CARTESIAN_POINT('',(0.,-1.35,13.45));
#102070=DIRECTION('',(-1.,0.,0.));
#102080=VECTOR('',#102070,1.);
#102090=LINE('',#102060,#102080);
#102100=EDGE_CURVE('',#95070,#99910,#102090,.T.);
#102110=ORIENTED_EDGE('',*,*,#102100,.T.);
#102120=ORIENTED_EDGE('',*,*,#95080,.T.);
#102130=EDGE_LOOP('',(#102120,#102110,#102050,#102040));
#102140=FACE_OUTER_BOUND('',#102130,.T.);
#102150=ADVANCED_FACE('',(#102140),#102030,.T.);
#102160=COLOUR_RGB('',0.823529481887817,0.823529481887817,
0.784313797950745);
#102170=FILL_AREA_STYLE_COLOUR('',#102160);
#102180=FILL_AREA_STYLE('',(#102170));
#102190=SURFACE_STYLE_FILL_AREA(#102180);
#102200=SURFACE_SIDE_STYLE('',(#102190));
#102210=SURFACE_STYLE_USAGE(.BOTH.,#102200);
#102220=PRESENTATION_STYLE_ASSIGNMENT((#102210));
#102230=CARTESIAN_POINT('',(0.6,0.0999999999999996,12.75));
#102240=DIRECTION('',(0.,0.,-1.));
#102250=DIRECTION('',(0.,1.,0.));
#102260=AXIS2_PLACEMENT_3D('',#102230,#102240,#102250);
#102270=PLANE('',#102260);
#102280=ORIENTED_EDGE('',*,*,#97330,.T.);
#102290=ORIENTED_EDGE('',*,*,#98320,.T.);
#102300=ORIENTED_EDGE('',*,*,#98700,.F.);
#102310=ORIENTED_EDGE('',*,*,#100350,.T.);
#102320=EDGE_LOOP('',(#102310,#102300,#102290,#102280));
#102330=FACE_BOUND('',#102320,.T.);
#102340=CARTESIAN_POINT('',(-1.7,2.65,12.75));
#102350=DIRECTION('',(0.,0.,1.));
#102360=DIRECTION('',(1.,0.,0.));
#102370=AXIS2_PLACEMENT_3D('',#102340,#102350,#102360);
#102380=CIRCLE('',#102370,0.2);
#102390=CARTESIAN_POINT('',(-1.9,2.65,12.75));
#102400=VERTEX_POINT('',#102390);
#102410=EDGE_CURVE('',#102400,#96750,#102380,.T.);
#102420=ORIENTED_EDGE('',*,*,#102410,.T.);
#102430=CARTESIAN_POINT('',(-1.9,0.,12.75));
#102440=DIRECTION('',(0.,-1.,0.));
#102450=VECTOR('',#102440,1.);
#102460=LINE('',#102430,#102450);
#102470=CARTESIAN_POINT('',(-1.9,2.95,12.75));
#102480=VERTEX_POINT('',#102470);
#102490=EDGE_CURVE('',#102480,#102400,#102460,.T.);
#102500=ORIENTED_EDGE('',*,*,#102490,.T.);
#102510=CARTESIAN_POINT('',(0.,2.95,12.75));
#102520=DIRECTION('',(-1.,0.,0.));
#102530=VECTOR('',#102520,1.);
#102540=LINE('',#102510,#102530);
#102550=CARTESIAN_POINT('',(-2.3,2.95,12.75));
#102560=VERTEX_POINT('',#102550);
#102570=EDGE_CURVE('',#102480,#102560,#102540,.T.);
#102580=ORIENTED_EDGE('',*,*,#102570,.F.);
#102590=CARTESIAN_POINT('',(-2.3,2.75,12.75));
#102600=DIRECTION('',(0.,-1.,0.));
#102610=VECTOR('',#102600,1.);
#102620=LINE('',#102590,#102610);
#102630=EDGE_CURVE('',#102560,#100830,#102620,.T.);
#102640=ORIENTED_EDGE('',*,*,#102630,.F.);
#102650=ORIENTED_EDGE('',*,*,#100840,.T.);
#102660=CARTESIAN_POINT('',(-1.9,0.,12.75));
#102670=DIRECTION('',(0.,-1.,0.));
#102680=VECTOR('',#102670,1.);
#102690=LINE('',#102660,#102680);
#102700=CARTESIAN_POINT('',(-1.9,-0.350000000000003,12.75));
#102710=VERTEX_POINT('',#102700);
#102720=EDGE_CURVE('',#102710,#100750,#102690,.T.);
#102730=ORIENTED_EDGE('',*,*,#102720,.T.);
#102740=CARTESIAN_POINT('',(-1.7,-0.350000000000003,12.75));
#102750=DIRECTION('',(0.,0.,-1.));
#102760=DIRECTION('',(-1.,0.,0.));
#102770=AXIS2_PLACEMENT_3D('',#102740,#102750,#102760);
#102780=CIRCLE('',#102770,0.2);
#102790=CARTESIAN_POINT('',(-1.7,-0.150000000000003,12.75));
#102800=VERTEX_POINT('',#102790);
#102810=EDGE_CURVE('',#102710,#102800,#102780,.T.);
#102820=ORIENTED_EDGE('',*,*,#102810,.F.);
#102830=CARTESIAN_POINT('',(0.,-0.150000000000003,12.75));
#102840=DIRECTION('',(-1.,0.,0.));
#102850=VECTOR('',#102840,1.);
#102860=LINE('',#102830,#102850);
#102870=EDGE_CURVE('',#97790,#102800,#102860,.T.);
#102880=ORIENTED_EDGE('',*,*,#102870,.T.);
#102890=ORIENTED_EDGE('',*,*,#97800,.T.);
#102900=ORIENTED_EDGE('',*,*,#101280,.F.);
#102910=ORIENTED_EDGE('',*,*,#101860,.T.);
#102920=ORIENTED_EDGE('',*,*,#96860,.T.);
#102930=EDGE_LOOP('',(#102920,#102910,#102900,#102890,#102880,#102820,
#102730,#102650,#102640,#102580,#102500,#102420));
#102940=FACE_OUTER_BOUND('',#102930,.T.);
#102950=ADVANCED_FACE('',(#102330,#102940),#102270,.T.);
#102960=COLOUR_RGB('',0.823529481887817,0.823529481887817,
0.784313797950745);
#102970=FILL_AREA_STYLE_COLOUR('',#102960);
#102980=FILL_AREA_STYLE('',(#102970));
#102990=SURFACE_STYLE_FILL_AREA(#102980);
#103000=SURFACE_SIDE_STYLE('',(#102990));
#103010=SURFACE_STYLE_USAGE(.BOTH.,#103000);
#103020=PRESENTATION_STYLE_ASSIGNMENT((#103010));
#103030=CARTESIAN_POINT('',(-1.75,1.15,12.6));
#103040=DIRECTION('',(0.,0.,-1.));
#103050=DIRECTION('',(0.,1.,0.));
#103060=AXIS2_PLACEMENT_3D('',#103030,#103040,#103050);
#103070=PLANE('',#103060);
#103080=ORIENTED_EDGE('',*,*,#100280,.T.);
#103090=ORIENTED_EDGE('',*,*,#98560,.T.);
#103100=ORIENTED_EDGE('',*,*,#98180,.T.);
#103110=ORIENTED_EDGE('',*,*,#97470,.T.);
#103120=EDGE_LOOP('',(#103110,#103100,#103090,#103080));
#103130=FACE_OUTER_BOUND('',#103120,.T.);
#103140=ADVANCED_FACE('',(#103130),#103070,.T.);
#103150=COLOUR_RGB('',0.823529481887817,0.823529481887817,
0.784313797950745);
#103160=FILL_AREA_STYLE_COLOUR('',#103150);
#103170=FILL_AREA_STYLE('',(#103160));
#103180=SURFACE_STYLE_FILL_AREA(#103170);
#103190=SURFACE_SIDE_STYLE('',(#103180));
#103200=SURFACE_STYLE_USAGE(.BOTH.,#103190);
#103210=PRESENTATION_STYLE_ASSIGNMENT((#103200));
#103220=CARTESIAN_POINT('',(-1.75,1.15,13.05));
#103230=DIRECTION('',(-0.,0.,1.));
#103240=DIRECTION('',(0.,-1.,0.));
#103250=AXIS2_PLACEMENT_3D('',#103220,#103230,#103240);
#103260=PLANE('',#103250);
#103270=ORIENTED_EDGE('',*,*,#97940,.T.);
#103280=CARTESIAN_POINT('',(0.,-0.150000000000003,13.05));
#103290=DIRECTION('',(-1.,0.,0.));
#103300=VECTOR('',#103290,1.);
#103310=LINE('',#103280,#103300);
#103320=CARTESIAN_POINT('',(-1.7,-0.150000000000003,13.05));
#103330=VERTEX_POINT('',#103320);
#103340=EDGE_CURVE('',#97870,#103330,#103310,.T.);
#103350=ORIENTED_EDGE('',*,*,#103340,.F.);
#103360=CARTESIAN_POINT('',(-1.7,-0.350000000000003,13.05));
#103370=DIRECTION('',(0.,0.,-1.));
#103380=DIRECTION('',(-1.,0.,0.));
#103390=AXIS2_PLACEMENT_3D('',#103360,#103370,#103380);
#103400=CIRCLE('',#103390,0.2);
#103410=CARTESIAN_POINT('',(-1.9,-0.350000000000003,13.05));
#103420=VERTEX_POINT('',#103410);
#103430=EDGE_CURVE('',#103420,#103330,#103400,.T.);
#103440=ORIENTED_EDGE('',*,*,#103430,.T.);
#103450=CARTESIAN_POINT('',(-1.9,0.,13.05));
#103460=DIRECTION('',(0.,-1.,0.));
#103470=VECTOR('',#103460,1.);
#103480=LINE('',#103450,#103470);
#103490=EDGE_CURVE('',#103420,#100670,#103480,.T.);
#103500=ORIENTED_EDGE('',*,*,#103490,.F.);
#103510=ORIENTED_EDGE('',*,*,#100680,.F.);
#103520=CARTESIAN_POINT('',(-2.3,2.75,13.05));
#103530=DIRECTION('',(0.,1.,0.));
#103540=VECTOR('',#103530,1.);
#103550=LINE('',#103520,#103540);
#103560=CARTESIAN_POINT('',(-2.3,2.95,13.05));
#103570=VERTEX_POINT('',#103560);
#103580=EDGE_CURVE('',#100590,#103570,#103550,.T.);
#103590=ORIENTED_EDGE('',*,*,#103580,.F.);
#103600=CARTESIAN_POINT('',(0.,2.95,13.05));
#103610=DIRECTION('',(-1.,0.,0.));
#103620=VECTOR('',#103610,1.);
#103630=LINE('',#103600,#103620);
#103640=CARTESIAN_POINT('',(-1.9,2.95,13.05));
#103650=VERTEX_POINT('',#103640);
#103660=EDGE_CURVE('',#103650,#103570,#103630,.T.);
#103670=ORIENTED_EDGE('',*,*,#103660,.T.);
#103680=CARTESIAN_POINT('',(-1.9,0.,13.05));
#103690=DIRECTION('',(0.,-1.,0.));
#103700=VECTOR('',#103690,1.);
#103710=LINE('',#103680,#103700);
#103720=CARTESIAN_POINT('',(-1.9,2.65,13.05));
#103730=VERTEX_POINT('',#103720);
#103740=EDGE_CURVE('',#103650,#103730,#103710,.T.);
#103750=ORIENTED_EDGE('',*,*,#103740,.F.);
#103760=CARTESIAN_POINT('',(-1.7,2.65,13.05));
#103770=DIRECTION('',(0.,0.,1.));
#103780=DIRECTION('',(1.,0.,0.));
#103790=AXIS2_PLACEMENT_3D('',#103760,#103770,#103780);
#103800=CIRCLE('',#103790,0.2);
#103810=EDGE_CURVE('',#103730,#96770,#103800,.T.);
#103820=ORIENTED_EDGE('',*,*,#103810,.F.);
#103830=ORIENTED_EDGE('',*,*,#97000,.F.);
#103840=ORIENTED_EDGE('',*,*,#101790,.F.);
#103850=ORIENTED_EDGE('',*,*,#101140,.T.);
#103860=EDGE_LOOP('',(#103850,#103840,#103830,#103820,#103750,#103670,
#103590,#103510,#103500,#103440,#103350,#103270));
#103870=FACE_OUTER_BOUND('',#103860,.T.);
#103880=ADVANCED_FACE('',(#103870),#103260,.T.);
#103890=COLOUR_RGB('',0.823529481887817,0.823529481887817,
0.784313797950745);
#103900=FILL_AREA_STYLE_COLOUR('',#103890);
#103910=FILL_AREA_STYLE('',(#103900));
#103920=SURFACE_STYLE_FILL_AREA(#103910);
#103930=SURFACE_SIDE_STYLE('',(#103920));
#103940=SURFACE_STYLE_USAGE(.BOTH.,#103930);
#103950=PRESENTATION_STYLE_ASSIGNMENT((#103940));
#103960=CARTESIAN_POINT('',(0.,-1.15,14.25));
#103970=DIRECTION('',(-1.,0.,0.));
#103980=DIRECTION('',(0.,1.,0.));
#103990=AXIS2_PLACEMENT_3D('',#103960,#103970,#103980);
#104000=CYLINDRICAL_SURFACE('',#103990,0.2);
#104010=CARTESIAN_POINT('',(0.,-1.35,14.25));
#104020=DIRECTION('',(-1.,0.,0.));
#104030=VECTOR('',#104020,1.);
#104040=LINE('',#104010,#104030);
#104050=EDGE_CURVE('',#95150,#99830,#104040,.T.);
#104060=ORIENTED_EDGE('',*,*,#104050,.F.);
#104070=ORIENTED_EDGE('',*,*,#99840,.F.);
#104080=CARTESIAN_POINT('',(0.,-1.15,14.45));
#104090=DIRECTION('',(-1.,0.,0.));
#104100=VECTOR('',#104090,1.);
#104110=LINE('',#104080,#104100);
#104120=EDGE_CURVE('',#95240,#99740,#104110,.T.);
#104130=ORIENTED_EDGE('',*,*,#104120,.T.);
#104140=ORIENTED_EDGE('',*,*,#95250,.T.);
#104150=EDGE_LOOP('',(#104140,#104130,#104070,#104060));
#104160=FACE_OUTER_BOUND('',#104150,.T.);
#104170=ADVANCED_FACE('',(#104160),#104000,.T.);
#104180=COLOUR_RGB('',0.823529481887817,0.823529481887817,
0.784313797950745);
#104190=FILL_AREA_STYLE_COLOUR('',#104180);
#104200=FILL_AREA_STYLE('',(#104190));
#104210=SURFACE_STYLE_FILL_AREA(#104200);
#104220=SURFACE_SIDE_STYLE('',(#104210));
#104230=SURFACE_STYLE_USAGE(.BOTH.,#104220);
#104240=PRESENTATION_STYLE_ASSIGNMENT((#104230));
#104250=CARTESIAN_POINT('',(-3.2000024,0.249999999999998,13.85));
#104260=DIRECTION('',(0.,-1.,0.));
#104270=DIRECTION('',(0.,0.,1.));
#104280=AXIS2_PLACEMENT_3D('',#104250,#104260,#104270);
#104290=PLANE('',#104280);
#104300=CARTESIAN_POINT('',(0.,0.249999999999998,14.45));
#104310=DIRECTION('',(-1.,0.,0.));
#104320=VECTOR('',#104310,1.);
#104330=LINE('',#104300,#104320);
#104340=EDGE_CURVE('',#95320,#99700,#104330,.T.);
#104350=ORIENTED_EDGE('',*,*,#104340,.F.);
#104360=ORIENTED_EDGE('',*,*,#99710,.T.);
#104370=CARTESIAN_POINT('',(0.,0.249999999999998,14.05));
#104380=DIRECTION('',(1.,0.,0.));
#104390=VECTOR('',#104380,1.);
#104400=LINE('',#104370,#104390);
#104410=EDGE_CURVE('',#99620,#95400,#104400,.T.);
#104420=ORIENTED_EDGE('',*,*,#104410,.F.);
#104430=ORIENTED_EDGE('',*,*,#95410,.F.);
#104440=EDGE_LOOP('',(#104430,#104420,#104360,#104350));
#104450=FACE_OUTER_BOUND('',#104440,.T.);
#104460=ADVANCED_FACE('',(#104450),#104290,.F.);
#104470=COLOUR_RGB('',0.823529481887817,0.823529481887817,
0.784313797950745);
#104480=FILL_AREA_STYLE_COLOUR('',#104470);
#104490=FILL_AREA_STYLE('',(#104480));
#104500=SURFACE_STYLE_FILL_AREA(#104490);
#104510=SURFACE_SIDE_STYLE('',(#104500));
#104520=SURFACE_STYLE_USAGE(.BOTH.,#104510);
#104530=PRESENTATION_STYLE_ASSIGNMENT((#104520));
#104540=CARTESIAN_POINT('',(-3.2000024,2.05,14.45));
#104550=DIRECTION('',(0.,1.,0.));
#104560=DIRECTION('',(0.,0.,-1.));
#104570=AXIS2_PLACEMENT_3D('',#104540,#104550,#104560);
#104580=PLANE('',#104570);
#104590=CARTESIAN_POINT('',(0.,2.05,14.05));
#104600=DIRECTION('',(1.,0.,0.));
#104610=VECTOR('',#104600,1.);
#104620=LINE('',#104590,#104610);
#104630=EDGE_CURVE('',#99360,#95660,#104620,.T.);
#104640=ORIENTED_EDGE('',*,*,#104630,.T.);
#104650=ORIENTED_EDGE('',*,*,#99370,.T.);
#104660=CARTESIAN_POINT('',(0.,2.05,14.45));
#104670=DIRECTION('',(1.,0.,0.));
#104680=VECTOR('',#104670,1.);
#104690=LINE('',#104660,#104680);
#104700=EDGE_CURVE('',#99280,#95740,#104690,.T.);
#104710=ORIENTED_EDGE('',*,*,#104700,.F.);
#104720=ORIENTED_EDGE('',*,*,#95750,.F.);
#104730=EDGE_LOOP('',(#104720,#104710,#104650,#104640));
#104740=FACE_OUTER_BOUND('',#104730,.T.);
#104750=ADVANCED_FACE('',(#104740),#104580,.F.);
#104760=COLOUR_RGB('',0.823529481887817,0.823529481887817,
0.784313797950745);
#104770=FILL_AREA_STYLE_COLOUR('',#104760);
#104780=FILL_AREA_STYLE('',(#104770));
#104790=SURFACE_STYLE_FILL_AREA(#104780);
#104800=SURFACE_SIDE_STYLE('',(#104790));
#104810=SURFACE_STYLE_USAGE(.BOTH.,#104800);
#104820=PRESENTATION_STYLE_ASSIGNMENT((#104810));
#104830=CARTESIAN_POINT('',(-1.3,-0.150000000000003,12.5999976));
#104840=DIRECTION('',(-0.,1.,0.));
#104850=DIRECTION('',(1.,0.,0.));
#104860=AXIS2_PLACEMENT_3D('',#104830,#104840,#104850);
#104870=PLANE('',#104860);
#104880=CARTESIAN_POINT('',(-1.7,-0.150000000000003,0.));
#104890=DIRECTION('',(0.,0.,-1.));
#104900=VECTOR('',#104890,1.);
#104910=LINE('',#104880,#104900);
#104920=EDGE_CURVE('',#103330,#102800,#104910,.T.);
#104930=ORIENTED_EDGE('',*,*,#104920,.T.);
#104940=ORIENTED_EDGE('',*,*,#103340,.T.);
#104950=ORIENTED_EDGE('',*,*,#97880,.F.);
#104960=ORIENTED_EDGE('',*,*,#102870,.F.);
#104970=EDGE_LOOP('',(#104960,#104950,#104940,#104930));
#104980=FACE_OUTER_BOUND('',#104970,.T.);
#104990=ADVANCED_FACE('',(#104980),#104870,.F.);
#105000=COLOUR_RGB('',0.823529481887817,0.823529481887817,
0.784313797950745);
#105010=FILL_AREA_STYLE_COLOUR('',#105000);
#105020=FILL_AREA_STYLE('',(#105010));
#105030=SURFACE_STYLE_FILL_AREA(#105020);
#105040=SURFACE_SIDE_STYLE('',(#105030));
#105050=SURFACE_STYLE_USAGE(.BOTH.,#105040);
#105060=PRESENTATION_STYLE_ASSIGNMENT((#105050));
#105070=CARTESIAN_POINT('',(-1.7,2.65,0.));
#105080=DIRECTION('',(0.,0.,1.));
#105090=DIRECTION('',(1.,0.,0.));
#105100=AXIS2_PLACEMENT_3D('',#105070,#105080,#105090);
#105110=CYLINDRICAL_SURFACE('',#105100,0.2);
#105120=ORIENTED_EDGE('',*,*,#103810,.T.);
#105130=CARTESIAN_POINT('',(-1.9,2.65,0.));
#105140=DIRECTION('',(0.,0.,1.));
#105150=VECTOR('',#105140,1.);
#105160=LINE('',#105130,#105150);
#105170=EDGE_CURVE('',#102400,#103730,#105160,.T.);
#105180=ORIENTED_EDGE('',*,*,#105170,.T.);
#105190=ORIENTED_EDGE('',*,*,#102410,.F.);
#105200=ORIENTED_EDGE('',*,*,#96780,.F.);
#105210=EDGE_LOOP('',(#105200,#105190,#105180,#105120));
#105220=FACE_OUTER_BOUND('',#105210,.T.);
#105230=ADVANCED_FACE('',(#105220),#105110,.F.);
#105240=COLOUR_RGB('',0.823529481887817,0.823529481887817,
0.784313797950745);
#105250=FILL_AREA_STYLE_COLOUR('',#105240);
#105260=FILL_AREA_STYLE('',(#105250));
#105270=SURFACE_STYLE_FILL_AREA(#105260);
#105280=SURFACE_SIDE_STYLE('',(#105270));
#105290=SURFACE_STYLE_USAGE(.BOTH.,#105280);
#105300=PRESENTATION_STYLE_ASSIGNMENT((#105290));
#105310=CARTESIAN_POINT('',(-1.9,-0.450000000000003,13.05));
#105320=DIRECTION('',(1.,0.,0.));
#105330=DIRECTION('',(0.,-1.,0.));
#105340=AXIS2_PLACEMENT_3D('',#105310,#105320,#105330);
#105350=PLANE('',#105340);
#105360=ORIENTED_EDGE('',*,*,#102490,.F.);
#105370=ORIENTED_EDGE('',*,*,#105170,.F.);
#105380=ORIENTED_EDGE('',*,*,#103740,.T.);
#105390=CARTESIAN_POINT('',(-1.9,2.95,0.));
#105400=DIRECTION('',(0.,0.,1.));
#105410=VECTOR('',#105400,1.);
#105420=LINE('',#105390,#105410);
#105430=EDGE_CURVE('',#102480,#103650,#105420,.T.);
#105440=ORIENTED_EDGE('',*,*,#105430,.T.);
#105450=EDGE_LOOP('',(#105440,#105380,#105370,#105360));
#105460=FACE_OUTER_BOUND('',#105450,.T.);
#105470=ADVANCED_FACE('',(#105460),#105350,.T.);
#105480=COLOUR_RGB('',0.823529481887817,0.823529481887817,
0.784313797950745);
#105490=FILL_AREA_STYLE_COLOUR('',#105480);
#105500=FILL_AREA_STYLE('',(#105490));
#105510=SURFACE_STYLE_FILL_AREA(#105500);
#105520=SURFACE_SIDE_STYLE('',(#105510));
#105530=SURFACE_STYLE_USAGE(.BOTH.,#105520);
#105540=PRESENTATION_STYLE_ASSIGNMENT((#105530));
#105550=CARTESIAN_POINT('',(0.,0.449999999999998,14.05));
#105560=DIRECTION('',(1.,0.,0.));
#105570=DIRECTION('',(0.,-1.,0.));
#105580=AXIS2_PLACEMENT_3D('',#105550,#105560,#105570);
#105590=CYLINDRICAL_SURFACE('',#105580,0.2);
#105600=ORIENTED_EDGE('',*,*,#104410,.T.);
#105610=ORIENTED_EDGE('',*,*,#99630,.F.);
#105620=CARTESIAN_POINT('',(0.,0.449999999999998,13.85));
#105630=DIRECTION('',(1.,0.,0.));
#105640=VECTOR('',#105630,1.);
#105650=LINE('',#105620,#105640);
#105660=EDGE_CURVE('',#99530,#95490,#105650,.T.);
#105670=ORIENTED_EDGE('',*,*,#105660,.F.);
#105680=ORIENTED_EDGE('',*,*,#95500,.T.);
#105690=EDGE_LOOP('',(#105680,#105670,#105610,#105600));
#105700=FACE_OUTER_BOUND('',#105690,.T.);
#105710=ADVANCED_FACE('',(#105700),#105590,.F.);
#105720=COLOUR_RGB('',0.823529481887817,0.823529481887817,
0.784313797950745);
#105730=FILL_AREA_STYLE_COLOUR('',#105720);
#105740=FILL_AREA_STYLE('',(#105730));
#105750=SURFACE_STYLE_FILL_AREA(#105740);
#105760=SURFACE_SIDE_STYLE('',(#105750));
#105770=SURFACE_STYLE_USAGE(.BOTH.,#105760);
#105780=PRESENTATION_STYLE_ASSIGNMENT((#105770));
#105790=CARTESIAN_POINT('',(-3.7117803674938,2.95,13.1001399062873));
#105800=DIRECTION('',(-0.,1.,0.));
#105810=DIRECTION('',(1.,0.,0.));
#105820=AXIS2_PLACEMENT_3D('',#105790,#105800,#105810);
#105830=PLANE('',#105820);
#105840=CARTESIAN_POINT('',(-2.3,2.95,13.25));
#105850=DIRECTION('',(0.,-1.,0.));
#105860=DIRECTION('',(1.,0.,0.));
#105870=AXIS2_PLACEMENT_3D('',#105840,#105850,#105860);
#105880=CIRCLE('',#105870,0.5);
#105890=EDGE_CURVE('',#98920,#102560,#105880,.T.);
#105900=ORIENTED_EDGE('',*,*,#105890,.F.);
#105910=ORIENTED_EDGE('',*,*,#102570,.T.);
#105920=ORIENTED_EDGE('',*,*,#105430,.F.);
#105930=ORIENTED_EDGE('',*,*,#103660,.F.);
#105940=CARTESIAN_POINT('',(-2.3,2.95,13.25));
#105950=DIRECTION('',(0.,1.,0.));
#105960=DIRECTION('',(1.,0.,0.));
#105970=AXIS2_PLACEMENT_3D('',#105940,#105950,#105960);
#105980=CIRCLE('',#105970,0.2);
#105990=EDGE_CURVE('',#103570,#94900,#105980,.T.);
#106000=ORIENTED_EDGE('',*,*,#105990,.F.);
#106010=CARTESIAN_POINT('',(0.,2.95,13.25));
#106020=DIRECTION('',(-1.,0.,0.));
#106030=VECTOR('',#106020,1.);
#106040=LINE('',#106010,#106030);
#106050=EDGE_CURVE('',#94900,#98920,#106040,.T.);
#106060=ORIENTED_EDGE('',*,*,#106050,.F.);
#106070=EDGE_LOOP('',(#106060,#106000,#105930,#105920,#105910,#105900));
#106080=FACE_OUTER_BOUND('',#106070,.T.);
#106090=ADVANCED_FACE('',(#106080),#105830,.T.);
#106100=COLOUR_RGB('',0.823529481887817,0.823529481887817,
0.784313797950745);
#106110=FILL_AREA_STYLE_COLOUR('',#106100);
#106120=FILL_AREA_STYLE('',(#106110));
#106130=SURFACE_STYLE_FILL_AREA(#106120);
#106140=SURFACE_SIDE_STYLE('',(#106130));
#106150=SURFACE_STYLE_USAGE(.BOTH.,#106140);
#106160=PRESENTATION_STYLE_ASSIGNMENT((#106150));
#106170=CARTESIAN_POINT('',(-2.3,2.75,13.25));
#106180=DIRECTION('',(0.,1.,0.));
#106190=DIRECTION('',(1.,0.,0.));
#106200=AXIS2_PLACEMENT_3D('',#106170,#106180,#106190);
#106210=CYLINDRICAL_SURFACE('',#106200,0.2);
#106220=ORIENTED_EDGE('',*,*,#105990,.T.);
#106230=ORIENTED_EDGE('',*,*,#103580,.T.);
#106240=ORIENTED_EDGE('',*,*,#100600,.F.);
#106250=ORIENTED_EDGE('',*,*,#94910,.F.);
#106260=EDGE_LOOP('',(#106250,#106240,#106230,#106220));
#106270=FACE_OUTER_BOUND('',#106260,.T.);
#106280=ADVANCED_FACE('',(#106270),#106210,.F.);
#106290=COLOUR_RGB('',0.823529481887817,0.823529481887817,
0.784313797950745);
#106300=FILL_AREA_STYLE_COLOUR('',#106290);
#106310=FILL_AREA_STYLE('',(#106300));
#106320=SURFACE_STYLE_FILL_AREA(#106310);
#106330=SURFACE_SIDE_STYLE('',(#106320));
#106340=SURFACE_STYLE_USAGE(.BOTH.,#106330);
#106350=PRESENTATION_STYLE_ASSIGNMENT((#106340));
#106360=CARTESIAN_POINT('',(-2.5,3.65,13.25));
#106370=DIRECTION('',(0.,1.,0.));
#106380=DIRECTION('',(0.,0.,-1.));
#106390=AXIS2_PLACEMENT_3D('',#106360,#106370,#106380);
#106400=PLANE('',#106390);
#106410=ORIENTED_EDGE('',*,*,#96000,.F.);
#106420=CARTESIAN_POINT('',(0.,3.65,14.25));
#106430=DIRECTION('',(-1.,0.,0.));
#106440=VECTOR('',#106430,1.);
#106450=LINE('',#106420,#106440);
#106460=EDGE_CURVE('',#95910,#99110,#106450,.T.);
#106470=ORIENTED_EDGE('',*,*,#106460,.F.);
#106480=ORIENTED_EDGE('',*,*,#99120,.T.);
#106490=ORIENTED_EDGE('',*,*,#101500,.T.);
#106500=EDGE_LOOP('',(#106490,#106480,#106470,#106410));
#106510=FACE_OUTER_BOUND('',#106500,.T.);
#106520=ADVANCED_FACE('',(#106510),#106400,.T.);
#106530=COLOUR_RGB('',0.823529481887817,0.823529481887817,
0.784313797950745);
#106540=FILL_AREA_STYLE_COLOUR('',#106530);
#106550=FILL_AREA_STYLE('',(#106540));
#106560=SURFACE_STYLE_FILL_AREA(#106550);
#106570=SURFACE_SIDE_STYLE('',(#106560));
#106580=SURFACE_STYLE_USAGE(.BOTH.,#106570);
#106590=PRESENTATION_STYLE_ASSIGNMENT((#106580));
#106600=CARTESIAN_POINT('',(-2.5,3.65,14.45));
#106610=DIRECTION('',(0.,-0.,1.));
#106620=DIRECTION('',(0.,1.,0.));
#106630=AXIS2_PLACEMENT_3D('',#106600,#106610,#106620);
#106640=PLANE('',#106630);
#106650=ORIENTED_EDGE('',*,*,#104700,.T.);
#106660=ORIENTED_EDGE('',*,*,#99290,.T.);
#106670=CARTESIAN_POINT('',(0.,3.45,14.45));
#106680=DIRECTION('',(-1.,0.,0.));
#106690=VECTOR('',#106680,1.);
#106700=LINE('',#106670,#106690);
#106710=EDGE_CURVE('',#95820,#99200,#106700,.T.);
#106720=ORIENTED_EDGE('',*,*,#106710,.T.);
#106730=ORIENTED_EDGE('',*,*,#95830,.F.);
#106740=EDGE_LOOP('',(#106730,#106720,#106660,#106650));
#106750=FACE_OUTER_BOUND('',#106740,.T.);
#106760=ADVANCED_FACE('',(#106750),#106640,.T.);
#106770=COLOUR_RGB('',0.823529481887817,0.823529481887817,
0.784313797950745);
#106780=FILL_AREA_STYLE_COLOUR('',#106770);
#106790=FILL_AREA_STYLE('',(#106780));
#106800=SURFACE_STYLE_FILL_AREA(#106790);
#106810=SURFACE_SIDE_STYLE('',(#106800));
#106820=SURFACE_STYLE_USAGE(.BOTH.,#106810);
#106830=PRESENTATION_STYLE_ASSIGNMENT((#106820));
#106840=CARTESIAN_POINT('',(0.,1.85,14.05));
#106850=DIRECTION('',(1.,0.,0.));
#106860=DIRECTION('',(0.,-1.,0.));
#106870=AXIS2_PLACEMENT_3D('',#106840,#106850,#106860);
#106880=CYLINDRICAL_SURFACE('',#106870,0.2);
#106890=CARTESIAN_POINT('',(0.,1.85,13.85));
#106900=DIRECTION('',(1.,0.,0.));
#106910=VECTOR('',#106900,1.);
#106920=LINE('',#106890,#106910);
#106930=EDGE_CURVE('',#99450,#95570,#106920,.T.);
#106940=ORIENTED_EDGE('',*,*,#106930,.T.);
#106950=ORIENTED_EDGE('',*,*,#99460,.F.);
#106960=ORIENTED_EDGE('',*,*,#104630,.F.);
#106970=ORIENTED_EDGE('',*,*,#95670,.T.);
#106980=EDGE_LOOP('',(#106970,#106960,#106950,#106940));
#106990=FACE_OUTER_BOUND('',#106980,.T.);
#107000=ADVANCED_FACE('',(#106990),#106880,.F.);
#107010=COLOUR_RGB('',0.823529481887817,0.823529481887817,
0.784313797950745);
#107020=FILL_AREA_STYLE_COLOUR('',#107010);
#107030=FILL_AREA_STYLE('',(#107020));
#107040=SURFACE_STYLE_FILL_AREA(#107030);
#107050=SURFACE_SIDE_STYLE('',(#107040));
#107060=SURFACE_STYLE_USAGE(.BOTH.,#107050);
#107070=PRESENTATION_STYLE_ASSIGNMENT((#107060));
#107080=ORIENTED_EDGE('',*,*,#104120,.F.);
#107090=ORIENTED_EDGE('',*,*,#99750,.T.);
#107100=ORIENTED_EDGE('',*,*,#104340,.T.);
#107110=ORIENTED_EDGE('',*,*,#95330,.F.);
#107120=EDGE_LOOP('',(#107110,#107100,#107090,#107080));
#107130=FACE_OUTER_BOUND('',#107120,.T.);
#107140=ADVANCED_FACE('',(#107130),#106640,.T.);
#107150=COLOUR_RGB('',0.823529481887817,0.823529481887817,
0.784313797950745);
#107160=FILL_AREA_STYLE_COLOUR('',#107150);
#107170=FILL_AREA_STYLE('',(#107160));
#107180=SURFACE_STYLE_FILL_AREA(#107170);
#107190=SURFACE_SIDE_STYLE('',(#107180));
#107200=SURFACE_STYLE_USAGE(.BOTH.,#107190);
#107210=PRESENTATION_STYLE_ASSIGNMENT((#107200));
#107220=CARTESIAN_POINT('',(0.,3.45,14.25));
#107230=DIRECTION('',(-1.,0.,0.));
#107240=DIRECTION('',(0.,1.,0.));
#107250=AXIS2_PLACEMENT_3D('',#107220,#107230,#107240);
#107260=CYLINDRICAL_SURFACE('',#107250,0.2);
#107270=ORIENTED_EDGE('',*,*,#106710,.F.);
#107280=ORIENTED_EDGE('',*,*,#99210,.F.);
#107290=ORIENTED_EDGE('',*,*,#106460,.T.);
#107300=ORIENTED_EDGE('',*,*,#95920,.T.);
#107310=EDGE_LOOP('',(#107300,#107290,#107280,#107270));
#107320=FACE_OUTER_BOUND('',#107310,.T.);
#107330=ADVANCED_FACE('',(#107320),#107260,.T.);
#107340=COLOUR_RGB('',0.823529481887817,0.823529481887817,
0.784313797950745);
#107350=FILL_AREA_STYLE_COLOUR('',#107340);
#107360=FILL_AREA_STYLE('',(#107350));
#107370=SURFACE_STYLE_FILL_AREA(#107360);
#107380=SURFACE_SIDE_STYLE('',(#107370));
#107390=SURFACE_STYLE_USAGE(.BOTH.,#107380);
#107400=PRESENTATION_STYLE_ASSIGNMENT((#107390));
#107410=CARTESIAN_POINT('',(-1.9,-0.450000000000003,13.05));
#107420=DIRECTION('',(1.,0.,0.));
#107430=DIRECTION('',(0.,-1.,0.));
#107440=AXIS2_PLACEMENT_3D('',#107410,#107420,#107430);
#107450=PLANE('',#107440);
#107460=ORIENTED_EDGE('',*,*,#103490,.T.);
#107470=CARTESIAN_POINT('',(-1.9,-0.350000000000003,0.));
#107480=DIRECTION('',(0.,0.,-1.));
#107490=VECTOR('',#107480,1.);
#107500=LINE('',#107470,#107490);
#107510=EDGE_CURVE('',#103420,#102710,#107500,.T.);
#107520=ORIENTED_EDGE('',*,*,#107510,.F.);
#107530=ORIENTED_EDGE('',*,*,#102720,.F.);
#107540=ORIENTED_EDGE('',*,*,#100760,.T.);
#107550=EDGE_LOOP('',(#107540,#107530,#107520,#107460));
#107560=FACE_OUTER_BOUND('',#107550,.T.);
#107570=ADVANCED_FACE('',(#107560),#107450,.T.);
#107580=COLOUR_RGB('',0.823529481887817,0.823529481887817,
0.784313797950745);
#107590=FILL_AREA_STYLE_COLOUR('',#107580);
#107600=FILL_AREA_STYLE('',(#107590));
#107610=SURFACE_STYLE_FILL_AREA(#107600);
#107620=SURFACE_SIDE_STYLE('',(#107610));
#107630=SURFACE_STYLE_USAGE(.BOTH.,#107620);
#107640=PRESENTATION_STYLE_ASSIGNMENT((#107630));
#107650=CARTESIAN_POINT('',(-2.5,2.55,13.25));
#107660=DIRECTION('',(-0.,-0.,-1.));
#107670=DIRECTION('',(0.,-1.,0.));
#107680=AXIS2_PLACEMENT_3D('',#107650,#107660,#107670);
#107690=PLANE('',#107680);
#107700=ORIENTED_EDGE('',*,*,#106050,.T.);
#107710=ORIENTED_EDGE('',*,*,#96150,.F.);
#107720=ORIENTED_EDGE('',*,*,#101570,.F.);
#107730=ORIENTED_EDGE('',*,*,#98950,.T.);
#107740=EDGE_LOOP('',(#107730,#107720,#107710,#107700));
#107750=FACE_OUTER_BOUND('',#107740,.T.);
#107760=ADVANCED_FACE('',(#107750),#107690,.T.);
#107770=COLOUR_RGB('',0.823529481887817,0.823529481887817,
0.784313797950745);
#107780=FILL_AREA_STYLE_COLOUR('',#107770);
#107790=FILL_AREA_STYLE('',(#107780));
#107800=SURFACE_STYLE_FILL_AREA(#107790);
#107810=SURFACE_SIDE_STYLE('',(#107800));
#107820=SURFACE_STYLE_USAGE(.BOTH.,#107810);
#107830=PRESENTATION_STYLE_ASSIGNMENT((#107820));
#107840=CARTESIAN_POINT('',(-2.5,-1.35,14.25));
#107850=DIRECTION('',(0.,-1.,0.));
#107860=DIRECTION('',(0.,0.,1.));
#107870=AXIS2_PLACEMENT_3D('',#107840,#107850,#107860);
#107880=PLANE('',#107870);
#107890=ORIENTED_EDGE('',*,*,#95160,.F.);
#107900=ORIENTED_EDGE('',*,*,#102100,.F.);
#107910=ORIENTED_EDGE('',*,*,#99920,.T.);
#107920=ORIENTED_EDGE('',*,*,#104050,.T.);
#107930=EDGE_LOOP('',(#107920,#107910,#107900,#107890));
#107940=FACE_OUTER_BOUND('',#107930,.T.);
#107950=ADVANCED_FACE('',(#107940),#107880,.T.);
#107960=COLOUR_RGB('',0.823529481887817,0.823529481887817,
0.784313797950745);
#107970=FILL_AREA_STYLE_COLOUR('',#107960);
#107980=FILL_AREA_STYLE('',(#107970));
#107990=SURFACE_STYLE_FILL_AREA(#107980);
#108000=SURFACE_SIDE_STYLE('',(#107990));
#108010=SURFACE_STYLE_USAGE(.BOTH.,#108000);
#108020=PRESENTATION_STYLE_ASSIGNMENT((#108010));
#108030=CARTESIAN_POINT('',(-2.3,2.75,13.25));
#108040=DIRECTION('',(0.,1.,0.));
#108050=DIRECTION('',(1.,0.,0.));
#108060=AXIS2_PLACEMENT_3D('',#108030,#108040,#108050);
#108070=CYLINDRICAL_SURFACE('',#108060,0.5);
#108080=ORIENTED_EDGE('',*,*,#100060,.F.);
#108090=ORIENTED_EDGE('',*,*,#100910,.F.);
#108100=ORIENTED_EDGE('',*,*,#102630,.T.);
#108110=ORIENTED_EDGE('',*,*,#105890,.T.);
#108120=EDGE_LOOP('',(#108110,#108100,#108090,#108080));
#108130=FACE_OUTER_BOUND('',#108120,.T.);
#108140=ADVANCED_FACE('',(#108130),#108070,.T.);
#108150=COLOUR_RGB('',0.823529481887817,0.823529481887817,
0.784313797950745);
#108160=FILL_AREA_STYLE_COLOUR('',#108150);
#108170=FILL_AREA_STYLE('',(#108160));
#108180=SURFACE_STYLE_FILL_AREA(#108170);
#108190=SURFACE_SIDE_STYLE('',(#108180));
#108200=SURFACE_STYLE_USAGE(.BOTH.,#108190);
#108210=PRESENTATION_STYLE_ASSIGNMENT((#108200));
#108220=CARTESIAN_POINT('',(-1.7,-0.350000000000003,0.));
#108230=DIRECTION('',(0.,0.,-1.));
#108240=DIRECTION('',(-1.,0.,0.));
#108250=AXIS2_PLACEMENT_3D('',#108220,#108230,#108240);
#108260=CYLINDRICAL_SURFACE('',#108250,0.2);
#108270=ORIENTED_EDGE('',*,*,#102810,.T.);
#108280=ORIENTED_EDGE('',*,*,#107510,.T.);
#108290=ORIENTED_EDGE('',*,*,#103430,.F.);
#108300=ORIENTED_EDGE('',*,*,#104920,.F.);
#108310=EDGE_LOOP('',(#108300,#108290,#108280,#108270));
#108320=FACE_OUTER_BOUND('',#108310,.T.);
#108330=ADVANCED_FACE('',(#108320),#108260,.F.);
#108340=COLOUR_RGB('',0.823529481887817,0.823529481887817,
0.784313797950745);
#108350=FILL_AREA_STYLE_COLOUR('',#108340);
#108360=FILL_AREA_STYLE('',(#108350));
#108370=SURFACE_STYLE_FILL_AREA(#108360);
#108380=SURFACE_SIDE_STYLE('',(#108370));
#108390=SURFACE_STYLE_USAGE(.BOTH.,#108380);
#108400=PRESENTATION_STYLE_ASSIGNMENT((#108390));
#108410=CARTESIAN_POINT('',(-3.2000024,2.05,13.85));
#108420=DIRECTION('',(-0.,-0.,-1.));
#108430=DIRECTION('',(0.,-1.,0.));
#108440=AXIS2_PLACEMENT_3D('',#108410,#108420,#108430);
#108450=PLANE('',#108440);
#108460=ORIENTED_EDGE('',*,*,#105660,.T.);
#108470=ORIENTED_EDGE('',*,*,#99540,.T.);
#108480=ORIENTED_EDGE('',*,*,#106930,.F.);
#108490=ORIENTED_EDGE('',*,*,#95580,.F.);
#108500=EDGE_LOOP('',(#108490,#108480,#108470,#108460));
#108510=FACE_OUTER_BOUND('',#108500,.T.);
#108520=ADVANCED_FACE('',(#108510),#108450,.F.);
#108530=COLOUR_RGB('',0.823529481887817,0.823529481887817,
0.784313797950745);
#108540=FILL_AREA_STYLE_COLOUR('',#108530);
#108550=FILL_AREA_STYLE('',(#108540));
#108560=SURFACE_STYLE_FILL_AREA(#108550);
#108570=SURFACE_SIDE_STYLE('',(#108560));
#108580=SURFACE_STYLE_USAGE(.BOTH.,#108570);
#108590=PRESENTATION_STYLE_ASSIGNMENT((#108580));
#108600=CLOSED_SHELL('',(#96190,#96570,#97040,#97510,#97980,#98360,
#98740,#100100,#100390,#100950,#101330,#101620,#101910,#102150,#102950,
#103140,#103880,#104170,#104460,#104750,#104990,#105230,#105470,#105710,
#106090,#106280,#106520,#106760,#107000,#107140,#107330,#107570,#107760,
#107950,#108140,#108330,#108520));
#108610=MANIFOLD_SOLID_BREP('',#108600);
#108620=APPLICATION_CONTEXT(' ');
#108630=APPLICATION_PROTOCOL_DEFINITION(' ','automotive_design',1998,
#108620);
#108640=PRODUCT_CONTEXT('',#108620,'mechanical');
#108650=PRODUCT_DEFINITION_CONTEXT('part definition',#108620,'design');
#108660=PRODUCT('LR_0_5_2_5_SMD_ANKER','LR_0_5_2_5_SMD_ANKER','',(
#108640));
#108670=PRODUCT_RELATED_PRODUCT_CATEGORY('part',' ',(#108660));
#108680=PRODUCT_DEFINITION_FORMATION_WITH_SPECIFIED_SOURCE('','',#108660
,.BOUGHT.);
#108690=PRODUCT_DEFINITION('',' ',#108680,#108650);
#108700=PRODUCT_DEFINITION_SHAPE('','',#108690);
#108710=DIMENSIONAL_EXPONENTS(1.,0.,0.,0.,0.,0.,0.);
#108720=DIMENSIONAL_EXPONENTS(0.,0.,0.,0.,0.,0.,0.);
#108730=DIMENSIONAL_EXPONENTS(0.,0.,0.,0.,0.,0.,0.);
#108740=(LENGTH_UNIT() NAMED_UNIT(*) SI_UNIT(.MILLI.,.METRE.));
#108750=(NAMED_UNIT(*) PLANE_ANGLE_UNIT() SI_UNIT($,.RADIAN.));
#108760=(NAMED_UNIT(*) SI_UNIT($,.STERADIAN.) SOLID_ANGLE_UNIT());
#108770=(GEOMETRIC_REPRESENTATION_CONTEXT(3) 
GLOBAL_UNCERTAINTY_ASSIGNED_CONTEXT((#108780)) 
GLOBAL_UNIT_ASSIGNED_CONTEXT((#108740,#108750,#108760)) 
REPRESENTATION_CONTEXT('',''));
#108780=UNCERTAINTY_MEASURE_WITH_UNIT(LENGTH_MEASURE(1.E-6),#108740,
'distance_accuracy_value','maximum gap value');
#108790=ADVANCED_BREP_SHAPE_REPRESENTATION('',(#92160,#108610),#108770);
#108800=SHAPE_DEFINITION_REPRESENTATION(#108700,#108790);
#108810=COLOUR_RGB('',0.313725501298904,0.313725501298904,
0.313725501298904);
#108820=FILL_AREA_STYLE_COLOUR('',#108810);
#108830=FILL_AREA_STYLE('',(#108820));
#108840=SURFACE_STYLE_FILL_AREA(#108830);
#108850=SURFACE_SIDE_STYLE('',(#108840));
#108860=SURFACE_STYLE_USAGE(.BOTH.,#108850);
#108870=PRESENTATION_STYLE_ASSIGNMENT((#108860));
#108880=STYLED_ITEM('',(#108870),#108610);
#108890=OVER_RIDING_STYLED_ITEM('',(#96260),#96190,#108880);
#108900=OVER_RIDING_STYLED_ITEM('',(#96640),#96570,#108880);
#108910=OVER_RIDING_STYLED_ITEM('',(#97110),#97040,#108880);
#108920=OVER_RIDING_STYLED_ITEM('',(#97580),#97510,#108880);
#108930=OVER_RIDING_STYLED_ITEM('',(#98050),#97980,#108880);
#108940=OVER_RIDING_STYLED_ITEM('',(#98430),#98360,#108880);
#108950=OVER_RIDING_STYLED_ITEM('',(#98810),#98740,#108880);
#108960=OVER_RIDING_STYLED_ITEM('',(#100170),#100100,#108880);
#108970=OVER_RIDING_STYLED_ITEM('',(#100460),#100390,#108880);
#108980=OVER_RIDING_STYLED_ITEM('',(#101020),#100950,#108880);
#108990=OVER_RIDING_STYLED_ITEM('',(#101400),#101330,#108880);
#109000=OVER_RIDING_STYLED_ITEM('',(#101690),#101620,#108880);
#109010=OVER_RIDING_STYLED_ITEM('',(#101980),#101910,#108880);
#109020=OVER_RIDING_STYLED_ITEM('',(#102220),#102150,#108880);
#109030=OVER_RIDING_STYLED_ITEM('',(#103020),#102950,#108880);
#109040=OVER_RIDING_STYLED_ITEM('',(#103210),#103140,#108880);
#109050=OVER_RIDING_STYLED_ITEM('',(#103950),#103880,#108880);
#109060=OVER_RIDING_STYLED_ITEM('',(#104240),#104170,#108880);
#109070=OVER_RIDING_STYLED_ITEM('',(#104530),#104460,#108880);
#109080=OVER_RIDING_STYLED_ITEM('',(#104820),#104750,#108880);
#109090=OVER_RIDING_STYLED_ITEM('',(#105060),#104990,#108880);
#109100=OVER_RIDING_STYLED_ITEM('',(#105300),#105230,#108880);
#109110=OVER_RIDING_STYLED_ITEM('',(#105540),#105470,#108880);
#109120=OVER_RIDING_STYLED_ITEM('',(#105780),#105710,#108880);
#109130=OVER_RIDING_STYLED_ITEM('',(#106160),#106090,#108880);
#109140=OVER_RIDING_STYLED_ITEM('',(#106350),#106280,#108880);
#109150=OVER_RIDING_STYLED_ITEM('',(#106590),#106520,#108880);
#109160=OVER_RIDING_STYLED_ITEM('',(#106830),#106760,#108880);
#109170=OVER_RIDING_STYLED_ITEM('',(#107070),#107000,#108880);
#109180=OVER_RIDING_STYLED_ITEM('',(#107210),#107140,#108880);
#109190=OVER_RIDING_STYLED_ITEM('',(#107400),#107330,#108880);
#109200=OVER_RIDING_STYLED_ITEM('',(#107640),#107570,#108880);
#109210=OVER_RIDING_STYLED_ITEM('',(#107830),#107760,#108880);
#109220=OVER_RIDING_STYLED_ITEM('',(#108020),#107950,#108880);
#109230=OVER_RIDING_STYLED_ITEM('',(#108210),#108140,#108880);
#109240=OVER_RIDING_STYLED_ITEM('',(#108400),#108330,#108880);
#109250=OVER_RIDING_STYLED_ITEM('',(#108590),#108520,#108880);
#109260=DRAUGHTING_MODEL('',(#108880,#108890,#108900,#108910,#108920,
#108930,#108940,#108950,#108960,#108970,#108980,#108990,#109000,#109010,
#109020,#109030,#109040,#109050,#109060,#109070,#109080,#109090,#109100,
#109110,#109120,#109130,#109140,#109150,#109160,#109170,#109180,#109190,
#109200,#109210,#109220,#109230,#109240,#109250),#108770);
#109270=CARTESIAN_POINT('',(-1.34999999999996,5.14999999999998,2.8));
#109280=DIRECTION('',(1.,0.,0.));
#109290=DIRECTION('',(0.,0.,1.));
#109300=AXIS2_PLACEMENT_3D('',#109270,#109280,#109290);
#109310=ITEM_DEFINED_TRANSFORMATION('LR_0_5_2_5_SMD_ANKER.2','',#92160,
#109300);
#109320=CARTESIAN_POINT('',(4.361205,-16.621698,6.85));
#109330=DIRECTION('',(-0.,1.,0.));
#109340=DIRECTION('',(1.,0.,0.));
#109350=AXIS2_PLACEMENT_3D('',#109320,#109330,#109340);
#109360=PLANE('',#109350);
#109370=CARTESIAN_POINT('',(5.961205,-16.621698,5.73123352431636));
#109380=DIRECTION('',(0.,0.,1.));
#109390=VECTOR('',#109380,1.);
#109400=LINE('',#109370,#109390);
#109410=CARTESIAN_POINT('',(5.961205,-16.621698,6.35));
#109420=VERTEX_POINT('',#109410);
#109430=CARTESIAN_POINT('',(5.961205,-16.621698,6.75));
#109440=VERTEX_POINT('',#109430);
#109450=EDGE_CURVE('',#109420,#109440,#109400,.T.);
#109460=ORIENTED_EDGE('',*,*,#109450,.F.);
#109470=CARTESIAN_POINT('',(3.711205,-16.621698,6.75));
#109480=DIRECTION('',(-1.,0.,0.));
#109490=VECTOR('',#109480,1.);
#109500=LINE('',#109470,#109490);
#109510=CARTESIAN_POINT('',(4.661205,-16.621698,6.75));
#109520=VERTEX_POINT('',#109510);
#109530=EDGE_CURVE('',#109440,#109520,#109500,.T.);
#109540=ORIENTED_EDGE('',*,*,#109530,.F.);
#109550=CARTESIAN_POINT('',(4.661205,-16.621698,5.73123352431636));
#109560=DIRECTION('',(0.,0.,1.));
#109570=VECTOR('',#109560,1.);
#109580=LINE('',#109550,#109570);
#109590=CARTESIAN_POINT('',(4.661205,-16.621698,6.35));
#109600=VERTEX_POINT('',#109590);
#109610=EDGE_CURVE('',#109600,#109520,#109580,.T.);
#109620=ORIENTED_EDGE('',*,*,#109610,.T.);
#109630=CARTESIAN_POINT('',(3.711205,-16.621698,6.35));
#109640=DIRECTION('',(1.,0.,0.));
#109650=VECTOR('',#109640,1.);
#109660=LINE('',#109630,#109650);
#109670=EDGE_CURVE('',#109600,#109420,#109660,.T.);
#109680=ORIENTED_EDGE('',*,*,#109670,.F.);
#109690=EDGE_LOOP('',(#109680,#109620,#109540,#109460));
#109700=FACE_OUTER_BOUND('',#109690,.T.);
#109710=ADVANCED_FACE('',(#109700),#109360,.T.);
#109720=COLOUR_RGB('',0.823529481887817,0.823529481887817,
0.784313797950745);
#109730=FILL_AREA_STYLE_COLOUR('',#109720);
#109740=FILL_AREA_STYLE('',(#109730));
#109750=SURFACE_STYLE_FILL_AREA(#109740);
#109760=SURFACE_SIDE_STYLE('',(#109750));
#109770=SURFACE_STYLE_USAGE(.BOTH.,#109760);
#109780=PRESENTATION_STYLE_ASSIGNMENT((#109770));
#109790=CARTESIAN_POINT('',(4.161205,-14.821698,5.73123352431636));
#109800=DIRECTION('',(0.,0.,1.));
#109810=DIRECTION('',(0.,1.,0.));
#109820=AXIS2_PLACEMENT_3D('',#109790,#109800,#109810);
#109830=CYLINDRICAL_SURFACE('',#109820,0.2);
#109840=CARTESIAN_POINT('',(4.161205,-14.821698,6.85));
#109850=DIRECTION('',(0.,0.,1.));
#109860=DIRECTION('',(0.,1.,0.));
#109870=AXIS2_PLACEMENT_3D('',#109840,#109850,#109860);
#109880=CIRCLE('',#109870,0.2);
#109890=CARTESIAN_POINT('',(3.961205,-14.821698,6.85));
#109900=VERTEX_POINT('',#109890);
#109910=CARTESIAN_POINT('',(4.161205,-15.021698,6.85));
#109920=VERTEX_POINT('',#109910);
#109930=EDGE_CURVE('',#109900,#109920,#109880,.T.);
#109940=ORIENTED_EDGE('',*,*,#109930,.T.);
#109950=CARTESIAN_POINT('',(3.961205,-14.821698,5.73123352431636));
#109960=DIRECTION('',(0.,0.,-1.));
#109970=VECTOR('',#109960,1.);
#109980=LINE('',#109950,#109970);
#109990=CARTESIAN_POINT('',(3.961205,-14.821698,6.25));
#110000=VERTEX_POINT('',#109990);
#110010=EDGE_CURVE('',#109900,#110000,#109980,.T.);
#110020=ORIENTED_EDGE('',*,*,#110010,.F.);
#110030=CARTESIAN_POINT('',(4.161205,-14.821698,6.25));
#110040=DIRECTION('',(0.,0.,1.));
#110050=DIRECTION('',(0.,1.,0.));
#110060=AXIS2_PLACEMENT_3D('',#110030,#110040,#110050);
#110070=CIRCLE('',#110060,0.2);
#110080=CARTESIAN_POINT('',(4.161205,-15.021698,6.25));
#110090=VERTEX_POINT('',#110080);
#110100=EDGE_CURVE('',#110000,#110090,#110070,.T.);
#110110=ORIENTED_EDGE('',*,*,#110100,.F.);
#110120=CARTESIAN_POINT('',(4.161205,-15.021698,5.73123352431636));
#110130=DIRECTION('',(0.,0.,-1.));
#110140=VECTOR('',#110130,1.);
#110150=LINE('',#110120,#110140);
#110160=EDGE_CURVE('',#109920,#110090,#110150,.T.);
#110170=ORIENTED_EDGE('',*,*,#110160,.T.);
#110180=EDGE_LOOP('',(#110170,#110110,#110020,#109940));
#110190=FACE_OUTER_BOUND('',#110180,.T.);
#110200=ADVANCED_FACE('',(#110190),#109830,.F.);
#110210=COLOUR_RGB('',0.823529481887817,0.823529481887817,
0.784313797950745);
#110220=FILL_AREA_STYLE_COLOUR('',#110210);
#110230=FILL_AREA_STYLE('',(#110220));
#110240=SURFACE_STYLE_FILL_AREA(#110230);
#110250=SURFACE_SIDE_STYLE('',(#110240));
#110260=SURFACE_STYLE_USAGE(.BOTH.,#110250);
#110270=PRESENTATION_STYLE_ASSIGNMENT((#110260));
#110280=CARTESIAN_POINT('',(5.28060110322046,-16.121698,6.59444238398383
));
#110290=DIRECTION('',(0.,1.,-0.));
#110300=DIRECTION('',(-1.,0.,0.));
#110310=AXIS2_PLACEMENT_3D('',#110280,#110290,#110300);
#110320=PLANE('',#110310);
#110330=CARTESIAN_POINT('',(3.711205,-16.121698,6.25));
#110340=DIRECTION('',(1.,0.,0.));
#110350=VECTOR('',#110340,1.);
#110360=LINE('',#110330,#110350);
#110370=CARTESIAN_POINT('',(3.861205,-16.121698,6.25));
#110380=VERTEX_POINT('',#110370);
#110390=CARTESIAN_POINT('',(3.961205,-16.121698,6.25));
#110400=VERTEX_POINT('',#110390);
#110410=EDGE_CURVE('',#110380,#110400,#110360,.T.);
#110420=ORIENTED_EDGE('',*,*,#110410,.T.);
#110430=CARTESIAN_POINT('',(3.861205,-16.121698,5.73123352431636));
#110440=DIRECTION('',(0.,0.,-1.));
#110450=VECTOR('',#110440,1.);
#110460=LINE('',#110430,#110450);
#110470=CARTESIAN_POINT('',(3.861205,-16.121698,6.35));
#110480=VERTEX_POINT('',#110470);
#110490=EDGE_CURVE('',#110480,#110380,#110460,.T.);
#110500=ORIENTED_EDGE('',*,*,#110490,.T.);
#110510=CARTESIAN_POINT('',(3.961205,-16.121698,6.35));
#110520=DIRECTION('',(0.,1.,0.));
#110530=DIRECTION('',(0.,0.,1.));
#110540=AXIS2_PLACEMENT_3D('',#110510,#110520,#110530);
#110550=CIRCLE('',#110540,0.1);
#110560=EDGE_CURVE('',#110400,#110480,#110550,.T.);
#110570=ORIENTED_EDGE('',*,*,#110560,.T.);
#110580=EDGE_LOOP('',(#110570,#110500,#110420));
#110590=FACE_OUTER_BOUND('',#110580,.T.);
#110600=ADVANCED_FACE('',(#110590),#110320,.F.);
#110610=COLOUR_RGB('',0.823529481887817,0.823529481887817,
0.784313797950745);
#110620=FILL_AREA_STYLE_COLOUR('',#110610);
#110630=FILL_AREA_STYLE('',(#110620));
#110640=SURFACE_STYLE_FILL_AREA(#110630);
#110650=SURFACE_SIDE_STYLE('',(#110640));
#110660=SURFACE_STYLE_USAGE(.BOTH.,#110650);
#110670=PRESENTATION_STYLE_ASSIGNMENT((#110660));
#110680=CARTESIAN_POINT('',(3.711205,-16.721698,6.35));
#110690=DIRECTION('',(1.,0.,0.));
#110700=DIRECTION('',(0.,1.,0.));
#110710=AXIS2_PLACEMENT_3D('',#110680,#110690,#110700);
#110720=CYLINDRICAL_SURFACE('',#110710,0.1);
#110730=CARTESIAN_POINT('',(6.46120500000001,-16.721698,6.35));
#110740=DIRECTION('',(0.196116135138183,0.,-0.98058067569092));
#110750=DIRECTION('',(0.98058067569092,0.,0.196116135138183));
#110760=AXIS2_PLACEMENT_3D('',#110730,#110740,#110750);
#110770=ELLIPSE('',#110760,0.50990195135928,0.1);
#110780=CARTESIAN_POINT('',(5.961205,-16.721698,6.25));
#110790=VERTEX_POINT('',#110780);
#110800=CARTESIAN_POINT('',(6.10765160940673,-16.6509873218813,
6.27928932188134));
#110810=VERTEX_POINT('',#110800);
#110820=EDGE_CURVE('',#110790,#110810,#110770,.T.);
#110830=ORIENTED_EDGE('',*,*,#110820,.F.);
#110840=CARTESIAN_POINT('',(6.461205,-16.721698,6.35));
#110850=DIRECTION('',(0.196116135138184,0.98058067569092,0.));
#110860=DIRECTION('',(-0.98058067569092,0.196116135138184,0.));
#110870=AXIS2_PLACEMENT_3D('',#110840,#110850,#110860);
#110880=ELLIPSE('',#110870,0.509901951359278,0.1);
#110890=EDGE_CURVE('',#110810,#109420,#110880,.T.);
#110900=ORIENTED_EDGE('',*,*,#110890,.F.);
#110910=ORIENTED_EDGE('',*,*,#109670,.T.);
#110920=CARTESIAN_POINT('',(4.661205,-16.721698,6.35));
#110930=DIRECTION('',(1.,0.,0.));
#110940=DIRECTION('',(0.,1.,0.));
#110950=AXIS2_PLACEMENT_3D('',#110920,#110930,#110940);
#110960=CIRCLE('',#110950,0.1);
#110970=CARTESIAN_POINT('',(4.661205,-16.721698,6.25));
#110980=VERTEX_POINT('',#110970);
#110990=EDGE_CURVE('',#110980,#109600,#110960,.T.);
#111000=ORIENTED_EDGE('',*,*,#110990,.T.);
#111010=CARTESIAN_POINT('',(3.711205,-16.721698,6.25));
#111020=DIRECTION('',(1.,0.,0.));
#111030=VECTOR('',#111020,1.);
#111040=LINE('',#111010,#111030);
#111050=EDGE_CURVE('',#110980,#110790,#111040,.T.);
#111060=ORIENTED_EDGE('',*,*,#111050,.F.);
#111070=EDGE_LOOP('',(#111060,#111000,#110910,#110900,#110830));
#111080=FACE_OUTER_BOUND('',#111070,.T.);
#111090=ADVANCED_FACE('',(#111080),#110720,.T.);
#111100=COLOUR_RGB('',0.823529481887817,0.823529481887817,
0.784313797950745);
#111110=FILL_AREA_STYLE_COLOUR('',#111100);
#111120=FILL_AREA_STYLE('',(#111110));
#111130=SURFACE_STYLE_FILL_AREA(#111120);
#111140=SURFACE_SIDE_STYLE('',(#111130));
#111150=SURFACE_STYLE_USAGE(.BOTH.,#111140);
#111160=PRESENTATION_STYLE_ASSIGNMENT((#111150));
#111170=CARTESIAN_POINT('',(4.361205,-14.6783517098612,6.75));
#111180=DIRECTION('',(0.,1.,0.));
#111190=DIRECTION('',(0.,0.,-1.));
#111200=AXIS2_PLACEMENT_3D('',#111170,#111180,#111190);
#111210=CYLINDRICAL_SURFACE('',#111200,0.1);
#111220=CARTESIAN_POINT('',(4.361205,-16.121698,6.75));
#111230=DIRECTION('',(0.,1.,0.));
#111240=DIRECTION('',(0.,0.,-1.));
#111250=AXIS2_PLACEMENT_3D('',#111220,#111230,#111240);
#111260=CIRCLE('',#111250,0.1);
#111270=CARTESIAN_POINT('',(4.361205,-16.121698,6.85));
#111280=VERTEX_POINT('',#111270);
#111290=CARTESIAN_POINT('',(4.461205,-16.121698,6.75));
#111300=VERTEX_POINT('',#111290);
#111310=EDGE_CURVE('',#111280,#111300,#111260,.T.);
#111320=ORIENTED_EDGE('',*,*,#111310,.F.);
#111330=CARTESIAN_POINT('',(4.461205,-14.6783517098612,6.75));
#111340=DIRECTION('',(0.,1.,0.));
#111350=VECTOR('',#111340,1.);
#111360=LINE('',#111330,#111350);
#111370=CARTESIAN_POINT('',(4.461205,-16.421698,6.75));
#111380=VERTEX_POINT('',#111370);
#111390=EDGE_CURVE('',#111380,#111300,#111360,.T.);
#111400=ORIENTED_EDGE('',*,*,#111390,.T.);
#111410=CARTESIAN_POINT('',(4.361205,-16.421698,6.75));
#111420=DIRECTION('',(0.,-1.,0.));
#111430=DIRECTION('',(0.,0.,1.));
#111440=AXIS2_PLACEMENT_3D('',#111410,#111420,#111430);
#111450=CIRCLE('',#111440,0.1);
#111460=CARTESIAN_POINT('',(4.361205,-16.421698,6.85));
#111470=VERTEX_POINT('',#111460);
#111480=EDGE_CURVE('',#111380,#111470,#111450,.T.);
#111490=ORIENTED_EDGE('',*,*,#111480,.F.);
#111500=CARTESIAN_POINT('',(4.361205,-14.6783517098612,6.85));
#111510=DIRECTION('',(0.,1.,0.));
#111520=VECTOR('',#111510,1.);
#111530=LINE('',#111500,#111520);
#111540=EDGE_CURVE('',#111470,#111280,#111530,.T.);
#111550=ORIENTED_EDGE('',*,*,#111540,.F.);
#111560=EDGE_LOOP('',(#111550,#111490,#111400,#111320));
#111570=FACE_OUTER_BOUND('',#111560,.T.);
#111580=ADVANCED_FACE('',(#111570),#111210,.T.);
#111590=COLOUR_RGB('',0.823529481887817,0.823529481887817,
0.784313797950745);
#111600=FILL_AREA_STYLE_COLOUR('',#111590);
#111610=FILL_AREA_STYLE('',(#111600));
#111620=SURFACE_STYLE_FILL_AREA(#111610);
#111630=SURFACE_SIDE_STYLE('',(#111620));
#111640=SURFACE_STYLE_USAGE(.BOTH.,#111630);
#111650=PRESENTATION_STYLE_ASSIGNMENT((#111640));
#111660=CARTESIAN_POINT('',(6.211205,-16.671698,6.55));
#111670=DIRECTION('',(0.196116135138184,0.98058067569092,-0.));
#111680=DIRECTION('',(-0.98058067569092,0.196116135138184,0.));
#111690=AXIS2_PLACEMENT_3D('',#111660,#111670,#111680);
#111700=PLANE('',#111690);
#111710=ORIENTED_EDGE('',*,*,#110890,.T.);
#111720=CARTESIAN_POINT('',(3.711205,-16.171698,5.8));
#111730=DIRECTION('',(-0.962250448649376,0.192450089729875,
-0.192450089729875));
#111740=VECTOR('',#111730,1.);
#111750=LINE('',#111720,#111740);
#111760=CARTESIAN_POINT('',(6.461205,-16.721698,6.35));
#111770=VERTEX_POINT('',#111760);
#111780=EDGE_CURVE('',#111770,#110810,#111750,.T.);
#111790=ORIENTED_EDGE('',*,*,#111780,.T.);
#111800=CARTESIAN_POINT('',(6.461205,-16.721698,5.73123352431636));
#111810=DIRECTION('',(0.,0.,1.));
#111820=VECTOR('',#111810,1.);
#111830=LINE('',#111800,#111820);
#111840=CARTESIAN_POINT('',(6.461205,-16.721698,6.75));
#111850=VERTEX_POINT('',#111840);
#111860=EDGE_CURVE('',#111770,#111850,#111830,.T.);
#111870=ORIENTED_EDGE('',*,*,#111860,.F.);
#111880=CARTESIAN_POINT('',(3.711205,-16.171698,7.3));
#111890=DIRECTION('',(-0.962250448649376,0.192450089729875,
0.192450089729875));
#111900=VECTOR('',#111890,1.);
#111910=LINE('',#111880,#111900);
#111920=CARTESIAN_POINT('',(6.10765160940673,-16.6509873218813,
6.82071067811865));
#111930=VERTEX_POINT('',#111920);
#111940=EDGE_CURVE('',#111850,#111930,#111910,.T.);
#111950=ORIENTED_EDGE('',*,*,#111940,.F.);
#111960=CARTESIAN_POINT('',(6.461205,-16.721698,6.75));
#111970=DIRECTION('',(0.196116135138184,0.98058067569092,0.));
#111980=DIRECTION('',(-0.98058067569092,0.196116135138184,0.));
#111990=AXIS2_PLACEMENT_3D('',#111960,#111970,#111980);
#112000=ELLIPSE('',#111990,0.509901951359278,0.1);
#112010=EDGE_CURVE('',#109440,#111930,#112000,.T.);
#112020=ORIENTED_EDGE('',*,*,#112010,.T.);
#112030=ORIENTED_EDGE('',*,*,#109450,.T.);
#112040=EDGE_LOOP('',(#112030,#112020,#111950,#111870,#111790,#111710));
#112050=FACE_OUTER_BOUND('',#112040,.T.);
#112060=ADVANCED_FACE('',(#112050),#111700,.T.);
#112070=COLOUR_RGB('',0.823529481887817,0.823529481887817,
0.784313797950745);
#112080=FILL_AREA_STYLE_COLOUR('',#112070);
#112090=FILL_AREA_STYLE('',(#112080));
#112100=SURFACE_STYLE_FILL_AREA(#112090);
#112110=SURFACE_SIDE_STYLE('',(#112100));
#112120=SURFACE_STYLE_USAGE(.BOTH.,#112110);
#112130=PRESENTATION_STYLE_ASSIGNMENT((#112120));
#112140=CARTESIAN_POINT('',(6.211205,-16.921698,6.8));
#112150=DIRECTION('',(-0.196116135138183,0.,-0.98058067569092));
#112160=DIRECTION('',(-0.98058067569092,0.,0.196116135138183));
#112170=AXIS2_PLACEMENT_3D('',#112140,#112150,#112160);
#112180=PLANE('',#112170);
#112190=CARTESIAN_POINT('',(6.46120500000001,-17.121698,6.75));
#112200=DIRECTION('',(-0.196116135138183,0.,-0.98058067569092));
#112210=DIRECTION('',(-0.98058067569092,0.,0.196116135138183));
#112220=AXIS2_PLACEMENT_3D('',#112190,#112200,#112210);
#112230=ELLIPSE('',#112220,0.50990195135928,0.1);
#112240=CARTESIAN_POINT('',(6.10765160940673,-17.1924086781187,
6.82071067811865));
#112250=VERTEX_POINT('',#112240);
#112260=CARTESIAN_POINT('',(5.961205,-17.121698,6.85));
#112270=VERTEX_POINT('',#112260);
#112280=EDGE_CURVE('',#112250,#112270,#112230,.T.);
#112290=ORIENTED_EDGE('',*,*,#112280,.F.);
#112300=CARTESIAN_POINT('',(5.961205,-14.6783517098612,6.85));
#112310=DIRECTION('',(0.,1.,0.));
#112320=VECTOR('',#112310,1.);
#112330=LINE('',#112300,#112320);
#112340=CARTESIAN_POINT('',(5.961205,-16.721698,6.85));
#112350=VERTEX_POINT('',#112340);
#112360=EDGE_CURVE('',#112270,#112350,#112330,.T.);
#112370=ORIENTED_EDGE('',*,*,#112360,.F.);
#112380=CARTESIAN_POINT('',(6.46120500000001,-16.721698,6.75));
#112390=DIRECTION('',(-0.196116135138183,0.,-0.98058067569092));
#112400=DIRECTION('',(-0.98058067569092,0.,0.196116135138183));
#112410=AXIS2_PLACEMENT_3D('',#112380,#112390,#112400);
#112420=ELLIPSE('',#112410,0.50990195135928,0.1);
#112430=EDGE_CURVE('',#112350,#111930,#112420,.T.);
#112440=ORIENTED_EDGE('',*,*,#112430,.F.);
#112450=ORIENTED_EDGE('',*,*,#111940,.T.);
#112460=CARTESIAN_POINT('',(6.461205,-16.921698,6.75));
#112470=DIRECTION('',(0.,1.,0.));
#112480=VECTOR('',#112470,1.);
#112490=LINE('',#112460,#112480);
#112500=CARTESIAN_POINT('',(6.461205,-17.121698,6.75));
#112510=VERTEX_POINT('',#112500);
#112520=EDGE_CURVE('',#112510,#111850,#112490,.T.);
#112530=ORIENTED_EDGE('',*,*,#112520,.T.);
#112540=CARTESIAN_POINT('',(3.711205,-17.671698,7.3));
#112550=DIRECTION('',(-0.962250448649376,-0.192450089729875,
0.192450089729875));
#112560=VECTOR('',#112550,1.);
#112570=LINE('',#112540,#112560);
#112580=EDGE_CURVE('',#112510,#112250,#112570,.T.);
#112590=ORIENTED_EDGE('',*,*,#112580,.F.);
#112600=EDGE_LOOP('',(#112590,#112530,#112450,#112440,#112370,#112290));
#112610=FACE_OUTER_BOUND('',#112600,.T.);
#112620=ADVANCED_FACE('',(#112610),#112180,.F.);
#112630=COLOUR_RGB('',0.823529481887817,0.823529481887817,
0.784313797950745);
#112640=FILL_AREA_STYLE_COLOUR('',#112630);
#112650=FILL_AREA_STYLE('',(#112640));
#112660=SURFACE_STYLE_FILL_AREA(#112650);
#112670=SURFACE_SIDE_STYLE('',(#112660));
#112680=SURFACE_STYLE_USAGE(.BOTH.,#112670);
#112690=PRESENTATION_STYLE_ASSIGNMENT((#112680));
#112700=CARTESIAN_POINT('',(4.661205,-16.421698,6.75));
#112710=DIRECTION('',(0.,0.,1.));
#112720=DIRECTION('',(0.,1.,0.));
#112730=AXIS2_PLACEMENT_3D('',#112700,#112710,#112720);
#112740=TOROIDAL_SURFACE('',#112730,0.300000000000001,0.1);
#112750=CARTESIAN_POINT('',(4.661205,-16.721698,6.75));
#112760=DIRECTION('',(1.,0.,0.));
#112770=DIRECTION('',(0.,1.,0.));
#112780=AXIS2_PLACEMENT_3D('',#112750,#112760,#112770);
#112790=CIRCLE('',#112780,0.1);
#112800=CARTESIAN_POINT('',(4.661205,-16.721698,6.85));
#112810=VERTEX_POINT('',#112800);
#112820=EDGE_CURVE('',#109520,#112810,#112790,.T.);
#112830=ORIENTED_EDGE('',*,*,#112820,.F.);
#112840=CARTESIAN_POINT('',(4.661205,-16.421698,6.85));
#112850=DIRECTION('',(0.,0.,1.));
#112860=DIRECTION('',(0.,1.,0.));
#112870=AXIS2_PLACEMENT_3D('',#112840,#112850,#112860);
#112880=CIRCLE('',#112870,0.3);
#112890=EDGE_CURVE('',#111470,#112810,#112880,.T.);
#112900=ORIENTED_EDGE('',*,*,#112890,.T.);
#112910=ORIENTED_EDGE('',*,*,#111480,.T.);
#112920=CARTESIAN_POINT('',(4.661205,-16.421698,6.75));
#112930=DIRECTION('',(0.,0.,1.));
#112940=DIRECTION('',(0.,1.,0.));
#112950=AXIS2_PLACEMENT_3D('',#112920,#112930,#112940);
#112960=CIRCLE('',#112950,0.2);
#112970=EDGE_CURVE('',#111380,#109520,#112960,.T.);
#112980=ORIENTED_EDGE('',*,*,#112970,.F.);
#112990=EDGE_LOOP('',(#112980,#112910,#112900,#112830));
#113000=FACE_OUTER_BOUND('',#112990,.T.);
#113010=ADVANCED_FACE('',(#113000),#112740,.T.);
#113020=COLOUR_RGB('',0.823529481887817,0.823529481887817,
0.784313797950745);
#113030=FILL_AREA_STYLE_COLOUR('',#113020);
#113040=FILL_AREA_STYLE('',(#113030));
#113050=SURFACE_STYLE_FILL_AREA(#113040);
#113060=SURFACE_SIDE_STYLE('',(#113050));
#113070=SURFACE_STYLE_USAGE(.BOTH.,#113060);
#113080=PRESENTATION_STYLE_ASSIGNMENT((#113070));
#113090=CARTESIAN_POINT('',(6.461205,-16.621698,6.15));
#113100=DIRECTION('',(1.,0.,0.));
#113110=DIRECTION('',(0.,1.,0.));
#113120=AXIS2_PLACEMENT_3D('',#113090,#113100,#113110);
#113130=PLANE('',#113120);
#113140=ORIENTED_EDGE('',*,*,#112520,.F.);
#113150=ORIENTED_EDGE('',*,*,#111860,.T.);
#113160=CARTESIAN_POINT('',(6.461205,-16.921698,6.35));
#113170=DIRECTION('',(0.,-1.,0.));
#113180=VECTOR('',#113170,1.);
#113190=LINE('',#113160,#113180);
#113200=CARTESIAN_POINT('',(6.461205,-17.121698,6.35));
#113210=VERTEX_POINT('',#113200);
#113220=EDGE_CURVE('',#111770,#113210,#113190,.T.);
#113230=ORIENTED_EDGE('',*,*,#113220,.F.);
#113240=CARTESIAN_POINT('',(6.461205,-17.121698,5.73123352431636));
#113250=DIRECTION('',(0.,0.,1.));
#113260=VECTOR('',#113250,1.);
#113270=LINE('',#113240,#113260);
#113280=EDGE_CURVE('',#113210,#112510,#113270,.T.);
#113290=ORIENTED_EDGE('',*,*,#113280,.F.);
#113300=EDGE_LOOP('',(#113290,#113230,#113150,#113140));
#113310=FACE_OUTER_BOUND('',#113300,.T.);
#113320=ADVANCED_FACE('',(#113310),#113130,.T.);
#113330=COLOUR_RGB('',0.823529481887817,0.823529481887817,
0.784313797950745);
#113340=FILL_AREA_STYLE_COLOUR('',#113330);
#113350=FILL_AREA_STYLE('',(#113340));
#113360=SURFACE_STYLE_FILL_AREA(#113350);
#113370=SURFACE_SIDE_STYLE('',(#113360));
#113380=SURFACE_STYLE_USAGE(.BOTH.,#113370);
#113390=PRESENTATION_STYLE_ASSIGNMENT((#113380));
#113400=CARTESIAN_POINT('',(4.261205,-15.221698,5.73123352431636));
#113410=DIRECTION('',(0.,0.,-1.));
#113420=DIRECTION('',(0.,-1.,0.));
#113430=AXIS2_PLACEMENT_3D('',#113400,#113410,#113420);
#113440=CYLINDRICAL_SURFACE('',#113430,0.2);
#113450=CARTESIAN_POINT('',(4.261205,-15.221698,6.85));
#113460=DIRECTION('',(0.,0.,-1.));
#113470=DIRECTION('',(0.,-1.,0.));
#113480=AXIS2_PLACEMENT_3D('',#113450,#113460,#113470);
#113490=CIRCLE('',#113480,0.2);
#113500=CARTESIAN_POINT('',(4.261205,-15.021698,6.85));
#113510=VERTEX_POINT('',#113500);
#113520=CARTESIAN_POINT('',(4.461205,-15.221698,6.85));
#113530=VERTEX_POINT('',#113520);
#113540=EDGE_CURVE('',#113510,#113530,#113490,.T.);
#113550=ORIENTED_EDGE('',*,*,#113540,.T.);
#113560=CARTESIAN_POINT('',(4.261205,-15.021698,5.73123352431636));
#113570=DIRECTION('',(0.,0.,-1.));
#113580=VECTOR('',#113570,1.);
#113590=LINE('',#113560,#113580);
#113600=CARTESIAN_POINT('',(4.261205,-15.021698,6.25));
#113610=VERTEX_POINT('',#113600);
#113620=EDGE_CURVE('',#113510,#113610,#113590,.T.);
#113630=ORIENTED_EDGE('',*,*,#113620,.F.);
#113640=CARTESIAN_POINT('',(4.261205,-15.221698,6.25));
#113650=DIRECTION('',(0.,0.,-1.));
#113660=DIRECTION('',(0.,-1.,0.));
#113670=AXIS2_PLACEMENT_3D('',#113640,#113650,#113660);
#113680=CIRCLE('',#113670,0.2);
#113690=CARTESIAN_POINT('',(4.461205,-15.221698,6.25));
#113700=VERTEX_POINT('',#113690);
#113710=EDGE_CURVE('',#113610,#113700,#113680,.T.);
#113720=ORIENTED_EDGE('',*,*,#113710,.F.);
#113730=CARTESIAN_POINT('',(4.461205,-15.221698,5.73123352431636));
#113740=DIRECTION('',(0.,0.,-1.));
#113750=VECTOR('',#113740,1.);
#113760=LINE('',#113730,#113750);
#113770=EDGE_CURVE('',#113530,#113700,#113760,.T.);
#113780=ORIENTED_EDGE('',*,*,#113770,.T.);
#113790=EDGE_LOOP('',(#113780,#113720,#113630,#113550));
#113800=FACE_OUTER_BOUND('',#113790,.T.);
#113810=ADVANCED_FACE('',(#113800),#113440,.T.);
#113820=COLOUR_RGB('',0.823529481887817,0.823529481887817,
0.784313797950745);
#113830=FILL_AREA_STYLE_COLOUR('',#113820);
#113840=FILL_AREA_STYLE('',(#113830));
#113850=SURFACE_STYLE_FILL_AREA(#113840);
#113860=SURFACE_SIDE_STYLE('',(#113850));
#113870=SURFACE_STYLE_USAGE(.BOTH.,#113860);
#113880=PRESENTATION_STYLE_ASSIGNMENT((#113870));
#113890=CARTESIAN_POINT('',(2.861205,-17.221698,6.85));
#113900=DIRECTION('',(-0.,-1.,-0.));
#113910=DIRECTION('',(-1.,0.,0.));
#113920=AXIS2_PLACEMENT_3D('',#113890,#113900,#113910);
#113930=PLANE('',#113920);
#113940=CARTESIAN_POINT('',(5.961205,-17.221698,5.73123352431636));
#113950=DIRECTION('',(0.,0.,1.));
#113960=VECTOR('',#113950,1.);
#113970=LINE('',#113940,#113960);
#113980=CARTESIAN_POINT('',(5.961205,-17.221698,6.35));
#113990=VERTEX_POINT('',#113980);
#114000=CARTESIAN_POINT('',(5.961205,-17.221698,6.75));
#114010=VERTEX_POINT('',#114000);
#114020=EDGE_CURVE('',#113990,#114010,#113970,.T.);
#114030=ORIENTED_EDGE('',*,*,#114020,.T.);
#114040=CARTESIAN_POINT('',(3.711205,-17.221698,6.35));
#114050=DIRECTION('',(-1.,0.,0.));
#114060=VECTOR('',#114050,1.);
#114070=LINE('',#114040,#114060);
#114080=CARTESIAN_POINT('',(4.361205,-17.221698,6.35));
#114090=VERTEX_POINT('',#114080);
#114100=EDGE_CURVE('',#113990,#114090,#114070,.T.);
#114110=ORIENTED_EDGE('',*,*,#114100,.F.);
#114120=CARTESIAN_POINT('',(4.361205,-17.221698,5.73123352431636));
#114130=DIRECTION('',(0.,0.,-1.));
#114140=VECTOR('',#114130,1.);
#114150=LINE('',#114120,#114140);
#114160=CARTESIAN_POINT('',(4.361205,-17.221698,6.75));
#114170=VERTEX_POINT('',#114160);
#114180=EDGE_CURVE('',#114170,#114090,#114150,.T.);
#114190=ORIENTED_EDGE('',*,*,#114180,.T.);
#114200=CARTESIAN_POINT('',(3.711205,-17.221698,6.75));
#114210=DIRECTION('',(-1.,0.,0.));
#114220=VECTOR('',#114210,1.);
#114230=LINE('',#114200,#114220);
#114240=EDGE_CURVE('',#114010,#114170,#114230,.T.);
#114250=ORIENTED_EDGE('',*,*,#114240,.T.);
#114260=EDGE_LOOP('',(#114250,#114190,#114110,#114030));
#114270=FACE_OUTER_BOUND('',#114260,.T.);
#114280=ADVANCED_FACE('',(#114270),#113930,.T.);
#114290=COLOUR_RGB('',0.823529481887817,0.823529481887817,
0.784313797950745);
#114300=FILL_AREA_STYLE_COLOUR('',#114290);
#114310=FILL_AREA_STYLE('',(#114300));
#114320=SURFACE_STYLE_FILL_AREA(#114310);
#114330=SURFACE_SIDE_STYLE('',(#114320));
#114340=SURFACE_STYLE_USAGE(.BOTH.,#114330);
#114350=PRESENTATION_STYLE_ASSIGNMENT((#114340));
#114360=CARTESIAN_POINT('',(3.861205,-17.221698,6.25));
#114370=DIRECTION('',(0.,0.,-1.));
#114380=DIRECTION('',(-1.,0.,0.));
#114390=AXIS2_PLACEMENT_3D('',#114360,#114370,#114380);
#114400=PLANE('',#114390);
#114410=ORIENTED_EDGE('',*,*,#113710,.T.);
#114420=CARTESIAN_POINT('',(4.461205,-15.021698,6.25));
#114430=DIRECTION('',(-1.,0.,0.));
#114440=VECTOR('',#114430,1.);
#114450=LINE('',#114420,#114440);
#114460=EDGE_CURVE('',#113610,#110090,#114450,.T.);
#114470=ORIENTED_EDGE('',*,*,#114460,.F.);
#114480=ORIENTED_EDGE('',*,*,#110100,.T.);
#114490=CARTESIAN_POINT('',(3.961205,-14.6783517098612,6.25));
#114500=DIRECTION('',(0.,1.,0.));
#114510=VECTOR('',#114500,1.);
#114520=LINE('',#114490,#114510);
#114530=CARTESIAN_POINT('',(3.961205,-14.121698,6.25));
#114540=VERTEX_POINT('',#114530);
#114550=EDGE_CURVE('',#110000,#114540,#114520,.T.);
#114560=ORIENTED_EDGE('',*,*,#114550,.F.);
#114570=CARTESIAN_POINT('',(3.761205,-14.121698,6.25));
#114580=DIRECTION('',(0.,0.,-1.));
#114590=DIRECTION('',(0.,-1.,0.));
#114600=AXIS2_PLACEMENT_3D('',#114570,#114580,#114590);
#114610=CIRCLE('',#114600,0.2);
#114620=CARTESIAN_POINT('',(3.761205,-13.921698,6.25));
#114630=VERTEX_POINT('',#114620);
#114640=EDGE_CURVE('',#114630,#114540,#114610,.T.);
#114650=ORIENTED_EDGE('',*,*,#114640,.T.);
#114660=CARTESIAN_POINT('',(3.711205,-13.921698,6.25));
#114670=DIRECTION('',(1.,0.,0.));
#114680=VECTOR('',#114670,1.);
#114690=LINE('',#114660,#114680);
#114700=CARTESIAN_POINT('',(1.961205,-13.921698,6.25));
#114710=VERTEX_POINT('',#114700);
#114720=EDGE_CURVE('',#114710,#114630,#114690,.T.);
#114730=ORIENTED_EDGE('',*,*,#114720,.T.);
#114740=CARTESIAN_POINT('',(1.961205,-14.6783517098612,6.25));
#114750=DIRECTION('',(0.,-1.,0.));
#114760=VECTOR('',#114750,1.);
#114770=LINE('',#114740,#114760);
#114780=CARTESIAN_POINT('',(1.961205,-14.121698,6.25));
#114790=VERTEX_POINT('',#114780);
#114800=EDGE_CURVE('',#114710,#114790,#114770,.T.);
#114810=ORIENTED_EDGE('',*,*,#114800,.F.);
#114820=CARTESIAN_POINT('',(1.761205,-14.121698,6.25));
#114830=DIRECTION('',(0.,0.,-1.));
#114840=DIRECTION('',(0.,-1.,0.));
#114850=AXIS2_PLACEMENT_3D('',#114820,#114830,#114840);
#114860=CIRCLE('',#114850,0.2);
#114870=CARTESIAN_POINT('',(1.761205,-14.321698,6.25));
#114880=VERTEX_POINT('',#114870);
#114890=EDGE_CURVE('',#114790,#114880,#114860,.T.);
#114900=ORIENTED_EDGE('',*,*,#114890,.F.);
#114910=CARTESIAN_POINT('',(8.456205,-14.321698,6.25));
#114920=DIRECTION('',(1.,0.,0.));
#114930=VECTOR('',#114920,1.);
#114940=LINE('',#114910,#114930);
#114950=CARTESIAN_POINT('',(1.261205,-14.321698,6.25));
#114960=VERTEX_POINT('',#114950);
#114970=EDGE_CURVE('',#114960,#114880,#114940,.T.);
#114980=ORIENTED_EDGE('',*,*,#114970,.T.);
#114990=CARTESIAN_POINT('',(1.261205,0.,6.25));
#115000=DIRECTION('',(0.,1.,0.));
#115010=VECTOR('',#115000,1.);
#115020=LINE('',#114990,#115010);
#115030=CARTESIAN_POINT('',(1.261205,-14.421698,6.25));
#115040=VERTEX_POINT('',#115030);
#115050=EDGE_CURVE('',#115040,#114960,#115020,.T.);
#115060=ORIENTED_EDGE('',*,*,#115050,.T.);
#115070=CARTESIAN_POINT('',(8.456205,-14.421698,6.25));
#115080=DIRECTION('',(1.,0.,0.));
#115090=VECTOR('',#115080,1.);
#115100=LINE('',#115070,#115090);
#115110=CARTESIAN_POINT('',(-1.338795,-14.421698,6.25));
#115120=VERTEX_POINT('',#115110);
#115130=EDGE_CURVE('',#115120,#115040,#115100,.T.);
#115140=ORIENTED_EDGE('',*,*,#115130,.T.);
#115150=CARTESIAN_POINT('',(-1.338795,-14.6783517098612,6.25));
#115160=DIRECTION('',(0.,1.,0.));
#115170=VECTOR('',#115160,1.);
#115180=LINE('',#115150,#115170);
#115190=CARTESIAN_POINT('',(-1.338795,-15.021698,6.25));
#115200=VERTEX_POINT('',#115190);
#115210=EDGE_CURVE('',#115200,#115120,#115180,.T.);
#115220=ORIENTED_EDGE('',*,*,#115210,.T.);
#115230=CARTESIAN_POINT('',(8.456205,-15.021698,6.25));
#115240=DIRECTION('',(1.,0.,0.));
#115250=VECTOR('',#115240,1.);
#115260=LINE('',#115230,#115250);
#115270=CARTESIAN_POINT('',(1.261205,-15.021698,6.25));
#115280=VERTEX_POINT('',#115270);
#115290=EDGE_CURVE('',#115200,#115280,#115260,.T.);
#115300=ORIENTED_EDGE('',*,*,#115290,.F.);
#115310=CARTESIAN_POINT('',(1.261205,-15.121698,6.25));
#115320=VERTEX_POINT('',#115310);
#115330=EDGE_CURVE('',#115320,#115280,#115020,.T.);
#115340=ORIENTED_EDGE('',*,*,#115330,.T.);
#115350=CARTESIAN_POINT('',(0.,-15.121698,6.25));
#115360=DIRECTION('',(-1.,0.,0.));
#115370=VECTOR('',#115360,1.);
#115380=LINE('',#115350,#115370);
#115390=CARTESIAN_POINT('',(1.761205,-15.121698,6.25));
#115400=VERTEX_POINT('',#115390);
#115410=EDGE_CURVE('',#115400,#115320,#115380,.T.);
#115420=ORIENTED_EDGE('',*,*,#115410,.T.);
#115430=CARTESIAN_POINT('',(1.761205,-15.321698,6.25));
#115440=DIRECTION('',(0.,0.,1.));
#115450=DIRECTION('',(0.,1.,0.));
#115460=AXIS2_PLACEMENT_3D('',#115430,#115440,#115450);
#115470=CIRCLE('',#115460,0.2);
#115480=CARTESIAN_POINT('',(1.961205,-15.321698,6.25));
#115490=VERTEX_POINT('',#115480);
#115500=EDGE_CURVE('',#115490,#115400,#115470,.T.);
#115510=ORIENTED_EDGE('',*,*,#115500,.T.);
#115520=CARTESIAN_POINT('',(1.961205,-14.6783517098612,6.25));
#115530=DIRECTION('',(0.,1.,0.));
#115540=VECTOR('',#115530,1.);
#115550=LINE('',#115520,#115540);
#115560=CARTESIAN_POINT('',(1.961205,-15.521698,6.25));
#115570=VERTEX_POINT('',#115560);
#115580=EDGE_CURVE('',#115570,#115490,#115550,.T.);
#115590=ORIENTED_EDGE('',*,*,#115580,.T.);
#115600=CARTESIAN_POINT('',(3.711205,-15.521698,6.25));
#115610=DIRECTION('',(1.,0.,0.));
#115620=VECTOR('',#115610,1.);
#115630=LINE('',#115600,#115620);
#115640=CARTESIAN_POINT('',(3.661205,-15.521698,6.25));
#115650=VERTEX_POINT('',#115640);
#115660=EDGE_CURVE('',#115570,#115650,#115630,.T.);
#115670=ORIENTED_EDGE('',*,*,#115660,.F.);
#115680=CARTESIAN_POINT('',(3.661205,-15.721698,6.25));
#115690=DIRECTION('',(0.,0.,-1.));
#115700=DIRECTION('',(0.,-1.,0.));
#115710=AXIS2_PLACEMENT_3D('',#115680,#115690,#115700);
#115720=CIRCLE('',#115710,0.2);
#115730=CARTESIAN_POINT('',(3.861205,-15.721698,6.25));
#115740=VERTEX_POINT('',#115730);
#115750=EDGE_CURVE('',#115650,#115740,#115720,.T.);
#115760=ORIENTED_EDGE('',*,*,#115750,.F.);
#115770=CARTESIAN_POINT('',(3.861205,-14.6783517098612,6.25));
#115780=DIRECTION('',(0.,1.,0.));
#115790=VECTOR('',#115780,1.);
#115800=LINE('',#115770,#115790);
#115810=EDGE_CURVE('',#110380,#115740,#115800,.T.);
#115820=ORIENTED_EDGE('',*,*,#115810,.T.);
#115830=ORIENTED_EDGE('',*,*,#110410,.F.);
#115840=CARTESIAN_POINT('',(3.961205,-17.546228,6.25));
#115850=DIRECTION('',(0.,1.,0.));
#115860=VECTOR('',#115850,1.);
#115870=LINE('',#115840,#115860);
#115880=CARTESIAN_POINT('',(3.961205,-16.721698,6.25));
#115890=VERTEX_POINT('',#115880);
#115900=EDGE_CURVE('',#115890,#110400,#115870,.T.);
#115910=ORIENTED_EDGE('',*,*,#115900,.T.);
#115920=CARTESIAN_POINT('',(4.361205,-16.721698,6.25));
#115930=DIRECTION('',(0.,0.,-1.));
#115940=DIRECTION('',(0.,-1.,0.));
#115950=AXIS2_PLACEMENT_3D('',#115920,#115930,#115940);
#115960=CIRCLE('',#115950,0.4);
#115970=CARTESIAN_POINT('',(4.361205,-17.121698,6.25));
#115980=VERTEX_POINT('',#115970);
#115990=EDGE_CURVE('',#115980,#115890,#115960,.T.);
#116000=ORIENTED_EDGE('',*,*,#115990,.T.);
#116010=CARTESIAN_POINT('',(3.711205,-17.121698,6.25));
#116020=DIRECTION('',(-1.,0.,0.));
#116030=VECTOR('',#116020,1.);
#116040=LINE('',#116010,#116030);
#116050=CARTESIAN_POINT('',(5.961205,-17.121698,6.25));
#116060=VERTEX_POINT('',#116050);
#116070=EDGE_CURVE('',#116060,#115980,#116040,.T.);
#116080=ORIENTED_EDGE('',*,*,#116070,.T.);
#116090=CARTESIAN_POINT('',(5.961205,-14.6783517098612,6.25));
#116100=DIRECTION('',(0.,-1.,0.));
#116110=VECTOR('',#116100,1.);
#116120=LINE('',#116090,#116110);
#116130=EDGE_CURVE('',#110790,#116060,#116120,.T.);
#116140=ORIENTED_EDGE('',*,*,#116130,.T.);
#116150=ORIENTED_EDGE('',*,*,#111050,.T.);
#116160=CARTESIAN_POINT('',(4.661205,-16.421698,6.25));
#116170=DIRECTION('',(0.,0.,1.));
#116180=DIRECTION('',(0.,1.,0.));
#116190=AXIS2_PLACEMENT_3D('',#116160,#116170,#116180);
#116200=CIRCLE('',#116190,0.3);
#116210=CARTESIAN_POINT('',(4.361205,-16.421698,6.25));
#116220=VERTEX_POINT('',#116210);
#116230=EDGE_CURVE('',#116220,#110980,#116200,.T.);
#116240=ORIENTED_EDGE('',*,*,#116230,.T.);
#116250=CARTESIAN_POINT('',(4.361205,-14.6783517098612,6.25));
#116260=DIRECTION('',(0.,-1.,0.));
#116270=VECTOR('',#116260,1.);
#116280=LINE('',#116250,#116270);
#116290=CARTESIAN_POINT('',(4.361205,-16.121698,6.25));
#116300=VERTEX_POINT('',#116290);
#116310=EDGE_CURVE('',#116300,#116220,#116280,.T.);
#116320=ORIENTED_EDGE('',*,*,#116310,.T.);
#116330=CARTESIAN_POINT('',(4.211205,-16.121698,6.25));
#116340=DIRECTION('',(1.,0.,0.));
#116350=VECTOR('',#116340,1.);
#116360=LINE('',#116330,#116350);
#116370=CARTESIAN_POINT('',(4.461205,-16.121698,6.25));
#116380=VERTEX_POINT('',#116370);
#116390=EDGE_CURVE('',#116300,#116380,#116360,.T.);
#116400=ORIENTED_EDGE('',*,*,#116390,.F.);
#116410=CARTESIAN_POINT('',(4.461205,-14.6783517098612,6.25));
#116420=DIRECTION('',(0.,1.,0.));
#116430=VECTOR('',#116420,1.);
#116440=LINE('',#116410,#116430);
#116450=EDGE_CURVE('',#116380,#113700,#116440,.T.);
#116460=ORIENTED_EDGE('',*,*,#116450,.F.);
#116470=EDGE_LOOP('',(#116460,#116400,#116320,#116240,#116150,#116140,
#116080,#116000,#115910,#115830,#115820,#115760,#115670,#115590,#115510,
#115420,#115340,#115300,#115220,#115140,#115060,#114980,#114900,#114810,
#114730,#114650,#114560,#114480,#114470,#114410));
#116480=FACE_OUTER_BOUND('',#116470,.T.);
#116490=ADVANCED_FACE('',(#116480),#114400,.T.);
#116500=COLOUR_RGB('',0.823529481887817,0.823529481887817,
0.784313797950745);
#116510=FILL_AREA_STYLE_COLOUR('',#116500);
#116520=FILL_AREA_STYLE('',(#116510));
#116530=SURFACE_STYLE_FILL_AREA(#116520);
#116540=SURFACE_SIDE_STYLE('',(#116530));
#116550=SURFACE_STYLE_USAGE(.BOTH.,#116540);
#116560=PRESENTATION_STYLE_ASSIGNMENT((#116550));
#116570=CARTESIAN_POINT('',(6.211205,-16.921698,6.3));
#116580=DIRECTION('',(0.196116135138183,0.,-0.98058067569092));
#116590=DIRECTION('',(0.98058067569092,0.,0.196116135138183));
#116600=AXIS2_PLACEMENT_3D('',#116570,#116580,#116590);
#116610=PLANE('',#116600);
#116620=CARTESIAN_POINT('',(6.46120500000001,-17.121698,6.35));
#116630=DIRECTION('',(0.196116135138183,0.,-0.98058067569092));
#116640=DIRECTION('',(0.98058067569092,0.,0.196116135138183));
#116650=AXIS2_PLACEMENT_3D('',#116620,#116630,#116640);
#116660=ELLIPSE('',#116650,0.50990195135928,0.1);
#116670=CARTESIAN_POINT('',(6.10765160940673,-17.1924086781187,
6.27928932188134));
#116680=VERTEX_POINT('',#116670);
#116690=EDGE_CURVE('',#116680,#116060,#116660,.T.);
#116700=ORIENTED_EDGE('',*,*,#116690,.T.);
#116710=CARTESIAN_POINT('',(3.711205,-17.671698,5.8));
#116720=DIRECTION('',(-0.962250448649376,-0.192450089729875,
-0.192450089729875));
#116730=VECTOR('',#116720,1.);
#116740=LINE('',#116710,#116730);
#116750=EDGE_CURVE('',#113210,#116680,#116740,.T.);
#116760=ORIENTED_EDGE('',*,*,#116750,.T.);
#116770=ORIENTED_EDGE('',*,*,#113220,.T.);
#116780=ORIENTED_EDGE('',*,*,#111780,.F.);
#116790=ORIENTED_EDGE('',*,*,#110820,.T.);
#116800=ORIENTED_EDGE('',*,*,#116130,.F.);
#116810=EDGE_LOOP('',(#116800,#116790,#116780,#116770,#116760,#116700));
#116820=FACE_OUTER_BOUND('',#116810,.T.);
#116830=ADVANCED_FACE('',(#116820),#116610,.T.);
#116840=COLOUR_RGB('',0.823529481887817,0.823529481887817,
0.784313797950745);
#116850=FILL_AREA_STYLE_COLOUR('',#116840);
#116860=FILL_AREA_STYLE('',(#116850));
#116870=SURFACE_STYLE_FILL_AREA(#116860);
#116880=SURFACE_SIDE_STYLE('',(#116870));
#116890=SURFACE_STYLE_USAGE(.BOTH.,#116880);
#116900=PRESENTATION_STYLE_ASSIGNMENT((#116890));
#116910=CARTESIAN_POINT('',(-1.588795,-14.371698,6.55));
#116920=DIRECTION('',(-0.196116135138184,0.98058067569092,0.));
#116930=DIRECTION('',(0.98058067569092,0.196116135138184,0.));
#116940=AXIS2_PLACEMENT_3D('',#116910,#116920,#116930);
#116950=PLANE('',#116940);
#116960=CARTESIAN_POINT('',(-1.838795,-14.421698,6.75));
#116970=DIRECTION('',(-0.196116135138184,0.98058067569092,0.));
#116980=DIRECTION('',(0.98058067569092,0.196116135138184,0.));
#116990=AXIS2_PLACEMENT_3D('',#116960,#116970,#116980);
#117000=ELLIPSE('',#116990,0.509901951359279,0.1);
#117010=CARTESIAN_POINT('',(-1.48524160940672,-14.3509873218813,
6.82071067811865));
#117020=VERTEX_POINT('',#117010);
#117030=CARTESIAN_POINT('',(-1.338795,-14.321698,6.75));
#117040=VERTEX_POINT('',#117030);
#117050=EDGE_CURVE('',#117020,#117040,#117000,.T.);
#117060=ORIENTED_EDGE('',*,*,#117050,.T.);
#117070=CARTESIAN_POINT('',(3.711205,-13.311698,7.85999999999999));
#117080=DIRECTION('',(0.962250448649376,0.192450089729875,
0.192450089729875));
#117090=VECTOR('',#117080,1.);
#117100=LINE('',#117070,#117090);
#117110=CARTESIAN_POINT('',(-1.838795,-14.421698,6.75));
#117120=VERTEX_POINT('',#117110);
#117130=EDGE_CURVE('',#117120,#117020,#117100,.T.);
#117140=ORIENTED_EDGE('',*,*,#117130,.T.);
#117150=CARTESIAN_POINT('',(-1.838795,-14.421698,5.73123352431636));
#117160=DIRECTION('',(0.,0.,-1.));
#117170=VECTOR('',#117160,1.);
#117180=LINE('',#117150,#117170);
#117190=CARTESIAN_POINT('',(-1.838795,-14.421698,6.35));
#117200=VERTEX_POINT('',#117190);
#117210=EDGE_CURVE('',#117120,#117200,#117180,.T.);
#117220=ORIENTED_EDGE('',*,*,#117210,.F.);
#117230=CARTESIAN_POINT('',(3.711205,-13.311698,5.24));
#117240=DIRECTION('',(0.962250448649376,0.192450089729875,
-0.192450089729875));
#117250=VECTOR('',#117240,1.);
#117260=LINE('',#117230,#117250);
#117270=CARTESIAN_POINT('',(-1.48524160940672,-14.3509873218813,
6.27928932188134));
#117280=VERTEX_POINT('',#117270);
#117290=EDGE_CURVE('',#117200,#117280,#117260,.T.);
#117300=ORIENTED_EDGE('',*,*,#117290,.F.);
#117310=CARTESIAN_POINT('',(-1.838795,-14.421698,6.35));
#117320=DIRECTION('',(-0.196116135138184,0.98058067569092,0.));
#117330=DIRECTION('',(0.98058067569092,0.196116135138184,0.));
#117340=AXIS2_PLACEMENT_3D('',#117310,#117320,#117330);
#117350=ELLIPSE('',#117340,0.509901951359279,0.1);
#117360=CARTESIAN_POINT('',(-1.338795,-14.321698,6.35));
#117370=VERTEX_POINT('',#117360);
#117380=EDGE_CURVE('',#117370,#117280,#117350,.T.);
#117390=ORIENTED_EDGE('',*,*,#117380,.T.);
#117400=CARTESIAN_POINT('',(-1.338795,-14.321698,5.73123352431636));
#117410=DIRECTION('',(0.,0.,-1.));
#117420=VECTOR('',#117410,1.);
#117430=LINE('',#117400,#117420);
#117440=EDGE_CURVE('',#117040,#117370,#117430,.T.);
#117450=ORIENTED_EDGE('',*,*,#117440,.T.);
#117460=EDGE_LOOP('',(#117450,#117390,#117300,#117220,#117140,#117060));
#117470=FACE_OUTER_BOUND('',#117460,.T.);
#117480=ADVANCED_FACE('',(#117470),#116950,.T.);
#117490=COLOUR_RGB('',0.823529481887817,0.823529481887817,
0.784313797950745);
#117500=FILL_AREA_STYLE_COLOUR('',#117490);
#117510=FILL_AREA_STYLE('',(#117500));
#117520=SURFACE_STYLE_FILL_AREA(#117510);
#117530=SURFACE_SIDE_STYLE('',(#117520));
#117540=SURFACE_STYLE_USAGE(.BOTH.,#117530);
#117550=PRESENTATION_STYLE_ASSIGNMENT((#117540));
#117560=CARTESIAN_POINT('',(4.361205,-16.721698,6.75));
#117570=DIRECTION('',(0.,0.,-1.));
#117580=DIRECTION('',(0.,-1.,0.));
#117590=AXIS2_PLACEMENT_3D('',#117560,#117570,#117580);
#117600=TOROIDAL_SURFACE('',#117590,0.399999999999999,0.1);
#117610=CARTESIAN_POINT('',(4.361205,-17.121698,6.75));
#117620=DIRECTION('',(-1.,0.,0.));
#117630=DIRECTION('',(0.,-1.,0.));
#117640=AXIS2_PLACEMENT_3D('',#117610,#117620,#117630);
#117650=CIRCLE('',#117640,0.1);
#117660=CARTESIAN_POINT('',(4.361205,-17.121698,6.85));
#117670=VERTEX_POINT('',#117660);
#117680=EDGE_CURVE('',#114170,#117670,#117650,.T.);
#117690=ORIENTED_EDGE('',*,*,#117680,.T.);
#117700=CARTESIAN_POINT('',(4.361205,-16.721698,6.75));
#117710=DIRECTION('',(0.,0.,-1.));
#117720=DIRECTION('',(0.,-1.,0.));
#117730=AXIS2_PLACEMENT_3D('',#117700,#117710,#117720);
#117740=CIRCLE('',#117730,0.5);
#117750=CARTESIAN_POINT('',(3.861205,-16.721698,6.75));
#117760=VERTEX_POINT('',#117750);
#117770=EDGE_CURVE('',#114170,#117760,#117740,.T.);
#117780=ORIENTED_EDGE('',*,*,#117770,.F.);
#117790=CARTESIAN_POINT('',(3.961205,-16.721698,6.75));
#117800=DIRECTION('',(0.,1.,0.));
#117810=DIRECTION('',(0.,0.,-1.));
#117820=AXIS2_PLACEMENT_3D('',#117790,#117800,#117810);
#117830=CIRCLE('',#117820,0.1);
#117840=CARTESIAN_POINT('',(3.961205,-16.721698,6.85));
#117850=VERTEX_POINT('',#117840);
#117860=EDGE_CURVE('',#117760,#117850,#117830,.T.);
#117870=ORIENTED_EDGE('',*,*,#117860,.F.);
#117880=CARTESIAN_POINT('',(4.361205,-16.721698,6.85));
#117890=DIRECTION('',(0.,0.,-1.));
#117900=DIRECTION('',(0.,-1.,0.));
#117910=AXIS2_PLACEMENT_3D('',#117880,#117890,#117900);
#117920=CIRCLE('',#117910,0.4);
#117930=EDGE_CURVE('',#117670,#117850,#117920,.T.);
#117940=ORIENTED_EDGE('',*,*,#117930,.T.);
#117950=EDGE_LOOP('',(#117940,#117870,#117780,#117690));
#117960=FACE_OUTER_BOUND('',#117950,.T.);
#117970=ADVANCED_FACE('',(#117960),#117600,.T.);
#117980=COLOUR_RGB('',0.823529481887817,0.823529481887817,
0.784313797950745);
#117990=FILL_AREA_STYLE_COLOUR('',#117980);
#118000=FILL_AREA_STYLE('',(#117990));
#118010=SURFACE_STYLE_FILL_AREA(#118000);
#118020=SURFACE_SIDE_STYLE('',(#118010));
#118030=SURFACE_STYLE_USAGE(.BOTH.,#118020);
#118040=PRESENTATION_STYLE_ASSIGNMENT((#118030));
#118050=CARTESIAN_POINT('',(6.211205,-17.171698,6.55));
#118060=DIRECTION('',(-0.196116135138184,0.98058067569092,0.));
#118070=DIRECTION('',(-0.98058067569092,-0.196116135138184,0.));
#118080=AXIS2_PLACEMENT_3D('',#118050,#118060,#118070);
#118090=PLANE('',#118080);
#118100=CARTESIAN_POINT('',(6.461205,-17.121698,6.35));
#118110=DIRECTION('',(-0.196116135138184,0.98058067569092,0.));
#118120=DIRECTION('',(-0.98058067569092,-0.196116135138184,0.));
#118130=AXIS2_PLACEMENT_3D('',#118100,#118110,#118120);
#118140=ELLIPSE('',#118130,0.509901951359278,0.1);
#118150=EDGE_CURVE('',#116680,#113990,#118140,.T.);
#118160=ORIENTED_EDGE('',*,*,#118150,.F.);
#118170=ORIENTED_EDGE('',*,*,#114020,.F.);
#118180=CARTESIAN_POINT('',(6.461205,-17.121698,6.75));
#118190=DIRECTION('',(-0.196116135138184,0.98058067569092,0.));
#118200=DIRECTION('',(-0.98058067569092,-0.196116135138184,0.));
#118210=AXIS2_PLACEMENT_3D('',#118180,#118190,#118200);
#118220=ELLIPSE('',#118210,0.509901951359278,0.1);
#118230=EDGE_CURVE('',#114010,#112250,#118220,.T.);
#118240=ORIENTED_EDGE('',*,*,#118230,.F.);
#118250=ORIENTED_EDGE('',*,*,#112580,.T.);
#118260=ORIENTED_EDGE('',*,*,#113280,.T.);
#118270=ORIENTED_EDGE('',*,*,#116750,.F.);
#118280=EDGE_LOOP('',(#118270,#118260,#118250,#118240,#118170,#118160));
#118290=FACE_OUTER_BOUND('',#118280,.T.);
#118300=ADVANCED_FACE('',(#118290),#118090,.F.);
#118310=COLOUR_RGB('',0.823529481887817,0.823529481887817,
0.784313797950745);
#118320=FILL_AREA_STYLE_COLOUR('',#118310);
#118330=FILL_AREA_STYLE('',(#118320));
#118340=SURFACE_STYLE_FILL_AREA(#118330);
#118350=SURFACE_SIDE_STYLE('',(#118340));
#118360=SURFACE_STYLE_USAGE(.BOTH.,#118350);
#118370=PRESENTATION_STYLE_ASSIGNMENT((#118360));
#118380=CARTESIAN_POINT('',(3.661205,-15.721698,5.73123352431636));
#118390=DIRECTION('',(0.,0.,-1.));
#118400=DIRECTION('',(0.,-1.,0.));
#118410=AXIS2_PLACEMENT_3D('',#118380,#118390,#118400);
#118420=CYLINDRICAL_SURFACE('',#118410,0.2);
#118430=ORIENTED_EDGE('',*,*,#115750,.T.);
#118440=CARTESIAN_POINT('',(3.661205,-15.521698,5.73123352431636));
#118450=DIRECTION('',(0.,0.,-1.));
#118460=VECTOR('',#118450,1.);
#118470=LINE('',#118440,#118460);
#118480=CARTESIAN_POINT('',(3.661205,-15.521698,6.85));
#118490=VERTEX_POINT('',#118480);
#118500=EDGE_CURVE('',#118490,#115650,#118470,.T.);
#118510=ORIENTED_EDGE('',*,*,#118500,.T.);
#118520=CARTESIAN_POINT('',(3.661205,-15.721698,6.85));
#118530=DIRECTION('',(0.,0.,-1.));
#118540=DIRECTION('',(0.,-1.,0.));
#118550=AXIS2_PLACEMENT_3D('',#118520,#118530,#118540);
#118560=CIRCLE('',#118550,0.2);
#118570=CARTESIAN_POINT('',(3.861205,-15.721698,6.85));
#118580=VERTEX_POINT('',#118570);
#118590=EDGE_CURVE('',#118490,#118580,#118560,.T.);
#118600=ORIENTED_EDGE('',*,*,#118590,.F.);
#118610=CARTESIAN_POINT('',(3.861205,-15.721698,5.73123352431636));
#118620=DIRECTION('',(0.,0.,-1.));
#118630=VECTOR('',#118620,1.);
#118640=LINE('',#118610,#118630);
#118650=EDGE_CURVE('',#118580,#115740,#118640,.T.);
#118660=ORIENTED_EDGE('',*,*,#118650,.F.);
#118670=EDGE_LOOP('',(#118660,#118600,#118510,#118430));
#118680=FACE_OUTER_BOUND('',#118670,.T.);
#118690=ADVANCED_FACE('',(#118680),#118420,.F.);
#118700=COLOUR_RGB('',0.823529481887817,0.823529481887817,
0.784313797950745);
#118710=FILL_AREA_STYLE_COLOUR('',#118700);
#118720=FILL_AREA_STYLE('',(#118710));
#118730=SURFACE_STYLE_FILL_AREA(#118720);
#118740=SURFACE_SIDE_STYLE('',(#118730));
#118750=SURFACE_STYLE_USAGE(.BOTH.,#118740);
#118760=PRESENTATION_STYLE_ASSIGNMENT((#118750));
#118770=CARTESIAN_POINT('',(5.28060110322046,-16.121698,6.59444238398383
));
#118780=DIRECTION('',(0.,1.,-0.));
#118790=DIRECTION('',(-1.,0.,0.));
#118800=AXIS2_PLACEMENT_3D('',#118770,#118780,#118790);
#118810=PLANE('',#118800);
#118820=CARTESIAN_POINT('',(3.711205,-16.121698,6.85));
#118830=DIRECTION('',(-1.,0.,0.));
#118840=VECTOR('',#118830,1.);
#118850=LINE('',#118820,#118840);
#118860=CARTESIAN_POINT('',(3.961205,-16.121698,6.85));
#118870=VERTEX_POINT('',#118860);
#118880=CARTESIAN_POINT('',(3.861205,-16.121698,6.85));
#118890=VERTEX_POINT('',#118880);
#118900=EDGE_CURVE('',#118870,#118890,#118850,.T.);
#118910=ORIENTED_EDGE('',*,*,#118900,.T.);
#118920=CARTESIAN_POINT('',(3.961205,-16.121698,6.75));
#118930=DIRECTION('',(0.,-1.,0.));
#118940=DIRECTION('',(0.,0.,-1.));
#118950=AXIS2_PLACEMENT_3D('',#118920,#118930,#118940);
#118960=CIRCLE('',#118950,0.1);
#118970=CARTESIAN_POINT('',(3.861205,-16.121698,6.75));
#118980=VERTEX_POINT('',#118970);
#118990=EDGE_CURVE('',#118870,#118980,#118960,.T.);
#119000=ORIENTED_EDGE('',*,*,#118990,.F.);
#119010=CARTESIAN_POINT('',(3.861205,-16.121698,5.73123352431636));
#119020=DIRECTION('',(0.,0.,-1.));
#119030=VECTOR('',#119020,1.);
#119040=LINE('',#119010,#119030);
#119050=EDGE_CURVE('',#118890,#118980,#119040,.T.);
#119060=ORIENTED_EDGE('',*,*,#119050,.T.);
#119070=EDGE_LOOP('',(#119060,#119000,#118910));
#119080=FACE_OUTER_BOUND('',#119070,.T.);
#119090=ADVANCED_FACE('',(#119080),#118810,.F.);
#119100=COLOUR_RGB('',0.823529481887817,0.823529481887817,
0.784313797950745);
#119110=FILL_AREA_STYLE_COLOUR('',#119100);
#119120=FILL_AREA_STYLE('',(#119110));
#119130=SURFACE_STYLE_FILL_AREA(#119120);
#119140=SURFACE_SIDE_STYLE('',(#119130));
#119150=SURFACE_STYLE_USAGE(.BOTH.,#119140);
#119160=PRESENTATION_STYLE_ASSIGNMENT((#119150));
#119170=CARTESIAN_POINT('',(4.361205,-14.6783517098612,6.35));
#119180=DIRECTION('',(0.,-1.,0.));
#119190=DIRECTION('',(0.,0.,1.));
#119200=AXIS2_PLACEMENT_3D('',#119170,#119180,#119190);
#119210=CYLINDRICAL_SURFACE('',#119200,0.1);
#119220=CARTESIAN_POINT('',(4.361205,-16.421698,6.35));
#119230=DIRECTION('',(0.,-1.,0.));
#119240=DIRECTION('',(0.,0.,1.));
#119250=AXIS2_PLACEMENT_3D('',#119220,#119230,#119240);
#119260=CIRCLE('',#119250,0.1);
#119270=CARTESIAN_POINT('',(4.461205,-16.421698,6.35));
#119280=VERTEX_POINT('',#119270);
#119290=EDGE_CURVE('',#116220,#119280,#119260,.T.);
#119300=ORIENTED_EDGE('',*,*,#119290,.F.);
#119310=CARTESIAN_POINT('',(4.461205,-14.6783517098612,6.35));
#119320=DIRECTION('',(0.,-1.,0.));
#119330=VECTOR('',#119320,1.);
#119340=LINE('',#119310,#119330);
#119350=CARTESIAN_POINT('',(4.461205,-16.121698,6.35));
#119360=VERTEX_POINT('',#119350);
#119370=EDGE_CURVE('',#119360,#119280,#119340,.T.);
#119380=ORIENTED_EDGE('',*,*,#119370,.T.);
#119390=CARTESIAN_POINT('',(4.361205,-16.121698,6.35));
#119400=DIRECTION('',(0.,-1.,0.));
#119410=DIRECTION('',(0.,0.,1.));
#119420=AXIS2_PLACEMENT_3D('',#119390,#119400,#119410);
#119430=CIRCLE('',#119420,0.1);
#119440=EDGE_CURVE('',#116300,#119360,#119430,.T.);
#119450=ORIENTED_EDGE('',*,*,#119440,.T.);
#119460=ORIENTED_EDGE('',*,*,#116310,.F.);
#119470=EDGE_LOOP('',(#119460,#119450,#119380,#119300));
#119480=FACE_OUTER_BOUND('',#119470,.T.);
#119490=ADVANCED_FACE('',(#119480),#119210,.T.);
#119500=COLOUR_RGB('',0.823529481887817,0.823529481887817,
0.784313797950745);
#119510=FILL_AREA_STYLE_COLOUR('',#119500);
#119520=FILL_AREA_STYLE('',(#119510));
#119530=SURFACE_STYLE_FILL_AREA(#119520);
#119540=SURFACE_SIDE_STYLE('',(#119530));
#119550=SURFACE_STYLE_USAGE(.BOTH.,#119540);
#119560=PRESENTATION_STYLE_ASSIGNMENT((#119550));
#119570=CARTESIAN_POINT('',(5.28060110322046,-16.121698,6.59444238398383
));
#119580=DIRECTION('',(0.,1.,-0.));
#119590=DIRECTION('',(-1.,0.,0.));
#119600=AXIS2_PLACEMENT_3D('',#119570,#119580,#119590);
#119610=PLANE('',#119600);
#119620=CARTESIAN_POINT('',(4.461205,-16.121698,5.73123352431636));
#119630=DIRECTION('',(0.,0.,1.));
#119640=VECTOR('',#119630,1.);
#119650=LINE('',#119620,#119640);
#119660=EDGE_CURVE('',#116380,#119360,#119650,.T.);
#119670=ORIENTED_EDGE('',*,*,#119660,.T.);
#119680=ORIENTED_EDGE('',*,*,#116390,.T.);
#119690=ORIENTED_EDGE('',*,*,#119440,.F.);
#119700=EDGE_LOOP('',(#119690,#119680,#119670));
#119710=FACE_OUTER_BOUND('',#119700,.T.);
#119720=ADVANCED_FACE('',(#119710),#119610,.F.);
#119730=COLOUR_RGB('',0.823529481887817,0.823529481887817,
0.784313797950745);
#119740=FILL_AREA_STYLE_COLOUR('',#119730);
#119750=FILL_AREA_STYLE('',(#119740));
#119760=SURFACE_STYLE_FILL_AREA(#119750);
#119770=SURFACE_SIDE_STYLE('',(#119760));
#119780=SURFACE_STYLE_USAGE(.BOTH.,#119770);
#119790=PRESENTATION_STYLE_ASSIGNMENT((#119780));
#119800=CARTESIAN_POINT('',(3.861205,-17.221698,6.35));
#119810=DIRECTION('',(-1.,0.,0.));
#119820=DIRECTION('',(0.,0.,1.));
#119830=AXIS2_PLACEMENT_3D('',#119800,#119810,#119820);
#119840=PLANE('',#119830);
#119850=CARTESIAN_POINT('',(3.861205,-14.6783517098612,6.85));
#119860=DIRECTION('',(0.,1.,0.));
#119870=VECTOR('',#119860,1.);
#119880=LINE('',#119850,#119870);
#119890=EDGE_CURVE('',#118890,#118580,#119880,.T.);
#119900=ORIENTED_EDGE('',*,*,#119890,.T.);
#119910=ORIENTED_EDGE('',*,*,#119050,.F.);
#119920=CARTESIAN_POINT('',(3.861205,-16.121668,6.75));
#119930=DIRECTION('',(0.,-1.,0.));
#119940=VECTOR('',#119930,1.);
#119950=LINE('',#119920,#119940);
#119960=EDGE_CURVE('',#118980,#117760,#119950,.T.);
#119970=ORIENTED_EDGE('',*,*,#119960,.F.);
#119980=CARTESIAN_POINT('',(3.861205,-16.721698,5.73123352431636));
#119990=DIRECTION('',(0.,0.,-1.));
#120000=VECTOR('',#119990,1.);
#120010=LINE('',#119980,#120000);
#120020=CARTESIAN_POINT('',(3.861205,-16.721698,6.35));
#120030=VERTEX_POINT('',#120020);
#120040=EDGE_CURVE('',#117760,#120030,#120010,.T.);
#120050=ORIENTED_EDGE('',*,*,#120040,.F.);
#120060=CARTESIAN_POINT('',(3.861205,-17.546228,6.35));
#120070=DIRECTION('',(0.,1.,0.));
#120080=VECTOR('',#120070,1.);
#120090=LINE('',#120060,#120080);
#120100=EDGE_CURVE('',#120030,#110480,#120090,.T.);
#120110=ORIENTED_EDGE('',*,*,#120100,.F.);
#120120=ORIENTED_EDGE('',*,*,#110490,.F.);
#120130=ORIENTED_EDGE('',*,*,#115810,.F.);
#120140=ORIENTED_EDGE('',*,*,#118650,.T.);
#120150=EDGE_LOOP('',(#120140,#120130,#120120,#120110,#120050,#119970,
#119910,#119900));
#120160=FACE_OUTER_BOUND('',#120150,.T.);
#120170=ADVANCED_FACE('',(#120160),#119840,.T.);
#120180=COLOUR_RGB('',0.823529481887817,0.823529481887817,
0.784313797950745);
#120190=FILL_AREA_STYLE_COLOUR('',#120180);
#120200=FILL_AREA_STYLE('',(#120190));
#120210=SURFACE_STYLE_FILL_AREA(#120200);
#120220=SURFACE_SIDE_STYLE('',(#120210));
#120230=SURFACE_STYLE_USAGE(.BOTH.,#120220);
#120240=PRESENTATION_STYLE_ASSIGNMENT((#120230));
#120250=CARTESIAN_POINT('',(4.361205,-16.721698,6.35));
#120260=DIRECTION('',(0.,0.,-1.));
#120270=DIRECTION('',(0.,-1.,0.));
#120280=AXIS2_PLACEMENT_3D('',#120250,#120260,#120270);
#120290=TOROIDAL_SURFACE('',#120280,0.399999999999999,0.1);
#120300=CARTESIAN_POINT('',(4.361205,-17.121698,6.35));
#120310=DIRECTION('',(-1.,0.,0.));
#120320=DIRECTION('',(0.,-1.,0.));
#120330=AXIS2_PLACEMENT_3D('',#120300,#120310,#120320);
#120340=CIRCLE('',#120330,0.1);
#120350=EDGE_CURVE('',#115980,#114090,#120340,.T.);
#120360=ORIENTED_EDGE('',*,*,#120350,.T.);
#120370=ORIENTED_EDGE('',*,*,#115990,.F.);
#120380=CARTESIAN_POINT('',(3.961205,-16.721698,6.35));
#120390=DIRECTION('',(0.,1.,0.));
#120400=DIRECTION('',(0.,0.,-1.));
#120410=AXIS2_PLACEMENT_3D('',#120380,#120390,#120400);
#120420=CIRCLE('',#120410,0.1);
#120430=EDGE_CURVE('',#115890,#120030,#120420,.T.);
#120440=ORIENTED_EDGE('',*,*,#120430,.F.);
#120450=CARTESIAN_POINT('',(4.361205,-16.721698,6.35));
#120460=DIRECTION('',(0.,0.,-1.));
#120470=DIRECTION('',(0.,-1.,0.));
#120480=AXIS2_PLACEMENT_3D('',#120450,#120460,#120470);
#120490=CIRCLE('',#120480,0.5);
#120500=EDGE_CURVE('',#114090,#120030,#120490,.T.);
#120510=ORIENTED_EDGE('',*,*,#120500,.T.);
#120520=EDGE_LOOP('',(#120510,#120440,#120370,#120360));
#120530=FACE_OUTER_BOUND('',#120520,.T.);
#120540=ADVANCED_FACE('',(#120530),#120290,.T.);
#120550=COLOUR_RGB('',0.823529481887817,0.823529481887817,
0.784313797950745);
#120560=FILL_AREA_STYLE_COLOUR('',#120550);
#120570=FILL_AREA_STYLE('',(#120560));
#120580=SURFACE_STYLE_FILL_AREA(#120570);
#120590=SURFACE_SIDE_STYLE('',(#120580));
#120600=SURFACE_STYLE_USAGE(.BOTH.,#120590);
#120610=PRESENTATION_STYLE_ASSIGNMENT((#120600));
#120620=CARTESIAN_POINT('',(3.761205,-14.121698,5.73123352431636));
#120630=DIRECTION('',(0.,0.,-1.));
#120640=DIRECTION('',(0.,-1.,0.));
#120650=AXIS2_PLACEMENT_3D('',#120620,#120630,#120640);
#120660=CYLINDRICAL_SURFACE('',#120650,0.2);
#120670=ORIENTED_EDGE('',*,*,#114640,.F.);
#120680=CARTESIAN_POINT('',(3.961205,-14.121698,5.73123352431636));
#120690=DIRECTION('',(0.,0.,-1.));
#120700=VECTOR('',#120690,1.);
#120710=LINE('',#120680,#120700);
#120720=CARTESIAN_POINT('',(3.961205,-14.121698,6.85));
#120730=VERTEX_POINT('',#120720);
#120740=EDGE_CURVE('',#120730,#114540,#120710,.T.);
#120750=ORIENTED_EDGE('',*,*,#120740,.T.);
#120760=CARTESIAN_POINT('',(3.761205,-14.121698,6.85));
#120770=DIRECTION('',(0.,0.,-1.));
#120780=DIRECTION('',(0.,-1.,0.));
#120790=AXIS2_PLACEMENT_3D('',#120760,#120770,#120780);
#120800=CIRCLE('',#120790,0.2);
#120810=CARTESIAN_POINT('',(3.761205,-13.921698,6.85));
#120820=VERTEX_POINT('',#120810);
#120830=EDGE_CURVE('',#120820,#120730,#120800,.T.);
#120840=ORIENTED_EDGE('',*,*,#120830,.T.);
#120850=CARTESIAN_POINT('',(3.761205,-13.921698,5.73123352431636));
#120860=DIRECTION('',(0.,0.,-1.));
#120870=VECTOR('',#120860,1.);
#120880=LINE('',#120850,#120870);
#120890=EDGE_CURVE('',#120820,#114630,#120880,.T.);
#120900=ORIENTED_EDGE('',*,*,#120890,.F.);
#120910=EDGE_LOOP('',(#120900,#120840,#120750,#120670));
#120920=FACE_OUTER_BOUND('',#120910,.T.);
#120930=ADVANCED_FACE('',(#120920),#120660,.T.);
#120940=COLOUR_RGB('',0.823529481887817,0.823529481887817,
0.784313797950745);
#120950=FILL_AREA_STYLE_COLOUR('',#120940);
#120960=FILL_AREA_STYLE('',(#120950));
#120970=SURFACE_STYLE_FILL_AREA(#120960);
#120980=SURFACE_SIDE_STYLE('',(#120970));
#120990=SURFACE_STYLE_USAGE(.BOTH.,#120980);
#121000=PRESENTATION_STYLE_ASSIGNMENT((#120990));
#121010=CARTESIAN_POINT('',(3.661205,-13.921698,6.85));
#121020=DIRECTION('',(-0.,1.,0.));
#121030=DIRECTION('',(1.,0.,0.));
#121040=AXIS2_PLACEMENT_3D('',#121010,#121020,#121030);
#121050=PLANE('',#121040);
#121060=CARTESIAN_POINT('',(3.711205,-13.921698,6.85));
#121070=DIRECTION('',(-1.,0.,0.));
#121080=VECTOR('',#121070,1.);
#121090=LINE('',#121060,#121080);
#121100=CARTESIAN_POINT('',(1.961205,-13.921698,6.85));
#121110=VERTEX_POINT('',#121100);
#121120=EDGE_CURVE('',#120820,#121110,#121090,.T.);
#121130=ORIENTED_EDGE('',*,*,#121120,.F.);
#121140=CARTESIAN_POINT('',(1.961205,-13.921698,5.73123352431636));
#121150=DIRECTION('',(0.,0.,-1.));
#121160=VECTOR('',#121150,1.);
#121170=LINE('',#121140,#121160);
#121180=EDGE_CURVE('',#121110,#114710,#121170,.T.);
#121190=ORIENTED_EDGE('',*,*,#121180,.F.);
#121200=ORIENTED_EDGE('',*,*,#114720,.F.);
#121210=ORIENTED_EDGE('',*,*,#120890,.T.);
#121220=EDGE_LOOP('',(#121210,#121200,#121190,#121130));
#121230=FACE_OUTER_BOUND('',#121220,.T.);
#121240=ADVANCED_FACE('',(#121230),#121050,.T.);
#121250=COLOUR_RGB('',0.823529481887817,0.823529481887817,
0.784313797950745);
#121260=FILL_AREA_STYLE_COLOUR('',#121250);
#121270=FILL_AREA_STYLE('',(#121260));
#121280=SURFACE_STYLE_FILL_AREA(#121270);
#121290=SURFACE_SIDE_STYLE('',(#121280));
#121300=SURFACE_STYLE_USAGE(.BOTH.,#121290);
#121310=PRESENTATION_STYLE_ASSIGNMENT((#121300));
#121320=CARTESIAN_POINT('',(3.711205,-16.721698,6.75));
#121330=DIRECTION('',(-1.,0.,0.));
#121340=DIRECTION('',(0.,-1.,0.));
#121350=AXIS2_PLACEMENT_3D('',#121320,#121330,#121340);
#121360=CYLINDRICAL_SURFACE('',#121350,0.1);
#121370=ORIENTED_EDGE('',*,*,#112820,.T.);
#121380=ORIENTED_EDGE('',*,*,#109530,.T.);
#121390=ORIENTED_EDGE('',*,*,#112010,.F.);
#121400=ORIENTED_EDGE('',*,*,#112430,.T.);
#121410=CARTESIAN_POINT('',(3.711205,-16.721698,6.85));
#121420=DIRECTION('',(-1.,0.,0.));
#121430=VECTOR('',#121420,1.);
#121440=LINE('',#121410,#121430);
#121450=EDGE_CURVE('',#112350,#112810,#121440,.T.);
#121460=ORIENTED_EDGE('',*,*,#121450,.F.);
#121470=EDGE_LOOP('',(#121460,#121400,#121390,#121380,#121370));
#121480=FACE_OUTER_BOUND('',#121470,.T.);
#121490=ADVANCED_FACE('',(#121480),#121360,.T.);
#121500=COLOUR_RGB('',0.823529481887817,0.823529481887817,
0.784313797950745);
#121510=FILL_AREA_STYLE_COLOUR('',#121500);
#121520=FILL_AREA_STYLE('',(#121510));
#121530=SURFACE_STYLE_FILL_AREA(#121520);
#121540=SURFACE_SIDE_STYLE('',(#121530));
#121550=SURFACE_STYLE_USAGE(.BOTH.,#121540);
#121560=PRESENTATION_STYLE_ASSIGNMENT((#121550));
#121570=CARTESIAN_POINT('',(3.87886481284232,-15.021698,6.85));
#121580=DIRECTION('',(-0.,-1.,-0.));
#121590=DIRECTION('',(-1.,0.,0.));
#121600=AXIS2_PLACEMENT_3D('',#121570,#121580,#121590);
#121610=PLANE('',#121600);
#121620=ORIENTED_EDGE('',*,*,#114460,.T.);
#121630=ORIENTED_EDGE('',*,*,#113620,.T.);
#121640=CARTESIAN_POINT('',(4.461205,-15.021698,6.85));
#121650=DIRECTION('',(-1.,0.,0.));
#121660=VECTOR('',#121650,1.);
#121670=LINE('',#121640,#121660);
#121680=EDGE_CURVE('',#113510,#109920,#121670,.T.);
#121690=ORIENTED_EDGE('',*,*,#121680,.F.);
#121700=ORIENTED_EDGE('',*,*,#110160,.F.);
#121710=EDGE_LOOP('',(#121700,#121690,#121630,#121620));
#121720=FACE_OUTER_BOUND('',#121710,.T.);
#121730=ADVANCED_FACE('',(#121720),#121610,.F.);
#121740=COLOUR_RGB('',0.823529481887817,0.823529481887817,
0.784313797950745);
#121750=FILL_AREA_STYLE_COLOUR('',#121740);
#121760=FILL_AREA_STYLE('',(#121750));
#121770=SURFACE_STYLE_FILL_AREA(#121760);
#121780=SURFACE_SIDE_STYLE('',(#121770));
#121790=SURFACE_STYLE_USAGE(.BOTH.,#121780);
#121800=PRESENTATION_STYLE_ASSIGNMENT((#121790));
#121810=CARTESIAN_POINT('',(2.8493642198263,-15.521698,6.1419976));
#121820=DIRECTION('',(-0.,1.,0.));
#121830=DIRECTION('',(1.,0.,0.));
#121840=AXIS2_PLACEMENT_3D('',#121810,#121820,#121830);
#121850=PLANE('',#121840);
#121860=ORIENTED_EDGE('',*,*,#115660,.T.);
#121870=CARTESIAN_POINT('',(1.961205,-15.521698,5.73123352431636));
#121880=DIRECTION('',(0.,0.,-1.));
#121890=VECTOR('',#121880,1.);
#121900=LINE('',#121870,#121890);
#121910=CARTESIAN_POINT('',(1.961205,-15.521698,6.85));
#121920=VERTEX_POINT('',#121910);
#121930=EDGE_CURVE('',#121920,#115570,#121900,.T.);
#121940=ORIENTED_EDGE('',*,*,#121930,.T.);
#121950=CARTESIAN_POINT('',(3.711205,-15.521698,6.85));
#121960=DIRECTION('',(-1.,0.,0.));
#121970=VECTOR('',#121960,1.);
#121980=LINE('',#121950,#121970);
#121990=EDGE_CURVE('',#118490,#121920,#121980,.T.);
#122000=ORIENTED_EDGE('',*,*,#121990,.T.);
#122010=ORIENTED_EDGE('',*,*,#118500,.F.);
#122020=EDGE_LOOP('',(#122010,#122000,#121940,#121860));
#122030=FACE_OUTER_BOUND('',#122020,.T.);
#122040=ADVANCED_FACE('',(#122030),#121850,.F.);
#122050=COLOUR_RGB('',0.823529481887817,0.823529481887817,
0.784313797950745);
#122060=FILL_AREA_STYLE_COLOUR('',#122050);
#122070=FILL_AREA_STYLE('',(#122060));
#122080=SURFACE_STYLE_FILL_AREA(#122070);
#122090=SURFACE_SIDE_STYLE('',(#122080));
#122100=SURFACE_STYLE_USAGE(.BOTH.,#122090);
#122110=PRESENTATION_STYLE_ASSIGNMENT((#122100));
#122120=CARTESIAN_POINT('',(4.161205,-17.3721882432036,6.85));
#122130=DIRECTION('',(0.,0.,1.));
#122140=DIRECTION('',(1.,0.,0.));
#122150=AXIS2_PLACEMENT_3D('',#122120,#122130,#122140);
#122160=PLANE('',#122150);
#122170=ORIENTED_EDGE('',*,*,#109930,.F.);
#122180=ORIENTED_EDGE('',*,*,#121680,.T.);
#122190=ORIENTED_EDGE('',*,*,#113540,.F.);
#122200=CARTESIAN_POINT('',(4.461205,-14.6783517098612,6.85));
#122210=DIRECTION('',(0.,1.,0.));
#122220=VECTOR('',#122210,1.);
#122230=LINE('',#122200,#122220);
#122240=CARTESIAN_POINT('',(4.461205,-16.121698,6.85));
#122250=VERTEX_POINT('',#122240);
#122260=EDGE_CURVE('',#122250,#113530,#122230,.T.);
#122270=ORIENTED_EDGE('',*,*,#122260,.T.);
#122280=CARTESIAN_POINT('',(4.211205,-16.121698,6.85));
#122290=DIRECTION('',(1.,0.,0.));
#122300=VECTOR('',#122290,1.);
#122310=LINE('',#122280,#122300);
#122320=EDGE_CURVE('',#111280,#122250,#122310,.T.);
#122330=ORIENTED_EDGE('',*,*,#122320,.T.);
#122340=ORIENTED_EDGE('',*,*,#111540,.T.);
#122350=ORIENTED_EDGE('',*,*,#112890,.F.);
#122360=ORIENTED_EDGE('',*,*,#121450,.T.);
#122370=ORIENTED_EDGE('',*,*,#112360,.T.);
#122380=CARTESIAN_POINT('',(3.711205,-17.121698,6.85));
#122390=DIRECTION('',(-1.,0.,0.));
#122400=VECTOR('',#122390,1.);
#122410=LINE('',#122380,#122400);
#122420=EDGE_CURVE('',#112270,#117670,#122410,.T.);
#122430=ORIENTED_EDGE('',*,*,#122420,.F.);
#122440=ORIENTED_EDGE('',*,*,#117930,.F.);
#122450=CARTESIAN_POINT('',(3.961205,-16.121668,6.85));
#122460=DIRECTION('',(0.,-1.,0.));
#122470=VECTOR('',#122460,1.);
#122480=LINE('',#122450,#122470);
#122490=EDGE_CURVE('',#118870,#117850,#122480,.T.);
#122500=ORIENTED_EDGE('',*,*,#122490,.T.);
#122510=ORIENTED_EDGE('',*,*,#118900,.F.);
#122520=ORIENTED_EDGE('',*,*,#119890,.F.);
#122530=ORIENTED_EDGE('',*,*,#118590,.T.);
#122540=ORIENTED_EDGE('',*,*,#121990,.F.);
#122550=CARTESIAN_POINT('',(1.961205,-14.6783517098612,6.85));
#122560=DIRECTION('',(0.,-1.,0.));
#122570=VECTOR('',#122560,1.);
#122580=LINE('',#122550,#122570);
#122590=CARTESIAN_POINT('',(1.961205,-15.321698,6.85));
#122600=VERTEX_POINT('',#122590);
#122610=EDGE_CURVE('',#122600,#121920,#122580,.T.);
#122620=ORIENTED_EDGE('',*,*,#122610,.T.);
#122630=CARTESIAN_POINT('',(1.761205,-15.321698,6.85));
#122640=DIRECTION('',(0.,0.,1.));
#122650=DIRECTION('',(0.,1.,0.));
#122660=AXIS2_PLACEMENT_3D('',#122630,#122640,#122650);
#122670=CIRCLE('',#122660,0.2);
#122680=CARTESIAN_POINT('',(1.761205,-15.121698,6.85));
#122690=VERTEX_POINT('',#122680);
#122700=EDGE_CURVE('',#122600,#122690,#122670,.T.);
#122710=ORIENTED_EDGE('',*,*,#122700,.F.);
#122720=CARTESIAN_POINT('',(-0.838795000000001,-15.121698,6.85));
#122730=DIRECTION('',(1.,0.,0.));
#122740=VECTOR('',#122730,1.);
#122750=LINE('',#122720,#122740);
#122760=CARTESIAN_POINT('',(1.261205,-15.121698,6.85));
#122770=VERTEX_POINT('',#122760);
#122780=EDGE_CURVE('',#122770,#122690,#122750,.T.);
#122790=ORIENTED_EDGE('',*,*,#122780,.T.);
#122800=CARTESIAN_POINT('',(1.261205,-14.421698,6.85));
#122810=DIRECTION('',(0.,-1.,0.));
#122820=VECTOR('',#122810,1.);
#122830=LINE('',#122800,#122820);
#122840=CARTESIAN_POINT('',(1.261205,-15.021698,6.85));
#122850=VERTEX_POINT('',#122840);
#122860=EDGE_CURVE('',#122850,#122770,#122830,.T.);
#122870=ORIENTED_EDGE('',*,*,#122860,.T.);
#122880=CARTESIAN_POINT('',(8.456205,-15.021698,6.85));
#122890=DIRECTION('',(1.,0.,0.));
#122900=VECTOR('',#122890,1.);
#122910=LINE('',#122880,#122900);
#122920=CARTESIAN_POINT('',(-1.338795,-15.021698,6.85));
#122930=VERTEX_POINT('',#122920);
#122940=EDGE_CURVE('',#122930,#122850,#122910,.T.);
#122950=ORIENTED_EDGE('',*,*,#122940,.T.);
#122960=CARTESIAN_POINT('',(-1.338795,-14.6783517098612,6.85));
#122970=DIRECTION('',(0.,-1.,0.));
#122980=VECTOR('',#122970,1.);
#122990=LINE('',#122960,#122980);
#123000=CARTESIAN_POINT('',(-1.338795,-14.421698,6.85));
#123010=VERTEX_POINT('',#123000);
#123020=EDGE_CURVE('',#123010,#122930,#122990,.T.);
#123030=ORIENTED_EDGE('',*,*,#123020,.T.);
#123040=CARTESIAN_POINT('',(8.456205,-14.421698,6.85));
#123050=DIRECTION('',(-1.,0.,0.));
#123060=VECTOR('',#123050,1.);
#123070=LINE('',#123040,#123060);
#123080=CARTESIAN_POINT('',(1.261205,-14.421698,6.85));
#123090=VERTEX_POINT('',#123080);
#123100=EDGE_CURVE('',#123090,#123010,#123070,.T.);
#123110=ORIENTED_EDGE('',*,*,#123100,.T.);
#123120=CARTESIAN_POINT('',(1.261205,-14.321698,6.85));
#123130=VERTEX_POINT('',#123120);
#123140=EDGE_CURVE('',#123130,#123090,#122830,.T.);
#123150=ORIENTED_EDGE('',*,*,#123140,.T.);
#123160=CARTESIAN_POINT('',(8.456205,-14.321698,6.85));
#123170=DIRECTION('',(1.,0.,0.));
#123180=VECTOR('',#123170,1.);
#123190=LINE('',#123160,#123180);
#123200=CARTESIAN_POINT('',(1.761205,-14.321698,6.85));
#123210=VERTEX_POINT('',#123200);
#123220=EDGE_CURVE('',#123130,#123210,#123190,.T.);
#123230=ORIENTED_EDGE('',*,*,#123220,.F.);
#123240=CARTESIAN_POINT('',(1.761205,-14.121698,6.85));
#123250=DIRECTION('',(0.,0.,-1.));
#123260=DIRECTION('',(0.,-1.,0.));
#123270=AXIS2_PLACEMENT_3D('',#123240,#123250,#123260);
#123280=CIRCLE('',#123270,0.2);
#123290=CARTESIAN_POINT('',(1.961205,-14.121698,6.85));
#123300=VERTEX_POINT('',#123290);
#123310=EDGE_CURVE('',#123300,#123210,#123280,.T.);
#123320=ORIENTED_EDGE('',*,*,#123310,.T.);
#123330=CARTESIAN_POINT('',(1.961205,-14.6783517098612,6.85));
#123340=DIRECTION('',(0.,-1.,0.));
#123350=VECTOR('',#123340,1.);
#123360=LINE('',#123330,#123350);
#123370=EDGE_CURVE('',#121110,#123300,#123360,.T.);
#123380=ORIENTED_EDGE('',*,*,#123370,.T.);
#123390=ORIENTED_EDGE('',*,*,#121120,.T.);
#123400=ORIENTED_EDGE('',*,*,#120830,.F.);
#123410=CARTESIAN_POINT('',(3.961205,-14.6783517098612,6.85));
#123420=DIRECTION('',(0.,1.,0.));
#123430=VECTOR('',#123420,1.);
#123440=LINE('',#123410,#123430);
#123450=EDGE_CURVE('',#109900,#120730,#123440,.T.);
#123460=ORIENTED_EDGE('',*,*,#123450,.T.);
#123470=EDGE_LOOP('',(#123460,#123400,#123390,#123380,#123320,#123230,
#123150,#123110,#123030,#122950,#122870,#122790,#122710,#122620,#122540,
#122530,#122520,#122510,#122500,#122440,#122430,#122370,#122360,#122350,
#122340,#122330,#122270,#122190,#122180,#122170));
#123480=FACE_OUTER_BOUND('',#123470,.T.);
#123490=ADVANCED_FACE('',(#123480),#122160,.T.);
#123500=COLOUR_RGB('',0.823529481887817,0.823529481887817,
0.784313797950745);
#123510=FILL_AREA_STYLE_COLOUR('',#123500);
#123520=FILL_AREA_STYLE('',(#123510));
#123530=SURFACE_STYLE_FILL_AREA(#123520);
#123540=SURFACE_SIDE_STYLE('',(#123530));
#123550=SURFACE_STYLE_USAGE(.BOTH.,#123540);
#123560=PRESENTATION_STYLE_ASSIGNMENT((#123550));
#123570=CARTESIAN_POINT('',(4.661205,-16.421698,5.73123352431636));
#123580=DIRECTION('',(0.,0.,1.));
#123590=DIRECTION('',(0.,1.,0.));
#123600=AXIS2_PLACEMENT_3D('',#123570,#123580,#123590);
#123610=CYLINDRICAL_SURFACE('',#123600,0.2);
#123620=CARTESIAN_POINT('',(4.461205,-16.421698,5.73123352431636));
#123630=DIRECTION('',(0.,0.,1.));
#123640=VECTOR('',#123630,1.);
#123650=LINE('',#123620,#123640);
#123660=EDGE_CURVE('',#119280,#111380,#123650,.T.);
#123670=ORIENTED_EDGE('',*,*,#123660,.T.);
#123680=CARTESIAN_POINT('',(4.661205,-16.421698,6.35));
#123690=DIRECTION('',(0.,0.,1.));
#123700=DIRECTION('',(0.,1.,0.));
#123710=AXIS2_PLACEMENT_3D('',#123680,#123690,#123700);
#123720=CIRCLE('',#123710,0.2);
#123730=EDGE_CURVE('',#119280,#109600,#123720,.T.);
#123740=ORIENTED_EDGE('',*,*,#123730,.F.);
#123750=ORIENTED_EDGE('',*,*,#109610,.F.);
#123760=ORIENTED_EDGE('',*,*,#112970,.T.);
#123770=EDGE_LOOP('',(#123760,#123750,#123740,#123670));
#123780=FACE_OUTER_BOUND('',#123770,.T.);
#123790=ADVANCED_FACE('',(#123780),#123610,.F.);
#123800=COLOUR_RGB('',0.823529481887817,0.823529481887817,
0.784313797950745);
#123810=FILL_AREA_STYLE_COLOUR('',#123800);
#123820=FILL_AREA_STYLE('',(#123810));
#123830=SURFACE_STYLE_FILL_AREA(#123820);
#123840=SURFACE_SIDE_STYLE('',(#123830));
#123850=SURFACE_STYLE_USAGE(.BOTH.,#123840);
#123860=PRESENTATION_STYLE_ASSIGNMENT((#123850));
#123870=CARTESIAN_POINT('',(1.261205,-15.121698,6.85));
#123880=DIRECTION('',(-0.,-1.,-0.));
#123890=DIRECTION('',(-1.,0.,0.));
#123900=AXIS2_PLACEMENT_3D('',#123870,#123880,#123890);
#123910=PLANE('',#123900);
#123920=CARTESIAN_POINT('',(8.456205,-15.121698,6.35));
#123930=DIRECTION('',(1.,0.,0.));
#123940=VECTOR('',#123930,1.);
#123950=LINE('',#123920,#123940);
#123960=CARTESIAN_POINT('',(-1.338795,-15.121698,6.35));
#123970=VERTEX_POINT('',#123960);
#123980=CARTESIAN_POINT('',(1.261205,-15.121698,6.35));
#123990=VERTEX_POINT('',#123980);
#124000=EDGE_CURVE('',#123970,#123990,#123950,.T.);
#124010=ORIENTED_EDGE('',*,*,#124000,.T.);
#124020=CARTESIAN_POINT('',(-1.338795,-15.121698,5.73123352431636));
#124030=DIRECTION('',(0.,0.,1.));
#124040=VECTOR('',#124030,1.);
#124050=LINE('',#124020,#124040);
#124060=CARTESIAN_POINT('',(-1.338795,-15.121698,6.75));
#124070=VERTEX_POINT('',#124060);
#124080=EDGE_CURVE('',#123970,#124070,#124050,.T.);
#124090=ORIENTED_EDGE('',*,*,#124080,.F.);
#124100=CARTESIAN_POINT('',(-0.838795000000001,-15.121698,6.75));
#124110=DIRECTION('',(1.,0.,0.));
#124120=VECTOR('',#124110,1.);
#124130=LINE('',#124100,#124120);
#124140=CARTESIAN_POINT('',(1.261205,-15.121698,6.75));
#124150=VERTEX_POINT('',#124140);
#124160=EDGE_CURVE('',#124070,#124150,#124130,.T.);
#124170=ORIENTED_EDGE('',*,*,#124160,.F.);
#124180=CARTESIAN_POINT('',(1.261205,-15.121698,0.));
#124190=DIRECTION('',(0.,0.,-1.));
#124200=VECTOR('',#124190,1.);
#124210=LINE('',#124180,#124200);
#124220=EDGE_CURVE('',#122770,#124150,#124210,.T.);
#124230=ORIENTED_EDGE('',*,*,#124220,.T.);
#124240=ORIENTED_EDGE('',*,*,#122780,.F.);
#124250=CARTESIAN_POINT('',(1.761205,-15.121698,5.73123352431636));
#124260=DIRECTION('',(0.,0.,1.));
#124270=VECTOR('',#124260,1.);
#124280=LINE('',#124250,#124270);
#124290=EDGE_CURVE('',#115400,#122690,#124280,.T.);
#124300=ORIENTED_EDGE('',*,*,#124290,.T.);
#124310=ORIENTED_EDGE('',*,*,#115410,.F.);
#124320=EDGE_CURVE('',#123990,#115320,#124210,.T.);
#124330=ORIENTED_EDGE('',*,*,#124320,.T.);
#124340=EDGE_LOOP('',(#124330,#124310,#124300,#124240,#124230,#124170,
#124090,#124010));
#124350=FACE_OUTER_BOUND('',#124340,.T.);
#124360=ADVANCED_FACE('',(#124350),#123910,.T.);
#124370=COLOUR_RGB('',0.823529481887817,0.823529481887817,
0.784313797950745);
#124380=FILL_AREA_STYLE_COLOUR('',#124370);
#124390=FILL_AREA_STYLE('',(#124380));
#124400=SURFACE_STYLE_FILL_AREA(#124390);
#124410=SURFACE_SIDE_STYLE('',(#124400));
#124420=SURFACE_STYLE_USAGE(.BOTH.,#124410);
#124430=PRESENTATION_STYLE_ASSIGNMENT((#124420));
#124440=CARTESIAN_POINT('',(1.761205,-14.121698,5.73123352431636));
#124450=DIRECTION('',(0.,0.,-1.));
#124460=DIRECTION('',(0.,-1.,0.));
#124470=AXIS2_PLACEMENT_3D('',#124440,#124450,#124460);
#124480=CYLINDRICAL_SURFACE('',#124470,0.2);
#124490=ORIENTED_EDGE('',*,*,#123310,.F.);
#124500=CARTESIAN_POINT('',(1.761205,-14.321698,5.73123352431636));
#124510=DIRECTION('',(0.,0.,-1.));
#124520=VECTOR('',#124510,1.);
#124530=LINE('',#124500,#124520);
#124540=EDGE_CURVE('',#123210,#114880,#124530,.T.);
#124550=ORIENTED_EDGE('',*,*,#124540,.F.);
#124560=ORIENTED_EDGE('',*,*,#114890,.T.);
#124570=CARTESIAN_POINT('',(1.961205,-14.121698,5.73123352431636));
#124580=DIRECTION('',(0.,0.,-1.));
#124590=VECTOR('',#124580,1.);
#124600=LINE('',#124570,#124590);
#124610=EDGE_CURVE('',#123300,#114790,#124600,.T.);
#124620=ORIENTED_EDGE('',*,*,#124610,.T.);
#124630=EDGE_LOOP('',(#124620,#124560,#124550,#124490));
#124640=FACE_OUTER_BOUND('',#124630,.T.);
#124650=ADVANCED_FACE('',(#124640),#124480,.F.);
#124660=COLOUR_RGB('',0.823529481887817,0.823529481887817,
0.784313797950745);
#124670=FILL_AREA_STYLE_COLOUR('',#124660);
#124680=FILL_AREA_STYLE('',(#124670));
#124690=SURFACE_STYLE_FILL_AREA(#124680);
#124700=SURFACE_SIDE_STYLE('',(#124690));
#124710=SURFACE_STYLE_USAGE(.BOTH.,#124700);
#124720=PRESENTATION_STYLE_ASSIGNMENT((#124710));
#124730=CARTESIAN_POINT('',(4.461205,-14.321698,6.85));
#124740=DIRECTION('',(-0.,1.,0.));
#124750=DIRECTION('',(1.,0.,0.));
#124760=AXIS2_PLACEMENT_3D('',#124730,#124740,#124750);
#124770=PLANE('',#124760);
#124780=ORIENTED_EDGE('',*,*,#123220,.T.);
#124790=CARTESIAN_POINT('',(1.261205,-14.321698,0.));
#124800=DIRECTION('',(0.,0.,-1.));
#124810=VECTOR('',#124800,1.);
#124820=LINE('',#124790,#124810);
#124830=CARTESIAN_POINT('',(1.261205,-14.321698,6.75));
#124840=VERTEX_POINT('',#124830);
#124850=EDGE_CURVE('',#123130,#124840,#124820,.T.);
#124860=ORIENTED_EDGE('',*,*,#124850,.F.);
#124870=CARTESIAN_POINT('',(5.11207050553578,-14.321698,6.75));
#124880=DIRECTION('',(1.,0.,0.));
#124890=VECTOR('',#124880,1.);
#124900=LINE('',#124870,#124890);
#124910=EDGE_CURVE('',#117040,#124840,#124900,.T.);
#124920=ORIENTED_EDGE('',*,*,#124910,.T.);
#124930=ORIENTED_EDGE('',*,*,#117440,.F.);
#124940=CARTESIAN_POINT('',(5.11207050553578,-14.321698,6.35));
#124950=DIRECTION('',(-1.,0.,0.));
#124960=VECTOR('',#124950,1.);
#124970=LINE('',#124940,#124960);
#124980=CARTESIAN_POINT('',(1.261205,-14.321698,6.35));
#124990=VERTEX_POINT('',#124980);
#125000=EDGE_CURVE('',#124990,#117370,#124970,.T.);
#125010=ORIENTED_EDGE('',*,*,#125000,.T.);
#125020=EDGE_CURVE('',#124990,#114960,#124820,.T.);
#125030=ORIENTED_EDGE('',*,*,#125020,.F.);
#125040=ORIENTED_EDGE('',*,*,#114970,.F.);
#125050=ORIENTED_EDGE('',*,*,#124540,.T.);
#125060=EDGE_LOOP('',(#125050,#125040,#125030,#125010,#124930,#124920,
#124860,#124780));
#125070=FACE_OUTER_BOUND('',#125060,.T.);
#125080=ADVANCED_FACE('',(#125070),#124770,.T.);
#125090=COLOUR_RGB('',0.823529481887817,0.823529481887817,
0.784313797950745);
#125100=FILL_AREA_STYLE_COLOUR('',#125090);
#125110=FILL_AREA_STYLE('',(#125100));
#125120=SURFACE_STYLE_FILL_AREA(#125110);
#125130=SURFACE_SIDE_STYLE('',(#125120));
#125140=SURFACE_STYLE_USAGE(.BOTH.,#125130);
#125150=PRESENTATION_STYLE_ASSIGNMENT((#125140));
#125160=CARTESIAN_POINT('',(3.961205,-16.121698,6.35));
#125170=DIRECTION('',(0.,1.,0.));
#125180=DIRECTION('',(0.,0.,1.));
#125190=AXIS2_PLACEMENT_3D('',#125160,#125170,#125180);
#125200=CYLINDRICAL_SURFACE('',#125190,0.1);
#125210=ORIENTED_EDGE('',*,*,#110560,.F.);
#125220=ORIENTED_EDGE('',*,*,#120100,.T.);
#125230=ORIENTED_EDGE('',*,*,#120430,.T.);
#125240=ORIENTED_EDGE('',*,*,#115900,.F.);
#125250=EDGE_LOOP('',(#125240,#125230,#125220,#125210));
#125260=FACE_OUTER_BOUND('',#125250,.T.);
#125270=ADVANCED_FACE('',(#125260),#125200,.T.);
#125280=COLOUR_RGB('',0.823529481887817,0.823529481887817,
0.784313797950745);
#125290=FILL_AREA_STYLE_COLOUR('',#125280);
#125300=FILL_AREA_STYLE('',(#125290));
#125310=SURFACE_STYLE_FILL_AREA(#125300);
#125320=SURFACE_SIDE_STYLE('',(#125310));
#125330=SURFACE_STYLE_USAGE(.BOTH.,#125320);
#125340=PRESENTATION_STYLE_ASSIGNMENT((#125330));
#125350=CARTESIAN_POINT('',(8.456205,-15.021698,6.35));
#125360=DIRECTION('',(1.,0.,0.));
#125370=DIRECTION('',(0.,1.,0.));
#125380=AXIS2_PLACEMENT_3D('',#125350,#125360,#125370);
#125390=CYLINDRICAL_SURFACE('',#125380,0.1);
#125400=ORIENTED_EDGE('',*,*,#115290,.T.);
#125410=CARTESIAN_POINT('',(-1.838795,-15.021698,6.35));
#125420=DIRECTION('',(0.196116135138183,0.,0.98058067569092));
#125430=DIRECTION('',(0.98058067569092,0.,-0.196116135138183));
#125440=AXIS2_PLACEMENT_3D('',#125410,#125420,#125430);
#125450=ELLIPSE('',#125440,0.50990195135928,0.1);
#125460=CARTESIAN_POINT('',(-1.48524160940672,-15.0924086781186,
6.27928932188134));
#125470=VERTEX_POINT('',#125460);
#125480=EDGE_CURVE('',#125470,#115200,#125450,.T.);
#125490=ORIENTED_EDGE('',*,*,#125480,.T.);
#125500=CARTESIAN_POINT('',(-1.838795,-15.021698,6.35));
#125510=DIRECTION('',(-0.196116135138184,-0.98058067569092,0.));
#125520=DIRECTION('',(0.98058067569092,-0.196116135138184,0.));
#125530=AXIS2_PLACEMENT_3D('',#125500,#125510,#125520);
#125540=ELLIPSE('',#125530,0.509901951359278,0.1);
#125550=EDGE_CURVE('',#125470,#123970,#125540,.T.);
#125560=ORIENTED_EDGE('',*,*,#125550,.F.);
#125570=ORIENTED_EDGE('',*,*,#124000,.F.);
#125580=CARTESIAN_POINT('',(1.261205,-15.021698,6.35));
#125590=DIRECTION('',(1.,0.,0.));
#125600=DIRECTION('',(0.,1.,0.));
#125610=AXIS2_PLACEMENT_3D('',#125580,#125590,#125600);
#125620=CIRCLE('',#125610,0.1);
#125630=EDGE_CURVE('',#123990,#115280,#125620,.T.);
#125640=ORIENTED_EDGE('',*,*,#125630,.F.);
#125650=EDGE_LOOP('',(#125640,#125570,#125560,#125490,#125400));
#125660=FACE_OUTER_BOUND('',#125650,.T.);
#125670=ADVANCED_FACE('',(#125660),#125390,.T.);
#125680=COLOUR_RGB('',0.823529481887817,0.823529481887817,
0.784313797950745);
#125690=FILL_AREA_STYLE_COLOUR('',#125680);
#125700=FILL_AREA_STYLE('',(#125690));
#125710=SURFACE_STYLE_FILL_AREA(#125700);
#125720=SURFACE_SIDE_STYLE('',(#125710));
#125730=SURFACE_STYLE_USAGE(.BOTH.,#125720);
#125740=PRESENTATION_STYLE_ASSIGNMENT((#125730));
#125750=CARTESIAN_POINT('',(1.261205,-14.421698,6.85));
#125760=DIRECTION('',(-1.,0.,0.));
#125770=DIRECTION('',(0.,1.,0.));
#125780=AXIS2_PLACEMENT_3D('',#125750,#125760,#125770);
#125790=PLANE('',#125780);
#125800=ORIENTED_EDGE('',*,*,#124320,.F.);
#125810=ORIENTED_EDGE('',*,*,#115330,.F.);
#125820=ORIENTED_EDGE('',*,*,#125630,.T.);
#125830=EDGE_LOOP('',(#125820,#125810,#125800));
#125840=FACE_OUTER_BOUND('',#125830,.T.);
#125850=ADVANCED_FACE('',(#125840),#125790,.T.);
#125860=COLOUR_RGB('',0.823529481887817,0.823529481887817,
0.784313797950745);
#125870=FILL_AREA_STYLE_COLOUR('',#125860);
#125880=FILL_AREA_STYLE('',(#125870));
#125890=SURFACE_STYLE_FILL_AREA(#125880);
#125900=SURFACE_SIDE_STYLE('',(#125890));
#125910=SURFACE_STYLE_USAGE(.BOTH.,#125900);
#125920=PRESENTATION_STYLE_ASSIGNMENT((#125910));
#125930=CARTESIAN_POINT('',(1.761205,-15.321698,5.73123352431636));
#125940=DIRECTION('',(0.,0.,1.));
#125950=DIRECTION('',(0.,1.,0.));
#125960=AXIS2_PLACEMENT_3D('',#125930,#125940,#125950);
#125970=CYLINDRICAL_SURFACE('',#125960,0.2);
#125980=ORIENTED_EDGE('',*,*,#115500,.F.);
#125990=ORIENTED_EDGE('',*,*,#124290,.F.);
#126000=ORIENTED_EDGE('',*,*,#122700,.T.);
#126010=CARTESIAN_POINT('',(1.961205,-15.321698,5.73123352431636));
#126020=DIRECTION('',(0.,0.,1.));
#126030=VECTOR('',#126020,1.);
#126040=LINE('',#126010,#126030);
#126050=EDGE_CURVE('',#115490,#122600,#126040,.T.);
#126060=ORIENTED_EDGE('',*,*,#126050,.T.);
#126070=EDGE_LOOP('',(#126060,#126000,#125990,#125980));
#126080=FACE_OUTER_BOUND('',#126070,.T.);
#126090=ADVANCED_FACE('',(#126080),#125970,.F.);
#126100=COLOUR_RGB('',0.823529481887817,0.823529481887817,
0.784313797950745);
#126110=FILL_AREA_STYLE_COLOUR('',#126100);
#126120=FILL_AREA_STYLE('',(#126110));
#126130=SURFACE_STYLE_FILL_AREA(#126120);
#126140=SURFACE_SIDE_STYLE('',(#126130));
#126150=SURFACE_STYLE_USAGE(.BOTH.,#126140);
#126160=PRESENTATION_STYLE_ASSIGNMENT((#126150));
#126170=CARTESIAN_POINT('',(3.711205,-17.121698,6.75));
#126180=DIRECTION('',(-1.,0.,0.));
#126190=DIRECTION('',(0.,-1.,0.));
#126200=AXIS2_PLACEMENT_3D('',#126170,#126180,#126190);
#126210=CYLINDRICAL_SURFACE('',#126200,0.1);
#126220=ORIENTED_EDGE('',*,*,#117680,.F.);
#126230=ORIENTED_EDGE('',*,*,#122420,.T.);
#126240=ORIENTED_EDGE('',*,*,#112280,.T.);
#126250=ORIENTED_EDGE('',*,*,#118230,.T.);
#126260=ORIENTED_EDGE('',*,*,#114240,.F.);
#126270=EDGE_LOOP('',(#126260,#126250,#126240,#126230,#126220));
#126280=FACE_OUTER_BOUND('',#126270,.T.);
#126290=ADVANCED_FACE('',(#126280),#126210,.T.);
#126300=COLOUR_RGB('',0.823529481887817,0.823529481887817,
0.784313797950745);
#126310=FILL_AREA_STYLE_COLOUR('',#126300);
#126320=FILL_AREA_STYLE('',(#126310));
#126330=SURFACE_STYLE_FILL_AREA(#126320);
#126340=SURFACE_SIDE_STYLE('',(#126330));
#126350=SURFACE_STYLE_USAGE(.BOTH.,#126340);
#126360=PRESENTATION_STYLE_ASSIGNMENT((#126350));
#126370=CARTESIAN_POINT('',(1.961205,-14.421698,6.85));
#126380=DIRECTION('',(-1.,0.,0.));
#126390=DIRECTION('',(0.,1.,0.));
#126400=AXIS2_PLACEMENT_3D('',#126370,#126380,#126390);
#126410=PLANE('',#126400);
#126420=ORIENTED_EDGE('',*,*,#122610,.F.);
#126430=ORIENTED_EDGE('',*,*,#121930,.F.);
#126440=ORIENTED_EDGE('',*,*,#115580,.F.);
#126450=ORIENTED_EDGE('',*,*,#126050,.F.);
#126460=EDGE_LOOP('',(#126450,#126440,#126430,#126420));
#126470=FACE_OUTER_BOUND('',#126460,.T.);
#126480=ADVANCED_FACE('',(#126470),#126410,.T.);
#126490=COLOUR_RGB('',0.823529481887817,0.823529481887817,
0.784313797950745);
#126500=FILL_AREA_STYLE_COLOUR('',#126490);
#126510=FILL_AREA_STYLE('',(#126500));
#126520=SURFACE_STYLE_FILL_AREA(#126510);
#126530=SURFACE_SIDE_STYLE('',(#126520));
#126540=SURFACE_STYLE_USAGE(.BOTH.,#126530);
#126550=PRESENTATION_STYLE_ASSIGNMENT((#126540));
#126560=ORIENTED_EDGE('',*,*,#124220,.F.);
#126570=CARTESIAN_POINT('',(1.261205,-15.021698,6.75));
#126580=DIRECTION('',(-1.,0.,0.));
#126590=DIRECTION('',(0.,-1.,0.));
#126600=AXIS2_PLACEMENT_3D('',#126570,#126580,#126590);
#126610=CIRCLE('',#126600,0.1);
#126620=EDGE_CURVE('',#124150,#122850,#126610,.T.);
#126630=ORIENTED_EDGE('',*,*,#126620,.F.);
#126640=ORIENTED_EDGE('',*,*,#122860,.F.);
#126650=EDGE_LOOP('',(#126640,#126630,#126560));
#126660=FACE_OUTER_BOUND('',#126650,.T.);
#126670=ADVANCED_FACE('',(#126660),#125790,.T.);
#126680=COLOUR_RGB('',0.823529481887817,0.823529481887817,
0.784313797950745);
#126690=FILL_AREA_STYLE_COLOUR('',#126680);
#126700=FILL_AREA_STYLE('',(#126690));
#126710=SURFACE_STYLE_FILL_AREA(#126700);
#126720=SURFACE_SIDE_STYLE('',(#126710));
#126730=SURFACE_STYLE_USAGE(.BOTH.,#126720);
#126740=PRESENTATION_STYLE_ASSIGNMENT((#126730));
#126750=CARTESIAN_POINT('',(-0.838795000000001,-15.021698,6.75));
#126760=DIRECTION('',(-1.,0.,0.));
#126770=DIRECTION('',(0.,-1.,0.));
#126780=AXIS2_PLACEMENT_3D('',#126750,#126760,#126770);
#126790=CYLINDRICAL_SURFACE('',#126780,0.1);
#126800=ORIENTED_EDGE('',*,*,#124160,.T.);
#126810=CARTESIAN_POINT('',(-1.838795,-15.021698,6.75));
#126820=DIRECTION('',(-0.196116135138184,-0.98058067569092,0.));
#126830=DIRECTION('',(0.98058067569092,-0.196116135138184,0.));
#126840=AXIS2_PLACEMENT_3D('',#126810,#126820,#126830);
#126850=ELLIPSE('',#126840,0.509901951359279,0.1);
#126860=CARTESIAN_POINT('',(-1.48524160940672,-15.0924086781186,
6.82071067811865));
#126870=VERTEX_POINT('',#126860);
#126880=EDGE_CURVE('',#124070,#126870,#126850,.T.);
#126890=ORIENTED_EDGE('',*,*,#126880,.F.);
#126900=CARTESIAN_POINT('',(-1.838795,-15.021698,6.75));
#126910=DIRECTION('',(-0.196116135138183,0.,0.98058067569092));
#126920=DIRECTION('',(-0.98058067569092,0.,-0.196116135138183));
#126930=AXIS2_PLACEMENT_3D('',#126900,#126910,#126920);
#126940=ELLIPSE('',#126930,0.50990195135928,0.1);
#126950=EDGE_CURVE('',#126870,#122930,#126940,.T.);
#126960=ORIENTED_EDGE('',*,*,#126950,.F.);
#126970=ORIENTED_EDGE('',*,*,#122940,.F.);
#126980=ORIENTED_EDGE('',*,*,#126620,.T.);
#126990=EDGE_LOOP('',(#126980,#126970,#126960,#126890,#126800));
#127000=FACE_OUTER_BOUND('',#126990,.T.);
#127010=ADVANCED_FACE('',(#127000),#126790,.T.);
#127020=COLOUR_RGB('',0.823529481887817,0.823529481887817,
0.784313797950745);
#127030=FILL_AREA_STYLE_COLOUR('',#127020);
#127040=FILL_AREA_STYLE('',(#127030));
#127050=SURFACE_STYLE_FILL_AREA(#127040);
#127060=SURFACE_SIDE_STYLE('',(#127050));
#127070=SURFACE_STYLE_USAGE(.BOTH.,#127060);
#127080=PRESENTATION_STYLE_ASSIGNMENT((#127070));
#127090=CARTESIAN_POINT('',(3.961205,-16.121698,6.75));
#127100=DIRECTION('',(0.,-1.,0.));
#127110=DIRECTION('',(0.,0.,-1.));
#127120=AXIS2_PLACEMENT_3D('',#127090,#127100,#127110);
#127130=CYLINDRICAL_SURFACE('',#127120,0.1);
#127140=ORIENTED_EDGE('',*,*,#118990,.T.);
#127150=ORIENTED_EDGE('',*,*,#122490,.F.);
#127160=ORIENTED_EDGE('',*,*,#117860,.T.);
#127170=ORIENTED_EDGE('',*,*,#119960,.T.);
#127180=EDGE_LOOP('',(#127170,#127160,#127150,#127140));
#127190=FACE_OUTER_BOUND('',#127180,.T.);
#127200=ADVANCED_FACE('',(#127190),#127130,.T.);
#127210=COLOUR_RGB('',0.823529481887817,0.823529481887817,
0.784313797950745);
#127220=FILL_AREA_STYLE_COLOUR('',#127210);
#127230=FILL_AREA_STYLE('',(#127220));
#127240=SURFACE_STYLE_FILL_AREA(#127230);
#127250=SURFACE_SIDE_STYLE('',(#127240));
#127260=SURFACE_STYLE_USAGE(.BOTH.,#127250);
#127270=PRESENTATION_STYLE_ASSIGNMENT((#127260));
#127280=CARTESIAN_POINT('',(-1.588795,-14.721698,6.8));
#127290=DIRECTION('',(-0.196116135138183,0.,0.98058067569092));
#127300=DIRECTION('',(-0.98058067569092,0.,-0.196116135138183));
#127310=AXIS2_PLACEMENT_3D('',#127280,#127290,#127300);
#127320=PLANE('',#127310);
#127330=ORIENTED_EDGE('',*,*,#126950,.T.);
#127340=CARTESIAN_POINT('',(3.711205,-16.131698,7.85999999999999));
#127350=DIRECTION('',(-0.962250448649376,0.192450089729875,
-0.192450089729875));
#127360=VECTOR('',#127350,1.);
#127370=LINE('',#127340,#127360);
#127380=CARTESIAN_POINT('',(-1.838795,-15.021698,6.75));
#127390=VERTEX_POINT('',#127380);
#127400=EDGE_CURVE('',#126870,#127390,#127370,.T.);
#127410=ORIENTED_EDGE('',*,*,#127400,.F.);
#127420=CARTESIAN_POINT('',(-1.838795,-14.721698,6.75));
#127430=DIRECTION('',(0.,-1.,0.));
#127440=VECTOR('',#127430,1.);
#127450=LINE('',#127420,#127440);
#127460=EDGE_CURVE('',#117120,#127390,#127450,.T.);
#127470=ORIENTED_EDGE('',*,*,#127460,.T.);
#127480=ORIENTED_EDGE('',*,*,#117130,.F.);
#127490=CARTESIAN_POINT('',(-1.838795,-14.421698,6.75));
#127500=DIRECTION('',(-0.196116135138183,0.,0.98058067569092));
#127510=DIRECTION('',(-0.98058067569092,0.,-0.196116135138183));
#127520=AXIS2_PLACEMENT_3D('',#127490,#127500,#127510);
#127530=ELLIPSE('',#127520,0.50990195135928,0.1);
#127540=EDGE_CURVE('',#123010,#117020,#127530,.T.);
#127550=ORIENTED_EDGE('',*,*,#127540,.T.);
#127560=ORIENTED_EDGE('',*,*,#123020,.F.);
#127570=EDGE_LOOP('',(#127560,#127550,#127480,#127470,#127410,#127330));
#127580=FACE_OUTER_BOUND('',#127570,.T.);
#127590=ADVANCED_FACE('',(#127580),#127320,.T.);
#127600=COLOUR_RGB('',0.823529481887817,0.823529481887817,
0.784313797950745);
#127610=FILL_AREA_STYLE_COLOUR('',#127600);
#127620=FILL_AREA_STYLE('',(#127610));
#127630=SURFACE_STYLE_FILL_AREA(#127620);
#127640=SURFACE_SIDE_STYLE('',(#127630));
#127650=SURFACE_STYLE_USAGE(.BOTH.,#127640);
#127660=PRESENTATION_STYLE_ASSIGNMENT((#127650));
#127670=ORIENTED_EDGE('',*,*,#111310,.T.);
#127680=ORIENTED_EDGE('',*,*,#122320,.F.);
#127690=EDGE_CURVE('',#111300,#122250,#119650,.T.);
#127700=ORIENTED_EDGE('',*,*,#127690,.T.);
#127710=EDGE_LOOP('',(#127700,#127680,#127670));
#127720=FACE_OUTER_BOUND('',#127710,.T.);
#127730=ADVANCED_FACE('',(#127720),#119610,.F.);
#127740=COLOUR_RGB('',0.823529481887817,0.823529481887817,
0.784313797950745);
#127750=FILL_AREA_STYLE_COLOUR('',#127740);
#127760=FILL_AREA_STYLE('',(#127750));
#127770=SURFACE_STYLE_FILL_AREA(#127760);
#127780=SURFACE_SIDE_STYLE('',(#127770));
#127790=SURFACE_STYLE_USAGE(.BOTH.,#127780);
#127800=PRESENTATION_STYLE_ASSIGNMENT((#127790));
#127810=CARTESIAN_POINT('',(-1.588795,-14.721698,6.3));
#127820=DIRECTION('',(0.196116135138183,-0.,0.98058067569092));
#127830=DIRECTION('',(0.98058067569092,0.,-0.196116135138183));
#127840=AXIS2_PLACEMENT_3D('',#127810,#127820,#127830);
#127850=PLANE('',#127840);
#127860=CARTESIAN_POINT('',(-1.838795,-14.421698,6.35));
#127870=DIRECTION('',(0.196116135138183,0.,0.98058067569092));
#127880=DIRECTION('',(0.98058067569092,0.,-0.196116135138183));
#127890=AXIS2_PLACEMENT_3D('',#127860,#127870,#127880);
#127900=ELLIPSE('',#127890,0.50990195135928,0.1);
#127910=EDGE_CURVE('',#115120,#117280,#127900,.T.);
#127920=ORIENTED_EDGE('',*,*,#127910,.F.);
#127930=ORIENTED_EDGE('',*,*,#117290,.T.);
#127940=CARTESIAN_POINT('',(-1.838795,-14.721698,6.35));
#127950=DIRECTION('',(0.,1.,0.));
#127960=VECTOR('',#127950,1.);
#127970=LINE('',#127940,#127960);
#127980=CARTESIAN_POINT('',(-1.838795,-15.021698,6.35));
#127990=VERTEX_POINT('',#127980);
#128000=EDGE_CURVE('',#127990,#117200,#127970,.T.);
#128010=ORIENTED_EDGE('',*,*,#128000,.T.);
#128020=CARTESIAN_POINT('',(3.711205,-16.131698,5.24));
#128030=DIRECTION('',(-0.962250448649376,0.192450089729875,
0.192450089729875));
#128040=VECTOR('',#128030,1.);
#128050=LINE('',#128020,#128040);
#128060=EDGE_CURVE('',#125470,#127990,#128050,.T.);
#128070=ORIENTED_EDGE('',*,*,#128060,.T.);
#128080=ORIENTED_EDGE('',*,*,#125480,.F.);
#128090=ORIENTED_EDGE('',*,*,#115210,.F.);
#128100=EDGE_LOOP('',(#128090,#128080,#128070,#128010,#127930,#127920));
#128110=FACE_OUTER_BOUND('',#128100,.T.);
#128120=ADVANCED_FACE('',(#128110),#127850,.F.);
#128130=COLOUR_RGB('',0.823529481887817,0.823529481887817,
0.784313797950745);
#128140=FILL_AREA_STYLE_COLOUR('',#128130);
#128150=FILL_AREA_STYLE('',(#128140));
#128160=SURFACE_STYLE_FILL_AREA(#128150);
#128170=SURFACE_SIDE_STYLE('',(#128160));
#128180=SURFACE_STYLE_USAGE(.BOTH.,#128170);
#128190=PRESENTATION_STYLE_ASSIGNMENT((#128180));
#128200=CARTESIAN_POINT('',(8.456205,-14.421698,6.35));
#128210=DIRECTION('',(1.,0.,0.));
#128220=DIRECTION('',(0.,1.,0.));
#128230=AXIS2_PLACEMENT_3D('',#128200,#128210,#128220);
#128240=CYLINDRICAL_SURFACE('',#128230,0.1);
#128250=ORIENTED_EDGE('',*,*,#117380,.F.);
#128260=ORIENTED_EDGE('',*,*,#127910,.T.);
#128270=ORIENTED_EDGE('',*,*,#115130,.F.);
#128280=CARTESIAN_POINT('',(1.261205,-14.421698,6.35));
#128290=DIRECTION('',(1.,0.,0.));
#128300=DIRECTION('',(0.,1.,0.));
#128310=AXIS2_PLACEMENT_3D('',#128280,#128290,#128300);
#128320=CIRCLE('',#128310,0.1);
#128330=EDGE_CURVE('',#115040,#124990,#128320,.T.);
#128340=ORIENTED_EDGE('',*,*,#128330,.F.);
#128350=ORIENTED_EDGE('',*,*,#125000,.F.);
#128360=EDGE_LOOP('',(#128350,#128340,#128270,#128260,#128250));
#128370=FACE_OUTER_BOUND('',#128360,.T.);
#128380=ADVANCED_FACE('',(#128370),#128240,.T.);
#128390=COLOUR_RGB('',0.823529481887817,0.823529481887817,
0.784313797950745);
#128400=FILL_AREA_STYLE_COLOUR('',#128390);
#128410=FILL_AREA_STYLE('',(#128400));
#128420=SURFACE_STYLE_FILL_AREA(#128410);
#128430=SURFACE_SIDE_STYLE('',(#128420));
#128440=SURFACE_STYLE_USAGE(.BOTH.,#128430);
#128450=PRESENTATION_STYLE_ASSIGNMENT((#128440));
#128460=CARTESIAN_POINT('',(4.461205,-16.121698,6.25));
#128470=DIRECTION('',(1.,0.,-0.));
#128480=DIRECTION('',(0.,0.,1.));
#128490=AXIS2_PLACEMENT_3D('',#128460,#128470,#128480);
#128500=PLANE('',#128490);
#128510=ORIENTED_EDGE('',*,*,#116450,.T.);
#128520=ORIENTED_EDGE('',*,*,#119660,.F.);
#128530=ORIENTED_EDGE('',*,*,#119370,.F.);
#128540=ORIENTED_EDGE('',*,*,#123660,.F.);
#128550=ORIENTED_EDGE('',*,*,#111390,.F.);
#128560=ORIENTED_EDGE('',*,*,#127690,.F.);
#128570=ORIENTED_EDGE('',*,*,#122260,.F.);
#128580=ORIENTED_EDGE('',*,*,#113770,.F.);
#128590=EDGE_LOOP('',(#128580,#128570,#128560,#128550,#128540,#128530,
#128520,#128510));
#128600=FACE_OUTER_BOUND('',#128590,.T.);
#128610=ADVANCED_FACE('',(#128600),#128500,.T.);
#128620=COLOUR_RGB('',0.823529481887817,0.823529481887817,
0.784313797950745);
#128630=FILL_AREA_STYLE_COLOUR('',#128620);
#128640=FILL_AREA_STYLE('',(#128630));
#128650=SURFACE_STYLE_FILL_AREA(#128640);
#128660=SURFACE_SIDE_STYLE('',(#128650));
#128670=SURFACE_STYLE_USAGE(.BOTH.,#128660);
#128680=PRESENTATION_STYLE_ASSIGNMENT((#128670));
#128690=CARTESIAN_POINT('',(4.661205,-16.421698,6.35));
#128700=DIRECTION('',(0.,0.,1.));
#128710=DIRECTION('',(0.,1.,0.));
#128720=AXIS2_PLACEMENT_3D('',#128690,#128700,#128710);
#128730=TOROIDAL_SURFACE('',#128720,0.300000000000001,0.1);
#128740=ORIENTED_EDGE('',*,*,#119290,.T.);
#128750=ORIENTED_EDGE('',*,*,#116230,.F.);
#128760=ORIENTED_EDGE('',*,*,#110990,.F.);
#128770=ORIENTED_EDGE('',*,*,#123730,.T.);
#128780=EDGE_LOOP('',(#128770,#128760,#128750,#128740));
#128790=FACE_OUTER_BOUND('',#128780,.T.);
#128800=ADVANCED_FACE('',(#128790),#128730,.T.);
#128810=COLOUR_RGB('',0.823529481887817,0.823529481887817,
0.784313797950745);
#128820=FILL_AREA_STYLE_COLOUR('',#128810);
#128830=FILL_AREA_STYLE('',(#128820));
#128840=SURFACE_STYLE_FILL_AREA(#128830);
#128850=SURFACE_SIDE_STYLE('',(#128840));
#128860=SURFACE_STYLE_USAGE(.BOTH.,#128850);
#128870=PRESENTATION_STYLE_ASSIGNMENT((#128860));
#128880=CARTESIAN_POINT('',(-1.838795,-14.421698,6.95));
#128890=DIRECTION('',(-1.,0.,0.));
#128900=DIRECTION('',(0.,1.,0.));
#128910=AXIS2_PLACEMENT_3D('',#128880,#128890,#128900);
#128920=PLANE('',#128910);
#128930=ORIENTED_EDGE('',*,*,#128000,.F.);
#128940=ORIENTED_EDGE('',*,*,#117210,.T.);
#128950=ORIENTED_EDGE('',*,*,#127460,.F.);
#128960=CARTESIAN_POINT('',(-1.838795,-15.021698,5.73123352431636));
#128970=DIRECTION('',(0.,0.,1.));
#128980=VECTOR('',#128970,1.);
#128990=LINE('',#128960,#128980);
#129000=EDGE_CURVE('',#127990,#127390,#128990,.T.);
#129010=ORIENTED_EDGE('',*,*,#129000,.T.);
#129020=EDGE_LOOP('',(#129010,#128950,#128940,#128930));
#129030=FACE_OUTER_BOUND('',#129020,.T.);
#129040=ADVANCED_FACE('',(#129030),#128920,.T.);
#129050=COLOUR_RGB('',0.823529481887817,0.823529481887817,
0.784313797950745);
#129060=FILL_AREA_STYLE_COLOUR('',#129050);
#129070=FILL_AREA_STYLE('',(#129060));
#129080=SURFACE_STYLE_FILL_AREA(#129070);
#129090=SURFACE_SIDE_STYLE('',(#129080));
#129100=SURFACE_STYLE_USAGE(.BOTH.,#129090);
#129110=PRESENTATION_STYLE_ASSIGNMENT((#129100));
#129120=CARTESIAN_POINT('',(8.456205,-14.421698,6.75));
#129130=DIRECTION('',(-1.,0.,0.));
#129140=DIRECTION('',(0.,-1.,0.));
#129150=AXIS2_PLACEMENT_3D('',#129120,#129130,#129140);
#129160=CYLINDRICAL_SURFACE('',#129150,0.1);
#129170=ORIENTED_EDGE('',*,*,#123100,.F.);
#129180=ORIENTED_EDGE('',*,*,#127540,.F.);
#129190=ORIENTED_EDGE('',*,*,#117050,.F.);
#129200=ORIENTED_EDGE('',*,*,#124910,.F.);
#129210=CARTESIAN_POINT('',(1.261205,-14.421698,6.75));
#129220=DIRECTION('',(-1.,0.,0.));
#129230=DIRECTION('',(0.,-1.,0.));
#129240=AXIS2_PLACEMENT_3D('',#129210,#129220,#129230);
#129250=CIRCLE('',#129240,0.1);
#129260=EDGE_CURVE('',#123090,#124840,#129250,.T.);
#129270=ORIENTED_EDGE('',*,*,#129260,.T.);
#129280=EDGE_LOOP('',(#129270,#129200,#129190,#129180,#129170));
#129290=FACE_OUTER_BOUND('',#129280,.T.);
#129300=ADVANCED_FACE('',(#129290),#129160,.T.);
#129310=COLOUR_RGB('',0.823529481887817,0.823529481887817,
0.784313797950745);
#129320=FILL_AREA_STYLE_COLOUR('',#129310);
#129330=FILL_AREA_STYLE('',(#129320));
#129340=SURFACE_STYLE_FILL_AREA(#129330);
#129350=SURFACE_SIDE_STYLE('',(#129340));
#129360=SURFACE_STYLE_USAGE(.BOTH.,#129350);
#129370=PRESENTATION_STYLE_ASSIGNMENT((#129360));
#129380=ORIENTED_EDGE('',*,*,#124850,.T.);
#129390=ORIENTED_EDGE('',*,*,#123140,.F.);
#129400=ORIENTED_EDGE('',*,*,#129260,.F.);
#129410=EDGE_LOOP('',(#129400,#129390,#129380));
#129420=FACE_OUTER_BOUND('',#129410,.T.);
#129430=ADVANCED_FACE('',(#129420),#125790,.T.);
#129440=COLOUR_RGB('',0.823529481887817,0.823529481887817,
0.784313797950745);
#129450=FILL_AREA_STYLE_COLOUR('',#129440);
#129460=FILL_AREA_STYLE('',(#129450));
#129470=SURFACE_STYLE_FILL_AREA(#129460);
#129480=SURFACE_SIDE_STYLE('',(#129470));
#129490=SURFACE_STYLE_USAGE(.BOTH.,#129480);
#129500=PRESENTATION_STYLE_ASSIGNMENT((#129490));
#129510=CARTESIAN_POINT('',(4.361205,-16.721698,5.73123352431636));
#129520=DIRECTION('',(0.,0.,-1.));
#129530=DIRECTION('',(0.,-1.,0.));
#129540=AXIS2_PLACEMENT_3D('',#129510,#129520,#129530);
#129550=CYLINDRICAL_SURFACE('',#129540,0.5);
#129560=ORIENTED_EDGE('',*,*,#120040,.T.);
#129570=ORIENTED_EDGE('',*,*,#117770,.T.);
#129580=ORIENTED_EDGE('',*,*,#114180,.F.);
#129590=ORIENTED_EDGE('',*,*,#120500,.F.);
#129600=EDGE_LOOP('',(#129590,#129580,#129570,#129560));
#129610=FACE_OUTER_BOUND('',#129600,.T.);
#129620=ADVANCED_FACE('',(#129610),#129550,.T.);
#129630=COLOUR_RGB('',0.823529481887817,0.823529481887817,
0.784313797950745);
#129640=FILL_AREA_STYLE_COLOUR('',#129630);
#129650=FILL_AREA_STYLE('',(#129640));
#129660=SURFACE_STYLE_FILL_AREA(#129650);
#129670=SURFACE_SIDE_STYLE('',(#129660));
#129680=SURFACE_STYLE_USAGE(.BOTH.,#129670);
#129690=PRESENTATION_STYLE_ASSIGNMENT((#129680));
#129700=CARTESIAN_POINT('',(1.961205,-13.921698,6.85));
#129710=DIRECTION('',(-1.,0.,0.));
#129720=DIRECTION('',(0.,1.,0.));
#129730=AXIS2_PLACEMENT_3D('',#129700,#129710,#129720);
#129740=PLANE('',#129730);
#129750=ORIENTED_EDGE('',*,*,#114800,.T.);
#129760=ORIENTED_EDGE('',*,*,#121180,.T.);
#129770=ORIENTED_EDGE('',*,*,#123370,.F.);
#129780=ORIENTED_EDGE('',*,*,#124610,.F.);
#129790=EDGE_LOOP('',(#129780,#129770,#129760,#129750));
#129800=FACE_OUTER_BOUND('',#129790,.T.);
#129810=ADVANCED_FACE('',(#129800),#129740,.T.);
#129820=COLOUR_RGB('',0.823529481887817,0.823529481887817,
0.784313797950745);
#129830=FILL_AREA_STYLE_COLOUR('',#129820);
#129840=FILL_AREA_STYLE('',(#129830));
#129850=SURFACE_STYLE_FILL_AREA(#129840);
#129860=SURFACE_SIDE_STYLE('',(#129850));
#129870=SURFACE_STYLE_USAGE(.BOTH.,#129860);
#129880=PRESENTATION_STYLE_ASSIGNMENT((#129870));
#129890=CARTESIAN_POINT('',(3.711205,-17.121698,6.35));
#129900=DIRECTION('',(-1.,0.,0.));
#129910=DIRECTION('',(0.,-1.,0.));
#129920=AXIS2_PLACEMENT_3D('',#129890,#129900,#129910);
#129930=CYLINDRICAL_SURFACE('',#129920,0.1);
#129940=ORIENTED_EDGE('',*,*,#120350,.F.);
#129950=ORIENTED_EDGE('',*,*,#114100,.T.);
#129960=ORIENTED_EDGE('',*,*,#118150,.T.);
#129970=ORIENTED_EDGE('',*,*,#116690,.F.);
#129980=ORIENTED_EDGE('',*,*,#116070,.F.);
#129990=EDGE_LOOP('',(#129980,#129970,#129960,#129950,#129940));
#130000=FACE_OUTER_BOUND('',#129990,.T.);
#130010=ADVANCED_FACE('',(#130000),#129930,.T.);
#130020=COLOUR_RGB('',0.823529481887817,0.823529481887817,
0.784313797950745);
#130030=FILL_AREA_STYLE_COLOUR('',#130020);
#130040=FILL_AREA_STYLE('',(#130030));
#130050=SURFACE_STYLE_FILL_AREA(#130040);
#130060=SURFACE_SIDE_STYLE('',(#130050));
#130070=SURFACE_STYLE_USAGE(.BOTH.,#130060);
#130080=PRESENTATION_STYLE_ASSIGNMENT((#130070));
#130090=CARTESIAN_POINT('',(-1.588795,-15.071698,6.55));
#130100=DIRECTION('',(-0.196116135138184,-0.98058067569092,0.));
#130110=DIRECTION('',(0.98058067569092,-0.196116135138184,0.));
#130120=AXIS2_PLACEMENT_3D('',#130090,#130100,#130110);
#130130=PLANE('',#130120);
#130140=ORIENTED_EDGE('',*,*,#125550,.T.);
#130150=ORIENTED_EDGE('',*,*,#128060,.F.);
#130160=ORIENTED_EDGE('',*,*,#129000,.F.);
#130170=ORIENTED_EDGE('',*,*,#127400,.T.);
#130180=ORIENTED_EDGE('',*,*,#126880,.T.);
#130190=ORIENTED_EDGE('',*,*,#124080,.T.);
#130200=EDGE_LOOP('',(#130190,#130180,#130170,#130160,#130150,#130140));
#130210=FACE_OUTER_BOUND('',#130200,.T.);
#130220=ADVANCED_FACE('',(#130210),#130130,.T.);
#130230=COLOUR_RGB('',0.823529481887817,0.823529481887817,
0.784313797950745);
#130240=FILL_AREA_STYLE_COLOUR('',#130230);
#130250=FILL_AREA_STYLE('',(#130240));
#130260=SURFACE_STYLE_FILL_AREA(#130250);
#130270=SURFACE_SIDE_STYLE('',(#130260));
#130280=SURFACE_STYLE_USAGE(.BOTH.,#130270);
#130290=PRESENTATION_STYLE_ASSIGNMENT((#130280));
#130300=ORIENTED_EDGE('',*,*,#115050,.F.);
#130310=ORIENTED_EDGE('',*,*,#125020,.T.);
#130320=ORIENTED_EDGE('',*,*,#128330,.T.);
#130330=EDGE_LOOP('',(#130320,#130310,#130300));
#130340=FACE_OUTER_BOUND('',#130330,.T.);
#130350=ADVANCED_FACE('',(#130340),#125790,.T.);
#130360=COLOUR_RGB('',0.823529481887817,0.823529481887817,
0.784313797950745);
#130370=FILL_AREA_STYLE_COLOUR('',#130360);
#130380=FILL_AREA_STYLE('',(#130370));
#130390=SURFACE_STYLE_FILL_AREA(#130380);
#130400=SURFACE_SIDE_STYLE('',(#130390));
#130410=SURFACE_STYLE_USAGE(.BOTH.,#130400);
#130420=PRESENTATION_STYLE_ASSIGNMENT((#130410));
#130430=CARTESIAN_POINT('',(3.961205,-14.421698,6.85));
#130440=DIRECTION('',(1.,0.,0.));
#130450=DIRECTION('',(0.,-1.,0.));
#130460=AXIS2_PLACEMENT_3D('',#130430,#130440,#130450);
#130470=PLANE('',#130460);
#130480=ORIENTED_EDGE('',*,*,#120740,.F.);
#130490=ORIENTED_EDGE('',*,*,#114550,.T.);
#130500=ORIENTED_EDGE('',*,*,#110010,.T.);
#130510=ORIENTED_EDGE('',*,*,#123450,.F.);
#130520=EDGE_LOOP('',(#130510,#130500,#130490,#130480));
#130530=FACE_OUTER_BOUND('',#130520,.T.);
#130540=ADVANCED_FACE('',(#130530),#130470,.T.);
#130550=COLOUR_RGB('',0.823529481887817,0.823529481887817,
0.784313797950745);
#130560=FILL_AREA_STYLE_COLOUR('',#130550);
#130570=FILL_AREA_STYLE('',(#130560));
#130580=SURFACE_STYLE_FILL_AREA(#130570);
#130590=SURFACE_SIDE_STYLE('',(#130580));
#130600=SURFACE_STYLE_USAGE(.BOTH.,#130590);
#130610=PRESENTATION_STYLE_ASSIGNMENT((#130600));
#130620=CLOSED_SHELL('',(#109710,#110200,#110600,#111090,#111580,#112060
,#112620,#113010,#113320,#113810,#114280,#116490,#116830,#117480,#117970
,#118300,#118690,#119090,#119490,#119720,#120170,#120540,#120930,#121240
,#121490,#121730,#122040,#123490,#123790,#124360,#124650,#125080,#125270
,#125670,#125850,#126090,#126290,#126480,#126670,#127010,#127200,#127590
,#127730,#128120,#128380,#128610,#128800,#129040,#129300,#129430,#129620
,#129810,#130010,#130220,#130350,#130540));
#130630=MANIFOLD_SOLID_BREP('',#130620);
#130640=APPLICATION_CONTEXT(' ');
#130650=APPLICATION_PROTOCOL_DEFINITION(' ','automotive_design',1998,
#130640);
#130660=PRODUCT_CONTEXT('',#130640,'mechanical');
#130670=PRODUCT_DEFINITION_CONTEXT('part definition',#130640,'design');
#130680=PRODUCT('LP_PTSM_0_5_2_5_G_SMD_METALL_H_0_00',
'LP_PTSM_0_5_2_5_G_SMD_METALL_H_0_00','',(#130660));
#130690=PRODUCT_RELATED_PRODUCT_CATEGORY('part',' ',(#130680));
#130700=PRODUCT_DEFINITION_FORMATION_WITH_SPECIFIED_SOURCE('','',#130680
,.BOUGHT.);
#130710=PRODUCT_DEFINITION('',' ',#130700,#130670);
#130720=PRODUCT_DEFINITION_SHAPE('','',#130710);
#130730=DIMENSIONAL_EXPONENTS(1.,0.,0.,0.,0.,0.,0.);
#130740=DIMENSIONAL_EXPONENTS(0.,0.,0.,0.,0.,0.,0.);
#130750=DIMENSIONAL_EXPONENTS(0.,0.,0.,0.,0.,0.,0.);
#130760=(LENGTH_UNIT() NAMED_UNIT(*) SI_UNIT(.MILLI.,.METRE.));
#130770=(NAMED_UNIT(*) PLANE_ANGLE_UNIT() SI_UNIT($,.RADIAN.));
#130780=(NAMED_UNIT(*) SI_UNIT($,.STERADIAN.) SOLID_ANGLE_UNIT());
#130790=(GEOMETRIC_REPRESENTATION_CONTEXT(3) 
GLOBAL_UNCERTAINTY_ASSIGNED_CONTEXT((#130800)) 
GLOBAL_UNIT_ASSIGNED_CONTEXT((#130760,#130770,#130780)) 
REPRESENTATION_CONTEXT('',''));
#130800=UNCERTAINTY_MEASURE_WITH_UNIT(LENGTH_MEASURE(1.E-6),#130760,
'distance_accuracy_value','maximum gap value');
#130810=ADVANCED_BREP_SHAPE_REPRESENTATION('',(#92160,#130630),#130790);
#130820=SHAPE_DEFINITION_REPRESENTATION(#130720,#130810);
#130830=COLOUR_RGB('',0.313725501298904,0.313725501298904,
0.313725501298904);
#130840=FILL_AREA_STYLE_COLOUR('',#130830);
#130850=FILL_AREA_STYLE('',(#130840));
#130860=SURFACE_STYLE_FILL_AREA(#130850);
#130870=SURFACE_SIDE_STYLE('',(#130860));
#130880=SURFACE_STYLE_USAGE(.BOTH.,#130870);
#130890=PRESENTATION_STYLE_ASSIGNMENT((#130880));
#130900=STYLED_ITEM('',(#130890),#130630);
#130910=OVER_RIDING_STYLED_ITEM('',(#109780),#109710,#130900);
#130920=OVER_RIDING_STYLED_ITEM('',(#110270),#110200,#130900);
#130930=OVER_RIDING_STYLED_ITEM('',(#110670),#110600,#130900);
#130940=OVER_RIDING_STYLED_ITEM('',(#111160),#111090,#130900);
#130950=OVER_RIDING_STYLED_ITEM('',(#111650),#111580,#130900);
#130960=OVER_RIDING_STYLED_ITEM('',(#112130),#112060,#130900);
#130970=OVER_RIDING_STYLED_ITEM('',(#112690),#112620,#130900);
#130980=OVER_RIDING_STYLED_ITEM('',(#113080),#113010,#130900);
#130990=OVER_RIDING_STYLED_ITEM('',(#113390),#113320,#130900);
#131000=OVER_RIDING_STYLED_ITEM('',(#113880),#113810,#130900);
#131010=OVER_RIDING_STYLED_ITEM('',(#114350),#114280,#130900);
#131020=OVER_RIDING_STYLED_ITEM('',(#116560),#116490,#130900);
#131030=OVER_RIDING_STYLED_ITEM('',(#116900),#116830,#130900);
#131040=OVER_RIDING_STYLED_ITEM('',(#117550),#117480,#130900);
#131050=OVER_RIDING_STYLED_ITEM('',(#118040),#117970,#130900);
#131060=OVER_RIDING_STYLED_ITEM('',(#118370),#118300,#130900);
#131070=OVER_RIDING_STYLED_ITEM('',(#118760),#118690,#130900);
#131080=OVER_RIDING_STYLED_ITEM('',(#119160),#119090,#130900);
#131090=OVER_RIDING_STYLED_ITEM('',(#119560),#119490,#130900);
#131100=OVER_RIDING_STYLED_ITEM('',(#119790),#119720,#130900);
#131110=OVER_RIDING_STYLED_ITEM('',(#120240),#120170,#130900);
#131120=OVER_RIDING_STYLED_ITEM('',(#120610),#120540,#130900);
#131130=OVER_RIDING_STYLED_ITEM('',(#121000),#120930,#130900);
#131140=OVER_RIDING_STYLED_ITEM('',(#121310),#121240,#130900);
#131150=OVER_RIDING_STYLED_ITEM('',(#121560),#121490,#130900);
#131160=OVER_RIDING_STYLED_ITEM('',(#121800),#121730,#130900);
#131170=OVER_RIDING_STYLED_ITEM('',(#122110),#122040,#130900);
#131180=OVER_RIDING_STYLED_ITEM('',(#123560),#123490,#130900);
#131190=OVER_RIDING_STYLED_ITEM('',(#123860),#123790,#130900);
#131200=OVER_RIDING_STYLED_ITEM('',(#124430),#124360,#130900);
#131210=OVER_RIDING_STYLED_ITEM('',(#124720),#124650,#130900);
#131220=OVER_RIDING_STYLED_ITEM('',(#125150),#125080,#130900);
#131230=OVER_RIDING_STYLED_ITEM('',(#125340),#125270,#130900);
#131240=OVER_RIDING_STYLED_ITEM('',(#125740),#125670,#130900);
#131250=OVER_RIDING_STYLED_ITEM('',(#125920),#125850,#130900);
#131260=OVER_RIDING_STYLED_ITEM('',(#126160),#126090,#130900);
#131270=OVER_RIDING_STYLED_ITEM('',(#126360),#126290,#130900);
#131280=OVER_RIDING_STYLED_ITEM('',(#126550),#126480,#130900);
#131290=OVER_RIDING_STYLED_ITEM('',(#126740),#126670,#130900);
#131300=OVER_RIDING_STYLED_ITEM('',(#127080),#127010,#130900);
#131310=OVER_RIDING_STYLED_ITEM('',(#127270),#127200,#130900);
#131320=OVER_RIDING_STYLED_ITEM('',(#127660),#127590,#130900);
#131330=OVER_RIDING_STYLED_ITEM('',(#127800),#127730,#130900);
#131340=OVER_RIDING_STYLED_ITEM('',(#128190),#128120,#130900);
#131350=OVER_RIDING_STYLED_ITEM('',(#128450),#128380,#130900);
#131360=OVER_RIDING_STYLED_ITEM('',(#128680),#128610,#130900);
#131370=OVER_RIDING_STYLED_ITEM('',(#128870),#128800,#130900);
#131380=OVER_RIDING_STYLED_ITEM('',(#129110),#129040,#130900);
#131390=OVER_RIDING_STYLED_ITEM('',(#129370),#129300,#130900);
#131400=OVER_RIDING_STYLED_ITEM('',(#129500),#129430,#130900);
#131410=OVER_RIDING_STYLED_ITEM('',(#129690),#129620,#130900);
#131420=OVER_RIDING_STYLED_ITEM('',(#129880),#129810,#130900);
#131430=OVER_RIDING_STYLED_ITEM('',(#130080),#130010,#130900);
#131440=OVER_RIDING_STYLED_ITEM('',(#130290),#130220,#130900);
#131450=OVER_RIDING_STYLED_ITEM('',(#130420),#130350,#130900);
#131460=OVER_RIDING_STYLED_ITEM('',(#130610),#130540,#130900);
#131470=DRAUGHTING_MODEL('',(#130900,#130910,#130920,#130930,#130940,
#130950,#130960,#130970,#130980,#130990,#131000,#131010,#131020,#131030,
#131040,#131050,#131060,#131070,#131080,#131090,#131100,#131110,#131120,
#131130,#131140,#131150,#131160,#131170,#131180,#131190,#131200,#131210,
#131220,#131230,#131240,#131250,#131260,#131270,#131280,#131290,#131300,
#131310,#131320,#131330,#131340,#131350,#131360,#131370,#131380,#131390,
#131400,#131410,#131420,#131430,#131440,#131450,#131460),#130790);
#131480=CARTESIAN_POINT('',(-5.32907051820075E-15,3.038795,17.221698));
#131490=DIRECTION('',(1.,0.,0.));
#131500=DIRECTION('',(0.,1.,0.));
#131510=AXIS2_PLACEMENT_3D('',#131480,#131490,#131500);
#131520=ITEM_DEFINED_TRANSFORMATION(
'LP_PTSM_0_5_2_5_G_SMD_METALL_H_0_00.2','',#92160,#131510);
#131530=CARTESIAN_POINT('',(-2.50000000000001,3.038795,17.221698));
#131540=DIRECTION('',(1.,0.,0.));
#131550=DIRECTION('',(0.,1.,0.));
#131560=AXIS2_PLACEMENT_3D('',#131530,#131540,#131550);
#131570=ITEM_DEFINED_TRANSFORMATION(
'LP_PTSM_0_5_2_5_G_SMD_METALL_H_0_00','',#92160,#131560);
#131580=CARTESIAN_POINT('',(14.45,2.84999999999998,2.8));
#131590=DIRECTION('',(-1.,0.,0.));
#131600=DIRECTION('',(0.,0.,1.));
#131610=AXIS2_PLACEMENT_3D('',#131580,#131590,#131600);
#131620=ITEM_DEFINED_TRANSFORMATION('LR_0_5_2_5_SMD_ANKER','',#92160,
#131610);
#131630=CARTESIAN_POINT('',(2.49999999999999,3.038795,17.221698));
#131640=DIRECTION('',(1.,0.,0.));
#131650=DIRECTION('',(0.,1.,0.));
#131660=AXIS2_PLACEMENT_3D('',#131630,#131640,#131650);
#131670=ITEM_DEFINED_TRANSFORMATION(
'LP_PTSM_0_5_2_5_G_SMD_METALL_H_0_00.3','',#92160,#131660);
#131680=APPLICATION_CONTEXT(' ');
#131690=APPLICATION_PROTOCOL_DEFINITION(' ','automotive_design',1998,
#131680);
#131700=PRODUCT_CONTEXT('',#131680,'mechanical');
#131710=PRODUCT_DEFINITION_CONTEXT('part definition',#131680,'design');
#131720=PRODUCT('PTSM_0.5_3-HH0-2.5-SMD_R32',
'PTSM_0.5_3-HH0-2.5-SMD_R32','',(#131700));
#131730=PRODUCT_RELATED_PRODUCT_CATEGORY('part',' ',(#131720));
#131740=PRODUCT_DEFINITION_FORMATION_WITH_SPECIFIED_SOURCE('','',#131720
,.BOUGHT.);
#131750=PRODUCT_DEFINITION('',' ',#131740,#131710);
#131760=PRODUCT_DEFINITION_SHAPE('','',#131750);
#131770=DIMENSIONAL_EXPONENTS(1.,0.,0.,0.,0.,0.,0.);
#131780=DIMENSIONAL_EXPONENTS(0.,0.,0.,0.,0.,0.,0.);
#131790=DIMENSIONAL_EXPONENTS(0.,0.,0.,0.,0.,0.,0.);
#131800=(LENGTH_UNIT() NAMED_UNIT(*) SI_UNIT(.MILLI.,.METRE.));
#131810=(NAMED_UNIT(*) PLANE_ANGLE_UNIT() SI_UNIT($,.RADIAN.));
#131820=(NAMED_UNIT(*) SI_UNIT($,.STERADIAN.) SOLID_ANGLE_UNIT());
#131830=(GEOMETRIC_REPRESENTATION_CONTEXT(3) 
GLOBAL_UNCERTAINTY_ASSIGNED_CONTEXT((#131840)) 
GLOBAL_UNIT_ASSIGNED_CONTEXT((#131800,#131810,#131820)) 
REPRESENTATION_CONTEXT('',''));
#131840=UNCERTAINTY_MEASURE_WITH_UNIT(LENGTH_MEASURE(1.E-6),#131800,
'distance_accuracy_value','maximum gap value');
#131850=SHAPE_REPRESENTATION('',(#92160,#131660,#131610,#131560,#131510,
#109300,#94760),#131830);
#131860=SHAPE_DEFINITION_REPRESENTATION(#131760,#131850);
#131870=(REPRESENTATION_RELATIONSHIP('','',#130810,#131850) 
REPRESENTATION_RELATIONSHIP_WITH_TRANSFORMATION(#131670) 
SHAPE_REPRESENTATION_RELATIONSHIP());
#131880=NEXT_ASSEMBLY_USAGE_OCCURRENCE('1','',
'LP_PTSM_0_5_2_5_G_SMD_METALL_H_0_00.3',#131750,#130710,'');
#131890=PRODUCT_DEFINITION_SHAPE('','',#131880);
#131900=CONTEXT_DEPENDENT_SHAPE_REPRESENTATION(#131870,#131890);
#131910=(REPRESENTATION_RELATIONSHIP('','',#108790,#131850) 
REPRESENTATION_RELATIONSHIP_WITH_TRANSFORMATION(#131620) 
SHAPE_REPRESENTATION_RELATIONSHIP());
#131920=NEXT_ASSEMBLY_USAGE_OCCURRENCE('2','','LR_0_5_2_5_SMD_ANKER',
#131750,#108690,'');
#131930=PRODUCT_DEFINITION_SHAPE('','',#131920);
#131940=CONTEXT_DEPENDENT_SHAPE_REPRESENTATION(#131910,#131930);
#131950=(REPRESENTATION_RELATIONSHIP('','',#130810,#131850) 
REPRESENTATION_RELATIONSHIP_WITH_TRANSFORMATION(#131570) 
SHAPE_REPRESENTATION_RELATIONSHIP());
#131960=NEXT_ASSEMBLY_USAGE_OCCURRENCE('3','',
'LP_PTSM_0_5_2_5_G_SMD_METALL_H_0_00',#131750,#130710,'');
#131970=PRODUCT_DEFINITION_SHAPE('','',#131960);
#131980=CONTEXT_DEPENDENT_SHAPE_REPRESENTATION(#131950,#131970);
#131990=(REPRESENTATION_RELATIONSHIP('','',#130810,#131850) 
REPRESENTATION_RELATIONSHIP_WITH_TRANSFORMATION(#131520) 
SHAPE_REPRESENTATION_RELATIONSHIP());
#132000=NEXT_ASSEMBLY_USAGE_OCCURRENCE('4','',
'LP_PTSM_0_5_2_5_G_SMD_METALL_H_0_00.2',#131750,#130710,'');
#132010=PRODUCT_DEFINITION_SHAPE('','',#132000);
#132020=CONTEXT_DEPENDENT_SHAPE_REPRESENTATION(#131990,#132010);
#132030=(REPRESENTATION_RELATIONSHIP('','',#108790,#131850) 
REPRESENTATION_RELATIONSHIP_WITH_TRANSFORMATION(#109310) 
SHAPE_REPRESENTATION_RELATIONSHIP());
#132040=NEXT_ASSEMBLY_USAGE_OCCURRENCE('5','','LR_0_5_2_5_SMD_ANKER.2',
#131750,#108690,'');
#132050=PRODUCT_DEFINITION_SHAPE('','',#132040);
#132060=CONTEXT_DEPENDENT_SHAPE_REPRESENTATION(#132030,#132050);
#132070=(REPRESENTATION_RELATIONSHIP('','',#92340,#131850) 
REPRESENTATION_RELATIONSHIP_WITH_TRANSFORMATION(#94770) 
SHAPE_REPRESENTATION_RELATIONSHIP());
#132080=NEXT_ASSEMBLY_USAGE_OCCURRENCE('6','','AT_PTSM_0_5_2_5_HH_SMD',
#131750,#92240,'');
#132090=PRODUCT_DEFINITION_SHAPE('','',#132080);
#132100=CONTEXT_DEPENDENT_SHAPE_REPRESENTATION(#132070,#132090);
ENDSEC;
END-ISO-10303-21;
